:1000000000B60020B16A0000697801009D6A000016
:100010009D6A00009D6A00009D6A000000000000CB
:10002000000000000000000000000000A56B0000C0
:100030009D6A000000000000A16D00009D6A0000A4
:100040001D6E000049AA01001D6E00001D6E00001B
:100050001D6E00001D6E00001D6E00001D6E000074
:100060005FAA01001D6E00001D6E000075AA010050
:100070001D6E00001D6E00001D6E00001D6E000054
:100080001D6E00001D6E00001D6E00001D6E000044
:100090001D6E00001D6E00001D6E00001D6E000034
:1000A0001D6E00001D6E00001D6E00001D6E000024
:1000B0001D6E00001D6E00001D6E00001D6E000014
:1000C0001D6E00001D6E00001D6E00001D6E000004
:1000D0001D6E00001D6E00001D6E00001D6E0000F4
:1000E0001D6E00001D6E00001D6E00001D6E0000E4
:1000F0001D6E00001D6E00001D6E00001D6E0000D4
:10010000014B1B685B68184700000020014B1B680F
:100110009B68184700000020014B1B681B691847AB
:1001200000000020014B1B685B691847000000209D
:10013000014B1B689B69184700000020014B1B689E
:10014000DB69184700000020014B1B681B6A184739
:1001500000000020014B1B689B6A1847000000202C
:10016000014B1B68DB6A184700000020014B1B682D
:100170001B6B184700000020014B1B68DB6B184706
:100180000000002030B4044C9DF80850246802950B
:10019000E468A44630BC604700000020014B18789A
:1001A000704700BF6C0B0020FD2E0000032F0000E5
:1001B000052F00002B2F0000092F0000352F000015
:1001C0000F2F00003F2F0000152F00004B2F0000C5
:1001D000212F0000252F0000172F00001D2F0000E9
:1001E0003B2F0000452F0000042810B511D883B123
:1001F00004280CBF10242824A1420AD2064C54F82B
:10020000200018B141568A42A8BF0A461A70002041
:1002100010BD6FF01500FBE74009002030B5034624
:10022000114890F91C209A4219DD90F924209A4235
:1002300017DA9A1A846AA05C0C4A15569D420DD0B2
:100240000E32002918BF01309442C0B206D129B144
:10025000013BDBB2012B01D80130C0B230BD0D2013
:10026000FCE70020FAE700BF4009002040DA010067
:1002700008B5054B93F91C30984203DAFFF7CEFF1F
:10028000024B1B56184608BD4009002040DA010009
:1002900008B5184B93F82C20FAB9012283F82C20CA
:1002A000154A1268A2F10800082803D81349014131
:1002B000C90709D5911F092910D9013212D04FF46D
:1002C000DF71742002F010F90D4A9A62D8221A6286
:1002D00083F8242008229A611A7708BD094A0A4146
:1002E000D207ECD4084A9A62D8221A6283F82420F2
:1002F0000422F0E740090020F00A0020DEFEFFFFA4
:100300007BDA0100EEFCFFFF4EDA010010F0FF0087
:1003100008B508D14FF0804301225A60C3F80001AC
:10032000034B187008BD7C21B52002F0DDF800BF3A
:100330006D090020014B01221A7070476D090020E1
:1003400008B548B94FF08043D3F8003113B9044BD6
:10035000187808BD0120FCE7C221B52002F0C4F8DE
:100360006D090020044B1868062818BFB0F1FF3F44
:100370000CBF012000207047F00A002008B5094B8F
:100380001A680A2A02D1084B1B6823B1FFF7EAFF5B
:1003900008B9082A04D14FF080430222C3F8342C54
:1003A00008BD00BFF00A0020F40A0020F8B50F4E87
:1003B0000127375404460D4602F0D6FD60B934B922
:1003C0004FF08043B7707560C3F80473F8BD40F216
:1003D00025116D2002F088F8002DF7D01CB92046B9
:1003E000A8477460F2E74FF4A071F2E770090020AB
:1003F000044B191800228A7003EB80011A544A60DA
:10040000704700BF70090020014B9881704700BF02
:1004100070090020014B9889704700BF70090020C7
:1004200010B5EFF3108472B6064B03441A7C013208
:10043000D2B21A741B7C012B01D102F089FD04B9E0
:1004400062B610BD7009002010B502F0B5FD02F0D3
:100450008BFD4FF08044084940B1FFF78FFF012327
:10046000236104238B740023CB7410BD03238B748E
:100470000123C4F80433F6E77009002010B5EFF348
:10048000108472B6094B03441A7C22B940F25721FA
:100490006D2002F029F81A7C013AD2B21A741B7C42
:1004A0000BB9FFF733FF04B962B610BD7009002025
:1004B000024B987C003818BF01207047700900205B
:1004C00073B51B4D6B7D63B9286A00F0030002F021
:1004D00063FD30B1EFF3108372B6AA7C1AB103B991
:1004E00062B602B070BD0122AA7403B962B64FF0C1
:1004F00080430822C3F808234FF42073ADF8063078
:10050000BDF80640A4B2631E9BB2ADF80630002CC5
:10051000F6D14FF080460748C6F80C4102F095FD31
:1005200085F82540FFF790FF0823C6F80433D8E785
:1005300070090020940900202DE9F347484C237DE1
:10054000002B00F08A800323ADF804304FF0804385
:10055000D3F80051F5B9D3F80481B8F1000F09D0F0
:100560004FF080430022C3F804210222C3F808237D
:10057000FFF7A6FF94F825603A484FF08047F6B29F
:10058000D7F80C8102F065FD48B340F243316D208D
:1005900001F0AAFF00258DF804500122D3F8048150
:1005A000C3F808230DF10409271DA61C19F8010B37
:1005B00003280AD0337843B13B684FF0000A86F82D
:1005C00000A013B19847C7F800A06B1C022B07F1DD
:1005D000040706F101064FF00105E7D1BDE745B17B
:1005E000A37C032B05D10423A374FFF7C7FE0123CB
:1005F0003B61B8F1000F1FD04FF080430022C3F8D9
:100600000C21A37C042B02D040F26931BFE7164BCA
:100610001A680A2A02D1154B1B6823B1FFF7A2FE04
:1006200008B9082A04D14FF080430022C3F8342CC3
:100630000223A37402F0C3FC4EB1002384F82530DA
:10064000A37C022B01D1FFF7FFFE02F0B8FC0548A6
:1006500002B0BDE8F04702F00BBD02B0BDE8F08784
:100660007009002094090020F00A0020F40A0020FC
:1006700010B5054C206A00F0030002F08DFC002844
:10068000F8D0002010BD00BF70090020F8B5054665
:1006900050B10278042A07D8437842B9013B1F2B96
:1006A00002D88378212B07D96FF0150075E0002B55
:1006B000FAD18378002BF7D17B4B0127C3F88070E8
:1006C000BFF34F8FBFF36F8F4FF08046C3F8807139
:1006D000764C0B23C6F808330023C6F80031C6F861
:1006E0000431C6F80C3123746374AB88E38102F0E3
:1006F0003EFC08B127702774D6F80C24D6F80C34C9
:10070000D20303D5DF0701D5FFF714FE4FF4AF6323
:10071000A3812B78A978637500222262A175E27407
:10072000042B4DD8DFE803F005033A484A000123C3
:10073000236202F023FC00284DD002F026FC236A3D
:1007400003F00303984246D1AB79002B3DD1FFF76C
:100750008FFFA37D6BB12B785BB902F005FC0546DA
:1007600001F046FF6FF00043002D00F09980C4E9CE
:1007700006034FF08043D3F80C24D3F80C34D20393
:1007800003D5DB0701D5FFF7D5FD474A012300203C
:10079000A0742375C2F880311360F8BD02F00CFC20
:1007A0004FF08043D3F80C14D3F80C24CE03F9D5C2
:1007B000D007F7D50223BBE73D4BB9E73D4BB7E781
:1007C00040F21E516D2001F08FFE4FF08043022257
:1007D000C3F80423BDE74FF080430122DA60002212
:1007E000C3F80421226AC3F81825334A1368A3F119
:1007F0000E01012904D90A2B02D0FFF7B3FD48B13D
:100800004FF080534FF08041D3F84432C3F342336A
:10081000C1F83C351368A3F10E02012A04D90A2B52
:1008200002D0FFF79FFD20B14FF080430122C3F8B3
:100830004C254FF0804301229A600222C3F8042322
:10084000AA79002A85D1D3F80423910702D440F273
:10085000D141B7E7194A1669116941F010011161D8
:10086000D3F8043106F010060BB902F00EFC4FF07D
:100870008047D7F8043183B1FFF7FAFE26B90F4A53
:10088000136923F0100313614FF080430222C3F871
:1008900008230022C3F804215BE702F0F4FBE8E739
:1008A000C4E9063065E700BF00E100E07009002000
:1008B0000100020001000300F00A002000ED00E04A
:1008C00010B50D4C04F1240002F0C3FB48B9A37C21
:1008D000022B01D1FFF7B8FDBDE81040074802F038
:1008E000C7BB074A012384F82530BDE81040C2F891
:1008F000003102F061BB00BF7009002094090020A4
:1009000000E100E038B50C4B0C46197919B1832190
:100910006F2001F0E9FD60B95D790DB1002038BDAF
:1009200001225A71FFF77CFD21462846FFF73EFD64
:10093000F4E76FF01500F2E79809002038B50B4D89
:100940002B7904461BB19A216F2001F0CDFD50B9DF
:100950006B790BB9002038BDFFF74AFD20466C715A
:10096000FFF78CFDF6E76FF01500F4E7980900201B
:10097000014B9B68184700BF98090020014BDB68BA
:10098000184700BF98090020014B1B69184700BF9A
:1009900098090020034B1A790AB9FFF73BBD988AE2
:1009A000704700BF98090020024B1B790BB9FFF775
:1009B00087BD704798090020014B9B69184700BF0D
:1009C0009809002010B5144C2379A3B1636A9847A5
:1009D000002806DB94F82E3023B1012384F8303050
:1009E000002010BDFFF7E8FF0028F6DA40F28D1175
:1009F0006F2001F079FD094BA361094BE361094BBD
:100A00002362094BA360094BE360094B2361FFF7A5
:100A10003DFE0028E1D0E4E79809002071060000BF
:100A2000C1080000B1040000B92F0000BF2F000072
:100A3000C52F000038B5084B1D79044625B140F29A
:100A4000E1116F2001F050FD00F0E0FE2046FFF7BD
:100A5000DBFC284638BD00BF9809002008B50748D0
:100A600000F0C2FE054800F01BF801F0BBF801F0F1
:100A70009DF800F087FA012008BD00BFCC090020D6
:100A800001F04EBA103000F0E3BE00BF00F0F8BE37
:100A900001F042BB08B52721032001F025FD00BF6E
:100AA000024B186000221A719A607047D409002026
:100AB00070B582B01E4C2379012B11D0DAB2022A14
:100AC0000BD1A0680DF1070100F082FA0023A360AA
:100AD00023719DF8070002B070BD012002B070BD07
:100AE000A0680DF1070100F069FAA5686B7DDB07CE
:100AF000ECD5AB7F042BE9D000F006FF06460028BA
:100B0000E4D000F007FF2A69B3682E686D68961973
:100B100045F1000500220A3342F100021B1842EBA6
:100B20000102B342AA41D1D3A06800F0C3FBCDE7D4
:100B3000D4090020837F0BB10020704710B50A68EC
:100B40004B688C68D1F80CC0C0F80CC0846002609F
:100B500043600A694B694361012402618477054B54
:100B60001A792AB998601C7100F064FE204610BD05
:100B7000FFF790FFD409002070B5044682B00D46FF
:100B800000F0C2FEA37F012B17D02B686A68A9680A
:100B90000646E868E060A160236062606A692B69CC
:100BA000626101222361A2770DF10701204600F066
:100BB00005FA2EB1012002B070BD002002B070BD58
:100BC000024B0421186802F011FAF3E7D40900205F
:100BD000024B0621186802F009BA00BFD4090020B0
:100BE00070B5054600F090FE08B3044600F092FE92
:100BF000A4680346E41841F100062846334622461D
:100C000000F0EAFAA04271EB06034FF000050CD3A6
:100C1000001B6FF0010361EB0601834275EB0101DC
:100C200000D370BD4FF0FF3070BD284670BD40F25C
:100C30002911032001F058FC2DE9F04104460F462C
:100C400000F062FE10B38568002362195B4106461E
:100C500013B10020BDE8F08100F05CFE2A1841F1DC
:100C600000033846A51843F1000800F0B5FAA84281
:100C700071EB0801EDD301F053F900F0C1F9B3684D
:100C8000377523440120B360BDE8F0814FF4A371B0
:100C9000032001F029FC00BF00F03CBE1C4B18688B
:100CA000A0B350E9063130B550F8104C13F10A02E8
:100CB000036841F100011519A0F1180041F1000C81
:100CC0001BB922E014D31B68FBB153E90621AA42E9
:100CD00071EB0C0419D290F814E013F8044C74452D
:100CE000F0D19C88B0F81CE0A4EB0E042404EAD5F3
:100CF00053F8100C0A3241F100018518A3F11800D5
:100D00001B6841F1000C002BDFD130BD704700BFE4
:100D1000E009002070B5264D00236B60EFF31081D1
:100D200072B6AA686A60AB60EB6009B962B66A68BD
:100D300072B3204C00269379032BA2F1180028D01F
:100D4000136873B39A79042AA3F118038446A6465C
:100D50000FD1818B9A8B521A12049A6944BF0CF1FD
:100D6000180E184642B19C46A2F118039A7F042A35
:100D7000EFD09B7F032B16D1DEF800201368CEF84E
:100D800000300221C368867798476A68002AD2D16A
:100D900070BD116852F80C3C96716960012198474A
:100DA000F3E7A646EAE763219F2001F09DFB00BF21
:100DB000E0090020E40900202DE9F04F6F4B0468A2
:100DC0001B68456883B08283427D0646894602F0EF
:100DD0000102002B00F0CB80A3F1180C002A6ED08A
:100DE000DCE90001844275EB0107644A2FD39CF8CB
:100DF0001420337D9A421BD8DCF808301B1841F1CF
:100E0000000113F10A0E41F10007744575EB07026A
:100E100080F0A8803269121945F10000964577EB01
:100E2000000801D2724638469A428841C0F082805A
:100E3000DCF818300CF11802002B00F09180A3F1BF
:100E4000180CDCE90001844275EB0107CFD21F4684
:100E50006346B068001945F10008002B44D0CDE985
:100E60000027CA46D3E9007110F10A0C48F10002CC
:100E7000674571EB020245D21A7D96F814C094457D
:100E800019D39A68D21941F1000112F10A0941F10E
:100E9000000E4C4575EB0E0745D237693F1945F1F9
:100EA000000CB9457EEB0C0B01D24F46F44697423D
:100EB0007CEB010C3DD39B6923B3183BD2E7DCE903
:100EC0000001844275EB01012C4A0CD3DCF8183088
:100ED0000CF118023BB1A3F1180CDCE900018442CB
:100EE00075EB0101F2D21F46334643F8187F1360B9
:100EF000FFF7D4FE864210D0002389F8003003B0FB
:100F0000BDE8F08FDDE900273346D14643F8187F6E
:100F10001360FFF7C3FE8642EED1012389F800304B
:100F200003B0BDE8F08F2746AC4697427CEB010C3E
:100F3000C1D2D146114A0423B37791680023337696
:100F40007376B376F37606F118020C4B69B1DB6861
:100F50001A600B4B09491878CA6001F09FFBCBE778
:100F60001F4676E7224628465EE79A60F1E712B907
:100F70001746024AB8E7014A1F466AE7E00900201F
:100F80000400002010B50A4C2378FF2B0AD1094831
:100F900001F06AFB084B207000221A609A60DA6048
:100FA0001A8210BD4FF48D719F2001F09DFA00BF91
:100FB00004000020150D0000E0090020034B1A8AF0
:100FC00002F1010CA3F810C0FFF7F6BEE009002003
:100FD00038B504460D46FFF761FE0346E31AB3FA3F
:100FE00083F35B0905482B7004F1180102F024F823
:100FF00010B10023A377012038BD00BFE009002015
:101000002DE9F0431F4E34686CB34FF000083546AD
:10101000C6464FF004092346246853F8187C53F859
:10102000082CD21953F8147C47F1000C82427CEB57
:10103000010C1AD22A6812682A6083F80690B268F6
:1010400083F800E083F801E083F802E083F803E02E
:101050007AB1F2681360F3604FF00108002CDAD126
:10106000B8F1000F07D1BDE8F0831D46002CD2D1A6
:10107000F6E7B360EFE7044BBDE8F043187801F002
:101080000DBB00BFE0090020040000202DE9F8435B
:10109000484E3468002C00F087804FF000080F465F
:1010A0000546B14641464FF0040E2346246853F8E6
:1010B000180C53F8082C121853F8140C40F1000CBB
:1010C000AA427CEB070C69D2D9F800201268C9F853
:1010D000002083F806E0B268197059709970D970D1
:1010E000002A5FD0F2681360F3604FF00108002C13
:1010F000DBD1B8F1000F03D02F4B187801F0CEFAF6
:101100003368002B50D053E90612A94272EB070056
:1011100053F8100C3CBF29463A46A3F1180C0A308C
:101120004FF000041B6844F10004091842EB04026C
:101130001BB92DE016D81B6853B353E90604884247
:1011400074EB020E24D29CF8148013F804ECF045E2
:10115000F0D1B3F804E0BCF81C80AEEB080E1EF42E
:10116000004FE8D0854277EB040E294638BF014690
:1011700053F8100C3A46A3F1180C38BF22461B68EE
:10118000091842F100020A3142F10002002BD4D1C9
:101190000CF1180373616046BDE8F8839946002C92
:1011A00083D1A6E7B3609FE700239C467361604646
:1011B000BDE8F883E00900200400002010B5054CCC
:1011C0006169204601F038FF18B1606900231838C2
:1011D000636110BDE00900201C49096839B3A1F121
:1011E000180C9CF8141081421DD870B5DCE9004140
:1011F00012F10A0543F1000EAC4271EB0E0620D24B
:10120000DCF81060341941F10001AC4271EB0E01C1
:1012100015D2DCF8181071B1A1F1180C9CF814105B
:101220008142F6D8E2E7DCF818100029D7D14FF058
:10123000FF30014670474FF0FF30014670BD2C462D
:101240007146B4F10A0041F1FF3170BDE0090020A0
:1012500010B5837F022B06D0837F012B02D0837FC2
:10126000042B1DD110BD437D13F0020313D10321C4
:101270000E4A81779468037600F1180143768376ED
:10128000C3765CB1D3681960094BD160BDE81040EA
:10129000187801F003BA0023837710BD9160F3E75B
:1012A0004FF4FF719F2001F01FF900BFE0090020FB
:1012B0000400002070B5114D00F1180604463146B7
:1012C000284601F0B9FE98B10423A377AA68002349
:1012D00023766376A376E37642B1EB681E60084B13
:1012E000EE601878BDE8704001F0D8B9AE60F6E75E
:1012F0004FF402719F2001F0F7F800BFE0090020D1
:1013000004000020024B0521186801F06FBE00BFE9
:10131000F8090020054B586810B1C368052118472B
:1013200010B54FF41B71B02001F0DEF8F809002071
:101330002DE9F0471646002B55D0D3E900894B4CD8
:10134000804579EB0103A38A3CBF8046894664331C
:10135000B8EB000569EB01070022AB422261BA41FC
:10136000C4E9028916DBA36903F2A3139D4277F156
:10137000000769DA3E4AC4F8288040464946C4F866
:101380002C9000F0F1FC3B4A052384F830303260A9
:10139000BDE8F087627F237F1AB19A071ED400222E
:1013A000627703F0010AA36903F2A3139D4277F168
:1013B00000072EDABAF1000FDCD0A08A2C4AB8EB75
:1013C000000069F10001C4E90A0100F0CDFC062328
:1013D000284A84F830303260BDE8F087236A012063
:1013E0009847237FDBE7214C637F2BB1237F9B074B
:1013F00002D5236A012098470025657700F05EFF3B
:10140000FFF7BCFA2B461C4A84F830303260BDE846
:10141000F08700F053FFFFF7B1FAA08AA369BAF191
:10142000000F01D0984215D8B8EB0300104A69F1BB
:101430000001C4E90A0100F097FC02230D4A84F878
:1014400030303260BDE8F08700F038FFFFF796FAE1
:10145000A369E9E7B8EB0000054A69F10001C4E9B6
:101460000A0100F081FC034A01238EE7F8090020FD
:1014700005130000C1150000B917000002392DE95D
:10148000F04104292DD8DFE801F00309292C0C00D4
:10149000164A137F003B18BF012353770020BDE895
:1014A000F081044600F02CFC00F03AFD0E460746A1
:1014B000FFF7ECFD0D4D80466868FFF7C9FE224638
:1014C000384631464346002400260027C5E9026716
:1014D0006C60FFF72DFF0220BDE8F081FFF7E8FA0E
:1014E000DCE740F21721B02000F0FEFFF8090020F1
:1014F0002DE9F84F2E4C637FA769804683BB94F893
:101500001C9019F0010934D100F00AFD10EB070B13
:1015100041F1000A05460E4658465146FFF7B6FD12
:10152000A8B3D0E900329B457AEB02011BD300231C
:10153000204AA56228463146C4E902BAE662236120
:1015400000F012FCB9F1000F18D0A38A1A4A9F428A
:1015500016D0022384F83030C8F80020BDE8F88F98
:101560004FF00009D0E7DD1B9B4662F10006924672
:10157000DDE7A38A9F4238BF1F46C5E70E4AE8E76A
:10158000012384F83030C8F80020BDE8F88F637F6D
:101590002BB1237F9B0702D5236A012098470023A4
:1015A000064A84F830306377C8F80020BDE8F88F29
:1015B000F809002005130000C1150000B91700004C
:1015C000023970B50546032900F2EB80DFE801F02F
:1015D00006024508754B002283F83120002070BDBB
:1015E000724C94F830301A1F012A40F29F8000F0AC
:1015F00097FCA26A2369801A9842B8BF184694F8EB
:1016000030302061022B7FD0237FD90740F1C48086
:10161000607F002840F0C080236A984701236377E9
:1016200094F83020022AD4E902034BD0012A70D06A
:101630002269323843F1FF31101841EBE2715C4A04
:10164000C4E90A0100F090FB94F83030062B0CBF7F
:101650000523042384F83030C0E7544C94F830302C
:10166000042B0FD8022B25D8013B012B00F28F80D1
:10167000FFF71EFA0028B1D000F040FC2846FFF723
:1016800037FF15E0053B012B00F28180FFF710FAD0
:101690000028A3D000F032FC00F042FC06460C46C5
:1016A000FFF7F4FC2A46034621463046FFF740FE8A
:1016B000022070BDFFF7FCF900288FD0012384F8C9
:1016C00031308BE7227FD2070ED5627F62B9A18AC3
:1016D000374A401A63F10001C4E90A0100F044FBF3
:1016E000032384F8303079E72169314A323843F1F5
:1016F000FF33401843EBE171C4E90A0100F034FB09
:10170000042384F8303069E700F0D0FDFFF730F9AA
:1017100086E7A169264A401A63F10001C4E90A017B
:1017200000F022FB022384F8303057E7042B94F8B2
:10173000316019D0002EAFD1FFF740FD0028ABD0AB
:101740006060C4E90D6600F0CFFA60680223837719
:101750003146C3689847D4E90201FFF751FC154BA5
:1017600084F830602B60A3E700F0B0FD0028E1D1E1
:1017700000200021FFF78AFC08B1FFF79BFD00F075
:101780009DFDFFF7FBF82846FFF7B2FE90E74FF408
:10179000CD71B02000F0A8FE40F2B311B02000F0EF
:1017A000A3FE40F2F111B02000F09EFEF8090020E7
:1017B000051300007D140000032910B506D8012987
:1017C0000AD840F25D11B02000F08EFE0429F8D155
:1017D0000446FFF76DF908B9002010BD2046FFF759
:1017E00087FE022010BD00BF10B5064A064C0260FD
:1017F0000023206084F830302377FFF7CBF8513096
:10180000A06110BDB9170000F809002008B5074B0A
:10181000074A19680968914202D15130986108BDA0
:1018200040F25121B02000F05FFE00BFF809002017
:10183000B917000010B5EFF3108472B6034B042102
:10184000186801F0D3FB04B962B610BDF809002096
:1018500008B5094B5A684AB1D3E902218018BDE89E
:101860000840064A41F1000100F07EBA40F27221C0
:10187000B02000F039FE00BFF80900201513000069
:1018800008B5064B5B681BB1BDE8084000F036BBED
:101890004FF41E71B02000F027FE00BFF8090020B1
:1018A00008B5054B5A680AB1586308BD40F27E215D
:1018B000B02000F019FE00BFF809002008B5054B64
:1018C0005A680AB1986308BD4FF42171B02000F046
:1018D0000BFE00BFF8090020044B9B6B03B11847B7
:1018E00010B540F28A21B02000F0FEFDF80900207A
:1018F000044B5B6B03B1184710B54FF42471B02053
:1019000000F0F2FDF8090020014B5868704700BF55
:10191000F809002008B5054B5A6812B1D3E9020155
:1019200008BD40F29B21B02000F0DEFDF809002048
:10193000054B1B681BB1D3E908200421104710B5E3
:101940007221452000F0D0FD380A0020054B1B68AD
:101950001BB1D3E908200321104710B56C214520A5
:1019600000F0C2FD380A00202DE9F04104460D4682
:1019700079B9174F3B683BBB16483C60FFF790FFB7
:101980001548FFF79BFFFFF787F9637D5B07064666
:1019900005D4D4E908302946BDE8F0411847FFF7DF
:1019A00077F82036361A7E6000F036FB0028FBD030
:1019B0000A4B0022C3F8A8252946C3F8AC25D4E970
:1019C0000830BDE8F04118478621452000F08CFD25
:1019D000380A00204D1900003119000000F00140C4
:1019E000024B00221A601A81704700BF380A00209B
:1019F00008B5074B1A683AB10648D0600021196053
:101A0000BDE80840FFF7E4B8B921452000F06CFDBF
:101A1000380A002069190000C0E9081220220021BC
:101A200000F0D2BE30B587B04B7A00220D46059249
:101A3000CDE900220492C3F3800282F001024FF04C
:101A4000000162F3820104462A78287A8DF8151085
:101A50008DF8140069682B4802910390002A40D148
:101A6000D5E904209DF815C01CF0040FCDE9002035
:101A700028D19DF815202449C3F340035B0043F0AF
:101A8000010322F0030213438DF815304B68C3F3B2
:101A900008038BB1103B5BB2002B1CDB03F16043EE
:101AA00003F5614393F800335B092BB9694620467F
:101AB000FFF762F807B030BD69462046FFF73AF8F5
:101AC00007B030BD203A01F1200140F1FF30009213
:101AD00002910190CDE703F00F0319440B7D5B09E0
:101AE000E3E72B690493FEF7CBFF9DF815305B0706
:101AF000CDE9000104D5029A6B7A20320292B8E750
:101B00006B7AB6E76919000000ED00E008B50A4BF2
:101B10001B6863B15B7D5B0705D5FFF7BDF820301F
:101B200041F1000108BDBDE80840FFF7B5B84FF42A
:101B3000EE71452000F0D8FC380A002070B4EFF3B5
:101B4000108672B617490D78ADB1174BD3F804451E
:101B5000D3F848314FF6FF7294421FD0E3B147F6F5
:101B6000FE739C4218D84B68013306B962B6C0E9CF
:101B7000004370BC70470C4AD2F80445D2F80431D7
:101B800053B14B6801334B60C2F80451D2F804459D
:101B9000D2F80431002BF4D14B68E6E7002BFBD1DF
:101BA0001C46F9E7700A002000B0004010B50A4C4E
:101BB000002222742277094B094801215960C3F899
:101BC0004025C3F840214FF400221961C0F80825D0
:101BD00000F0B2FD206210BD700A002000800040BD
:101BE00000F001403749384BF0B44D6A374C0022C1
:101BF00001204A6058609860C3F80843C3F848431E
:101C0000C3F80421C3F84021C3F84421C3F8482194
:101C1000002D55D02E4C2F4EC4F8A8652E4AC4F87E
:101C2000AC55C4F85C394FF40023C4F804350523DF
:101C3000C2F840351060D2F84031002BFBD0244868
:101C4000002301244FF40025C0F808555460D460E7
:101C5000C2F84031C2F84035C0F8A835C0F8AC35FC
:101C6000C0F8AC350B7833B391F8284018481649C2
:101C70001A4E1B4DE30003F1804303F5F8330122B4
:101C8000A2404FF6FF774FF48024C0F80825C1F832
:101C90004443C1F84875C1F80443C3F81065C3F85C
:101CA0001455C0F804250F4B4FF40062C3F880218F
:101CB000F0BC1A607047044B0222C3F80423F2E719
:101CC0001860CFE7700A002000B000400200070053
:101CD00000F00140408100400080004048B10040D9
:101CE00008B0004000E100E0044B4FF080411A6A68
:101CF0000123C1F808351360704700BF700A002047
:101D000010B4144C1449154A0023C4F8A835012016
:101D1000C4F8AC354FF0FF3448600861C1F808439F
:101D20000F4891684FF48074C0F8804141B10D496B
:101D30004FF48030C1F808031374C1F84031936048
:101D4000126A10BC4FF080410023C1F808351360BF
:101D5000704700BF00F0014000800040700A002082
:101D600000E100E000B00040F0B55A4CA36883B039
:101D7000002B40F09F802578A260002D5CD1564B4F
:101D8000994200F29C80430F544E554F43EAC101E3
:101D9000A6FB0132C0F34F33920B03EB014307FB69
:101DA0001233A6FB03639B0B43EA02434D4A02FB3B
:101DB0001300420B48F2376101FB02F2120C43F6AA
:101DC0000957494907FB120000FB01F1490D43F691
:101DD000085601EB422207FB0161B0EB512F88BF8F
:101DE00001320026002D41D01F0C1B049D186846AF
:101DF00047F10007FFF7A2FEDDE90032053346F1A7
:101E000000064FF48031E2FB01369D4277EB060677
:101E100047D32A0C4FF6FF71ADB242EA0742002DBC
:101E200008BF0D4631494FF48030C1F84055E2609B
:101E3000C1F8040303B0F0BD2D4B994244D8430DC3
:101E4000264E274F43EAC121A6FB0132C0F34F13B0
:101E5000920B03EB014307FB1233A6FB03639B0BBF
:101E600043EA0243234A02FB1300A2E71F0A1B06B0
:101E70009E18684647F10007FFF760FEDDE9003273
:101E8000053345F100054FF08071E2FB01359E42BC
:101E900077EB050505D3320E42EA072226F07F458F
:101EA000C0E7FF232374144B4FF40062C3F80021F2
:101EB00003B0F0BD40F2F921052000F015FB4FF40E
:101EC0009471052000F010FB40F22311052000F072
:101ED0000BFB00BF700A0020FF7F841E83DE1B43C4
:101EE000000024F40080841E6F0C010000B000404C
:101EF0007F841E0080841E0000E100E0064B9A688B
:101F00004AB106494FF48032C1F8082300221A74FE
:101F1000C1F840219A607047700A002000B000406C
:101F200070B4EFF3108572B6364C207820B3364B80
:101F3000D3F80425D3F848614FF6FF739A4252D084
:101F400043F60951C2F3080301FB03F3500A01FBF6
:101F500000F003F5807300EB53200021002E45D0E4
:101F600047F6FE739A4241D86368013325B3274A86
:101F700070BCE3FB02017047234AD2F80435D2F863
:101F8000041111B3636801336360C2F80401D2F82D
:101F90000435D2F804110029F4D143F6095CC3F3E7
:101FA0000802580A0CFB02F202F580730CFB00F0E9
:101FB00000EB532063681DB962B62278002AD6D19F
:101FC000134AE3FB020170BC704743F60956C3F3A2
:101FD0000802580A06FB02F306FB00F003F58073C3
:101FE00000EB5320E6E71EB10A4800216368BDE715
:101FF000636815B928462946DEE7044A304631466B
:10200000DFE700BF700A002000B0004080841E009F
:102010000080841E61841E0070B4EFF3108072B6DD
:10202000384A15780DB3384BD3F80455D3F84861C6
:102030004FF6FF739D4256D043F60954C5F308018D
:1020400004FB01F16B0A04FB03F301F5807103EB60
:1020500051230024002E49D047F6FE718D4245D809
:102060005168013108B3294824E02749D1F80435E3
:10207000D1F804414CB3536801335360C1F80451A3
:10208000D1F80435D1F80441002CF4D143F6095CB1
:10209000C3F308010CFB01F15B0A01F580710CFB35
:1020A00003F303EB5123516818B962B61078002886
:1020B000D9D11748E1FB0034D2E90C128B4294418C
:1020C0002CBF0120002070BC7047C3F3080143F609
:1020D00009555B0A05FB01F105FB03F301F580716E
:1020E00003EB5123DFE71EB10A4B00245168B9E727
:1020F000516810B903460446D7E7044833463446CE
:10210000D8E700BF700A002000B0004080841E00A5
:102110000080841E61841E002DE9F047DFF8748181
:102120005D4E012100234FF4002284B0C8F8041052
:10213000C8F84035C8F84031C8F81010C6F808256E
:10214000D8F8042522F00302C8F80425D8F8082599
:1021500042F00302C8F80825102292FAA2F2B2FA5D
:1021600082F2092A00F39180C8F810254B4A4C4F9F
:10217000C8F80C104FF48070C2F880011060494A12
:10218000C8F80410C8F80C10C6F8A8253A78C6F8A4
:10219000AC8502A8002A56D0019306E00123C6F8B8
:1021A00008A5C8F80430C8F80C30FFF7C7FCDDE913
:1021B0000243019D4FF4002A4FF48039C6F804A56C
:1021C000E3FB0945FFF7BAFCDDE902320199E2FBC6
:1021D0000931A94208BFA342E0D1013443F60952B4
:1021E000C4F3080345F1000502FB03F3210EC4F319
:1021F0004E2441EA052102FB04F02D0E03F5807305
:1022000000EB53204C016B01641A43EAD16363EB8A
:102210000506B201A3011B1B42EA946262EB0602AF
:10222000D20042EA5372DB005B1845EB0205E9037A
:10223000DA03801841EA534141F10001C7E90C017A
:1022400004B0BDE8F087019206E00123C6F808A5B6
:10225000C8F80430C8F80C30FFF770FCDDE9024321
:10226000019D4FF4002A4FF08079C6F804A5E3FBE6
:102270000945FFF763FCDDE902320199E2FB093110
:10228000A94208BFA342E0D1A7E7074840F29F3127
:1022900000F020F90080004000F0014000E100E083
:1022A000700A002000B10040E0E30100024B01226F
:1022B000C3F84423704700BF00B00040024B012226
:1022C000C3F84823704700BF00B0004008B5FEF7D0
:1022D0005BFB30B9074A936B0133312B936304D80E
:1022E00008BD044B00229A6308BD40F2F531052079
:1022F00000F0FAF8700A002010B53F4C237882B045
:10230000002B55D03D4BD3F8042352035BD43B4BF9
:10231000E168D3F80423D00334D5D3F84031002B3F
:1023200030D0636899425DD800232374334AA16892
:10233000C2F840314FF48030C2F80803002955D06C
:10234000A36088472D4BA169D3F80423920324D5B9
:10235000D3F844310BB363688B423FD3002222771A
:10236000264B6169C3F844214FF40030C3F80803D9
:1023700000293BD08847214BD3F840310193019B82
:1023800002B010BD6268237C002BCDD19142D9D917
:102390001A4B0022C3F84021D4E76268237F002B48
:1023A000DCD18A42E7D2154B0022C3F84421E2E790
:1023B000124AD2F804110029A9D0C2F80431636886
:1023C00001336360A3E7D3F84821002A9FD000229D
:1023D000C3F8482163680133636098E7237F002BCB
:1023E000E1D0BBE7237C002BD2D09DE740F2374100
:1023F000052000F079F800BF700A002000B000400E
:10240000014B1879704700BFB00A0020044B1A79BD
:10241000824283BF1B68602202FB003000207047AD
:10242000B00A0020BFF34F8F0549064BCA6802F47B
:10243000E0621343CB60BFF34F8F00BFFDE700BFE7
:1024400000ED00E00400FA05094B01225A604FF04C
:10245000FF32C3F80823074B4FF48042C3F88020B3
:10246000BFF34F8FBFF36F8FC3F88021704700BF5A
:1024700000E0004000E100E0094B01225A604FF00B
:10248000FF32C3F80823074B4FF48052C3F8802073
:10249000BFF34F8FBFF36F8FC3F88021704700BF2A
:1024A00000C0004000E100E0084B0022C3F8FC2F10
:1024B0000122C3F8FC2F064B0222C3F88020BFF391
:1024C0004F8FBFF36F8FC3F880217047001000401B
:1024D00000E100E008B572B6024B5B6803B19847B3
:1024E000FFF7A0FFB80A00201FB572B6134B5D6856
:1024F00095B9FFF797FF2346B2FBF6F25C1C002A62
:10250000F9D104AEDCB256FA83F303F80C2C0A229C
:1025100034B901A8A847ECE7024600230A26EDE7F4
:10252000631E04AEDCB256FA83F3B0FBF2F602FB94
:102530001600303003F80C0C3046E9E7B80A0020EA
:10254000F8B51F4E337805460C461746A3BB00F07E
:10255000E7F8FDF79DFE77603472FFF7A5FFFFF700
:102560008BFFFFF771FF174B002D14BF284618464D
:10257000FEF728FA0546E8B9FFF732FAFEF714FA33
:1025800000F023FDFEF76AFA18B9B8211120FFF711
:10259000ABFF002C0CDB04F01F026409A40004F163
:1025A000604404F5614401239340C4F88031236002
:1025B000012333702846F8BD4FF0FF35FAE700BF1E
:1025C000B80A0020ACDA0100074B93F90830002B61
:1025D00009DB5A09012103F01F03994002F140036E
:1025E000024A42F823107047B80A002000E100E0D8
:1025F0001A4B4FF4805270B5C3F88020BFF34F8F51
:10260000BFF36F8F164C174D0021C4F80011C3F8AB
:1026100080212E692B6943F010032B610123C4F83C
:10262000043306F010062360D4F800319BB11EB9C4
:102630002B6923F010032B610123D4F80805636094
:10264000C4F808330023C4F80031044B4FF480521F
:10265000C3F8802170BD00F016FDE5E700E100E061
:1026600000C0004000ED00E00B4938B5042301EB49
:10267000C302157905F0FF042DB1013BF7D24021CB
:102680006920FFF731FF41F8330001215471947143
:102690001171D8B238BD00BFC40A0020042808B5A3
:1026A00003D950216920FFF71FFF094B03EBC0003E
:1026B0000379012B01D05121F4E743798279013369
:1026C000DBB29A4218BF4371BDE80840FFF77CBFF8
:1026D000C40A002038B5114D052495F8281005EBE3
:1026E000C1031A79012A09D158799A79904205D003
:1026F0005A79D2B29A7155F83130984795F8283006
:102700000133DBB2052B04F1FF3428BF002314F0A2
:10271000FF0485F82830E0D138BD00BFC40A00208E
:102720004FF08052034BD2F830111960D2F83421A7
:102730005A607047F00A0020084B1B68083B082BC2
:102740000AD840F2211222FA03F313F0010F044BCE
:10275000044818BF1846704702487047F00A002026
:1027600000E701400C050040144B1B68062B03D00A
:10277000013301D020BF7047EFF3108072B6104ACA
:102780001369116941F0100111610E49D1F800215E
:10279000D1F804110A4303F0100300D040BF20BF5A
:1027A00000BF00BF00BF00BF23B9054A136923F073
:1027B0001003136100B962B6704700BFF00A002031
:1027C00000ED00E000E100E010F0030FC9B20346A5
:1027D00007D0BAB303F8011B13F0030F02F1FF3265
:1027E000F7D170B5032A01EB012404EB04441ED990
:1027F000161FB508032E05F1010521D94FEA550E24
:1028000003EBCE0E9C46CCE900440CF1080CF445D9
:10281000F9D115F0010F04D025F0010503EB850572
:102820002C6026F003060433334402F0030232B175
:10283000012A197003D0022A597018BF997070BD0F
:102840001D46EDE7704700BF014B1B681B6818472A
:1028500008000020014B1B685B6818470800002037
:10286000014B1B689B68184708000020014B1B6840
:102870001B691847080000208F3000009B300000C3
:102880009F300000A7300000AB30000038B50420B6
:10289000164CFEF7A5F92368984228BF1846042174
:1028A0000546FEF7C9F9D0B1FEF7F0F82368E068F5
:1028B000AB4207D1FEF7E6F8E268236822611344D1
:1028C000E36038BD05446089E56001232375281A5B
:1028D000FEF7D8F86289E3689B1A2361F1E70123C8
:1028E000E06823756389C01AF2E700BFF80A002088
:1028F00008B50C4B1A7802F0FF0312B15A1E1A42A7
:1029000003D0F8216B20FFF7EFFD19B1034208D186
:10291000FD21F7E723EA00039B0602D140F20111F3
:10292000F0E708BD0C0000200F4808B5012303762E
:10293000042380F8203090F8303083F0010380F8D1
:1029400021300368C36143688362084B022200F1AF
:10295000180138301A70FFF765F820B940F21F11DE
:102960006B20FFF7C1FD08BDF80A00200C00002015
:1029700070B5EFF3108572B6264C94F860600023B2
:10298000012E84F8603006D0022E1DD0002E3BD1DF
:1029900085F3108870BD85F3108894F8613003F0DA
:1029A000FF0123B140F25D116B20FFF79DFD142064
:1029B000FFF79EFF184B84F861601B78012BE9D16B
:1029C000BDE87040FFF7B0BF94F8612012B94FF432
:1029D000B771E9E7104984F861300B78023BDBB24C
:1029E0001E2B0ED8012202FA03F30C4A1342CFD158
:1029F00044F20402134204D020230B70FEF7F8FFC8
:102A0000C6E74FF4C571CFE785F310884FF4D8714E
:102A1000CAE700BFF80A00200C0000204100004077
:102A20002DE9F041254D2B7D04460E4623B1012BA7
:102A30000AD00020BDE8F0816A892B689B1A984271
:102A40008CBF00200120F5E7D5E91A78FEF718F8C9
:102A50002B691E3041F10001DB1948F10002984258
:102A600071EB020C07D21B1A62EB010222B1B021FA
:102A70006B20FFF739FD00239C421DD96B891B1980
:102A80001C18EB68DB19E41A322C38BF3224C6F16B
:102A90000401C9B22046FEF7CFF80028C9D0FDF7DF
:102AA000F5FFEB6868891C44201AEC60FDF7EAFF2B
:102AB0006A89EB689B1A2B610120BBE7F80A0020AA
:102AC00070B5114C94F8705025B140F28F216B20F5
:102AD000FFF70AFD0D4B84F8615001261E700C4B68
:102AE0000C484FF4C852C4E900230B4BA360FFF716
:102AF000BBFD0A4984F871002A4604F13800FEF74C
:102B00008BFF84F8706070BDF80A00200C00002074
:102B1000FF3F420F712900000500B700B92C0000EB
:102B200008B5104B93F8702022B94FF43E716B201A
:102B3000FFF7DAFCEFF3108172B693F8602022B150
:102B4000012A0DD04FF44271F1E7022283F8602090
:102B500001B962B693F87100BDE80840FFF79EBD69
:102B60000022F3E7F80A00200B4B93F8703010B501
:102B700023B940F217316B20FFF7B6FCEFF3108456
:102B800072B6064B1A78102A03D108221A70FEF783
:102B90002FFF04B962B610BDF80A00200C00002017
:102BA00010B5EFF3108472B6054B1B78042B04D1DB
:102BB000FFF736FF04B962B610BD0020FAE700BF88
:102BC0000C00002070B5EFF3108472B6134B1B7825
:102BD000042B20D1124D2B7D2BB96B892868C01A8C
:102BE00004B962B670BDFDF74BFFD5E91A622B69D7
:102BF0001E3041F100019B1942F10002984271EB35
:102C0000020508D2181A62EB0102002AE8D0B021AE
:102C10006B20FFF769FC0020E2E700BF0C000020FA
:102C2000F80A0020014B83F830007047F80A0020B2
:102C300038B5144C94F8703023B940F2CD216B2094
:102C4000FFF752FCEFF3108572B694F8603023B1B1
:102C5000022B0DD04FF43871F1E7012384F8603076
:102C600005B962B694F87100BDE83840FFF716BDAB
:102C7000054B1B780022042B84F86020F0D110F063
:102C800083FAEDE7F80A00200C00002008B5094B94
:102C900019781029CAB207D0202A05D0042A04D1F5
:102CA00010221A7010F080FA08BD40F2CF116B208C
:102CB000FFF71AFC0C00002038B50C46FDF7E0FECB
:102CC000052C48D8DFE804F0035D512B2664FEF79D
:102CD0001DFF324CC4E91A0101210220FFF708FE52
:102CE00094F861202E4B7AB104221A702368E360B5
:102CF0000023237594F86030022B01D010F044FAC1
:102D0000BDE83840FFF7C2BD20221A70BDE8384048
:102D1000FEF76EBE4FF406716B20FFF7E5FB1F4C0C
:102D200094F86130BBB11E4B1B78042B14D1237D6A
:102D3000012B0ED1FDF7A4FED4E91A5223695B19C9
:102D400042F100029842914103D3BDE83840FFF7B9
:102D50009DBF0BF0C9FB38BD124B0222C3F8802087
:102D6000BFF34F8FBFF36F8FF5E701210220FFF70D
:102D7000BFFD0A4B93F8613033B1BDE83840FFF72F
:102D8000D3BD01212820F2E7054B01221A70E2E7AA
:102D9000024B1B7D012BB3D1D7E700BFF80A0020FF
:102DA0000C00002000E100E07BB972B90029BEBF31
:102DB00000204FF0004106E008BF00281CBF6FF064
:102DC00000414FF0FF3000F057B8ADF1080C6DE94D
:102DD00004CE002909DB002B1ADB00F082F9DDF8B4
:102DE00004E0DDE9022304B07047404261EB410199
:102DF000002B1BDB00F075F9DDF804E0DDE90223B0
:102E000004B0404261EB4101524263EB430370471F
:102E1000524263EB430300F064F9DDF804E0DDE9BE
:102E2000022304B0404261EB41017047524263EB20
:102E3000430300F056F9DDF804E0DDE9022304B0B5
:102E4000524263EB4303704753B94AB9002908BFA4
:102E500000281CBF4FF0FF314FF0FF3000F00CB8DE
:102E6000ADF1080C6DE904CE00F03BF9DDF804E0AB
:102E7000DDE9022304B07047704700BF08B5FFF7D3
:102E80004FFCBDE80840FDF703BA801A00F30700C5
:102E900038B540B20D4659B21446FDF7E9F90023A2
:102EA00028706B70204440B238BD7FB5A0F10B0490
:102EB0000E46E1B20F29154603D950216420FFF7D1
:102EC00013FB0DF10B0332460420FDF78DF908B119
:102ED0005921F3E704EB840404F6651300909BB2D8
:102EE0009DF90B00042203A9FDF74CF99DF80C3065
:102EF0002B709DF80D306B7004B070BD0023036023
:102F000070477047002070474FF0FF3070474FF018
:102F1000FF30704770474FF0FF3070470020704718
:102F2000002070470023037070479DF80030002296
:102F3000FFF7ABBF4FF0FF307047002070474FF0F6
:102F4000FF3070474FF0FF3070477047C0B2704796
:102F5000C0B208B520B94FF0804301221A6008BD05
:102F60004D21B520FFF7C0FA0020FDF7E9B94FF079
:102F70008043D3F8080400F0010070474FF080430D
:102F8000D3F8140400F0010070474FF08043D3F8E9
:102F90001C0400F0030070474FF08042D2F8183450
:102FA000D2F81824C3F3004302F00302824214BF94
:102FB000002003F0010070470020FDF731BA002027
:102FC000FDF75CBA0020FDF7BBB970B5FFF718FA42
:102FD000002405462646E0B2854200D870BDFFF7C2
:102FE00015FA0134068580F82A60F4E7F8B503790C
:102FF00004461BB11B219D20FFF776FA467901712B
:1030000026B901234371217909B96171F8BD276897
:1030100026712046B84702280546F4D103212046F0
:10302000B84708B12F21E6E723682946204698478C
:103030000028E8D03021DEE70346006800B9704779
:103040008842F9D102681A60704703460020187060
:103050007047EFF3108272B603780121DBB2017082
:1030600002B962B6012B0CBF6FF02200002070473E
:10307000EFF3108372B60022027003B962B600202B
:103080007047FFF727BBFFF76FBBFFF76DBB00284B
:103090000CBF6FF015000020704700207047072319
:1030A000037000207047002070470020704710F820
:1030B000012B11F8013B012A28BF9A42F7D0D01A00
:1030C0007047034611F8012B03F8012B002AF9D1B0
:1030D0007047034613F8012B002AFBD1181A013858
:1030E00070472DE9F0478C468E46089E15460446EB
:1030F0001946002B40F0D080724547D9B2FA82F7CA
:103100004FB1C7F120030EFA07FC20FA03F3BD40CC
:1031100043EA0C0CBC404FEA154EA8B2BCFBFEF8CB
:10312000230C0EFB18CC08FB00F943EA0C4399452D
:1031300028D9EB1808F1FF3204D2994502D9A8F139
:1031400002022B44A3EB0903A4B2B3FBFEFC0EFB6B
:103150001C330CFB00F044EA0344A04214D92C19A0
:103160000CF1FF3304D2A04202D9ACF102032C448B
:10317000241A43EA02401EB1FC400023346073600D
:10318000BDE8F0874246DDE76346F1E7002A79D0E3
:10319000B2FA82F3002B3FD01946C1F1200302FAA4
:1031A00001F52EFA03F20EFA01FE20FA03F343EAC8
:1031B0000E034FEA154E00FA01F4B2FBFEFCAFB26B
:1031C0000EFB1C201A0C0CFB07F842EA004290454B
:1031D0005AD9AA180CF1FF3004D2904502D9ACF1AB
:1031E00002002A44A2EB08029BB2B2FBFEFC0EFBDB
:1031F0001C220CFB07F743EA02439F4246D9EB1817
:103200000CF1FF3204D29F4202D9ACF102022B44EE
:10321000DB1B42EA004202E0AEEB020301224FEA6E
:10322000154EAFB2B3FBFEFC200C0EFB1C330CFBA7
:1032300007F840EA034398452AD9EB180CF1FF3010
:1032400004D2984502D9ACF102002B44A3EB080349
:10325000A4B2B3FBFEFC0EFB1C330CFB07F744EAE5
:103260000344A74216D92C190CF1FF3304D2A7420C
:1032700002D9ACF102032C44E41B43EA00400F46A0
:10328000114678E71F2188E76046ABE76246BFE753
:103290006046DBE76346EFE7734506D916B90021C0
:1032A00008466DE7C6E9000EF9E7B3FA83F787B978
:1032B000734501D3824207D8841A6EEB03030120C1
:1032C0009C461EB900215BE73846FAE7C6E9004C88
:1032D000F8E7C7F1200CBB4022FA0CF51D4320FA99
:1032E0000CF12EFA0CF30EFA07FE41EA0E014FEA3A
:1032F000154900FA07F4B3FBF9F81FFA85FE09FB3C
:1033000018300B0C08FB0EFA43EA00439A4502FA08
:1033100007F240D9EB1808F1FF3004D29A4502D9E0
:10332000A8F102002B44A3EB0A0389B2B3FBF9F81E
:1033300009FB183308FB0EFE41EA03418E452CD9E8
:10334000691808F1FF3304D28E4502D9A8F10203AF
:10335000294443EA0040A0FB0298A1EB0E0141453D
:10336000CE46434602D306D14C4504D2B9EB020EF9
:1033700068EB05030138002EA4D0B4EB0E0261EB1C
:10338000030101FA0CFC22FA07F34CEA0303F940AB
:10339000C6E9003196E74046C5E74346D9E7000055
:1033A0002DE9F047064688B00F46904619F089FC93
:1033B0004FF47A73A0FB034503FB0155E40B012F87
:1033C00044EA45444FEAD53507D1294922462B46E0
:1033D000304613F05BFB002012E0D8F8047025485B
:1033E0003946FFF764FE70B123483946FFF75FFEA8
:1033F00048B1304621493A4613F064FB6FF00400AF
:1034000008B0BDE8F0872046294617A3D3E900237A
:10341000FFF7CAFC05460C4610461946184A002319
:10342000FFF7C2FC80460F46104619464EF6602252
:103430000023FFF7B9FC82468946104619464FF42F
:103440007A720023FFF7B0FCCDE902A9CDE906238B
:10345000CDE90401CDE900870A492A4623463046D2
:1034600013F014FBB7E700BF005C26050000000066
:1034700023E5010034E5010037E5010040E50100E6
:1034800080EE360058E501002DE9FF4714461A7C0E
:1034900007697D2A0E468146D968984600F2E58084
:1034A00007F58055931C28462B74113019F016FF30
:1034B00007F6F87A50460DF0EDFF012E07D9022EDF
:1034C0004CD06FF08504204604B0BDE8F08700239F
:1034D000ADF80D308DF80F3094F84A30C3F3400248
:1034E000C3F380038DF8093001238DF80B30644B52
:1034F0008DF8082007F5805093F8BC308DF80C301B
:1035000006F0010602A910308DF80A6008F0B8F93B
:10351000002849D15A4BD3F8B430002B3CD14FF09E
:10352000FF324FF0FF3350460DF08EFF95F8BA2072
:1035300094F84A3062F3410384F84A3095F8BB208E
:10354000DBB262F3820384F84A3095F89030052BA1
:103550002AD8DFE803F02C8D872629870023ADF8D1
:103560000C308DF80E3094F84A30C3F34002C3F3A8
:1035700080038DF8093001238DF80A30404B8DF817
:10358000082007F5805093F8BC308DF80B3002A965
:10359000103008F095F9BBE74246002148469847AD
:1035A000BDE76FF068048EE76FF004048BE7D5F891
:1035B0009C40002C87D007F58558D8E9003213438A
:1035C0004AD02478386800220023CDE90023002364
:1035D00021461A4605F0C0F9D5F89C100646002889
:1035E0003DD02246013115F01AFE002831DB95F856
:1035F000A83086F8483095F9A930AE339BB2FE2B3F
:1036000028BFFE2386F84930D8F80000D8F804C057
:103610004FF47A74A0FB040104FB0C1116A3D3E948
:103620000023FFF7C1FBC6E90801B262304615F07E
:1036300080FD3868314612F09AFB0024304615F0C0
:103640003EFDD5F89C0017F0D9FA0023C5F89C3050
:1036500039E76FF00B04F1E76FF02204F1E76FF048
:103660000B04EEE76FF022042DE76FF079042AE7F0
:103670006FF00F0427E700BF00CA9A3B000000006C
:10368000801B0020000000002DE9F34780464FF02A
:10369000FF364FF0FF3700F5906A4FF0FF334FF0E1
:1036A000FF3250460DF064FE436893F80090B9F184
:1036B000800F044641D800231A464946CDE90067E9
:1036C000D8F8000005F048F961684A46013105461E
:1036D00015F0A5FD814688BB237C85F8483094F918
:1036E0001130AE339BB2FE2B28BFFE2385F8493044
:1036F000A27C95F84A3062F3000385F84A30A0684E
:10370000D4F80CE04FF47A71A0FB010C01FB0EC160
:1037100011A3D3E90023FFF747FBC5E90801AA621B
:10372000D8F80000294600F07FF8002806DB606822
:10373000C4F8049017F062FAAFE700250023606830
:10374000636017F05BFA002DA7D0284615F0B7FC90
:10375000A3E700BFAFF3008000CA9A3B000000005F
:1037600008B5064B00214FF40050C3E90001044B9B
:1037700004481B68DB699847002008BD401C0020F6
:10378000043C0020D0D6010008B5064B00214FF4C0
:103790000040C3E90001044B04481B681B6A9847BA
:1037A000002008BD401C0020043C0020D0D60100B1
:1037B00010B5084B1978002081F00101197007F04D
:1037C000B7FC054B0548BDE81040D3E900230EF0D7
:1037D00045B800BF894E0020401C0020100000208A
:1037E000012910B5044604D002290AD00A460A4924
:1037F00004E017F0D2F909490246204613F046F9D1
:1038000008E0506819F099FD054B1B6881B2DB6830
:1038100004489847002010BD0AE401003DFC010067
:10382000043C0020D0D601002DE9FF470C460029BA
:1038300050D08868002850D0C368002B4DD0038A30
:10384000002B4AD014F088F8A368D0F80C90002719
:10385000002B3BD194F849602149236A626A94F8AD
:103860004880FF2EA3FB013A18BFAE3E01FB02AA1F
:1038700018BFB6B2A26A08BF4FF400464FF47A717F
:10388000B2FBF1F29D18174B19784FF0030081F04D
:1038900001014AF1000A197007F04AFC124AFF239D
:1038A0003946484612F0AAFCCDE9025A0F48CDF835
:1038B00000800D4A0E49006873B213F0E7F8204605
:1038C00015F0FDFB002004B0BDE8F0871A8A5B68A4
:1038D0001744BDE76FF01500F5E76FF03C00F2E725
:1038E00040420F00884E00208A4E0020003C0020FD
:1038F0002CE4010030B587B007F006FC01F0E6F9D2
:10390000114B124918604FF4004200231048114C2B
:10391000114DC1E900230DF0A1FF182200216846D6
:1039200019F003FD01238DF800300020A3682B60FF
:1039300017F078F92B686A465B6A0321204698479E
:10394000002007B030BD00BF003C0020401C00201C
:1039500010000020D0D60100043C002030B5044601
:10396000EFF31185402383F31288BFF36F8F044B6D
:103970000FCB84E80F0085F31188BFF36F8F30BD44
:10398000481C002001281FB50C4605D0042822D071
:103990006FF0150004B010BD19F093F9174AC30B6E
:1039A000C0F30E00A0FB0202C00B43EA414340EA11
:1039B0004240C90BC4E90031A0606846FFF7CEFF62
:1039C0006946204612F0CEFB18B90D4B0FCB84E8A8
:1039D0000F000020DEE719F074F9084AC30BC0F3AA
:1039E0000E00A0FB0202C00B43EA414340EA424002
:1039F000C90BC4E90031A060EBE700BF00CA9A3BE5
:103A000020DA010001287FB50C4633D18A681B4BB0
:103A10009A422FD819F055F9C20B42EA414252425C
:103A20004FEAD13363EB4303CDE90023144AC0F3DB
:103A30000E00A0FB0202C30B43EA42435B4268460E
:103A4000029300F0E1F82146684612F08BFBEFF399
:103A50001186402383F31288BFF36F8F9DE80F0018
:103A6000084C84E80F0086F31188BFF36F8F0020A5
:103A700004B070BD6FF01500FAE700BFFFC99A3BB4
:103A800000CA9A3B481C0020014B1B68184700BF26
:103A90001801002030B5044685B00D4610220021E3
:103AA000684619F042FC02238DF802302A46044B86
:103AB00001932146684611F015FF05B030BD00BFE7
:103AC000893A000080B505460E46174698460EF026
:103AD000F3FA034603F0B4F9DFF81890044649F806
:103AE0000030424630463946A84754F8090003F0F2
:103AF00041F900BF080000002DE9F8434469056959
:103B0000C76840F26C73E1170135E41841F1000118
:103B1000022D8CBF00230123E41A61F1000100296A
:103B2000064607F1FF3751DA6FF4C77020184FF4DB
:103B3000C8724FF0000361F10001FFF735F9264B21
:103B400003FB0044D6E90083B6684FEAE37C4FF0FC
:103B50003C0E99466346C6FB0E93A9FB0EC60EFBB0
:103B60000366A30840F26D1E032D0EFB04330246CC
:103B70003B4434BF09206FF0020064270544B4FBC6
:103B8000F7F499201B1B154C45431CEB080C4FF018
:103B9000050005F10205B5FBF0F5A2FB04202B445E
:103BA00004FB010146EBE87698180D4A41F1000349
:103BB00080180C4A63F10003A0FB020102FB031111
:103BC00010EB0C0041EB0601BDE8F8834FF4C8721E
:103BD00000232046B1E700BF70FEFFFFB13A0200AC
:103BE0009405F5FF8051010010B5FFF785FF0246EF
:103BF00003F026F90B4603490024445010461946A9
:103C000010BD00BF0C00000070B5204B82689A42C6
:103C100016DDD0E90016012976F1000503F1010354
:103C200092FBF3F34FEAE3741DDAC91844EB060480
:103C3000C0E90014164901FB03238360012070BD15
:103C4000002AFBDAD0E900410029124EA3EB02035F
:103C5000B3FBF6F310DA01F100459C4275F1000563
:103C60000ADA0020EBE7CD439D426FF00045A5EB5B
:103C70000605A541D9DAF4E7E41A61F1000106FB73
:103C80000322C0E900418260D8E700BFFFC99A3B28
:103C9000003665C400CA9A3B08B500F0B7F80A4977
:103CA00041610A490122C0E900220A6008490A600C
:103CB000084A00231360084A03611360C0E9023315
:103CC000064A136008BD00BF10E70100380100205C
:103CD00034010020103C00200C3C0020083C002057
:103CE0002DE9F04781468846174600F08FF8C368F3
:103CF00004461BB943691A78002A3ED10023E360C9
:103D000063684B4558F8232008DB314B636120463C
:103D100000F060F84FF0FF30BDE8F087511C6161A2
:103D200092F800A0BAF12D0FEFD1951C656156787D
:103D3000A6602D2E04D1927872B901336360E4E756
:103D400056B9234D65615146384619F00AFB0028E3
:103D5000DDD0C4F808A056463146384619F001FBBC
:103D60003A2E00D070B92B7813B9636801336360C1
:103D7000204600F02FF83F20CEE75D1C45611E78FD
:103D80008660E9E743783A2B0BD0002323612B7838
:103D900013B9636801336360204600F01BF8A06824
:103DA000BAE72B780A4A33B96368013399456360EF
:103DB00004DD58F82350C4E90452EAE762613D7813
:103DC0003A2D2046D5D100F005F82846A4E700BFDB
:103DD00010E70100084A01681160084A4168116053
:103DE000074A81681160074AC168074B1160026980
:103DF0001A6003F041BC00BF3801002034010020EC
:103E0000103C00200C3C0020083C0020004870477B
:103E10001C0100202DE9F047058B044628071746B2
:103E20000CD501290CBF45F0100545F02005258370
:103E300087F31188BFF36F8FBDE8F087022905F083
:103E4000070540F09480204612F013FA052864D844
:103E500001A353F820F000BF313E00006F3F000087
:103E60001B3F0000DD3E0000F73E0000093F000060
:103E700001F007035A1F012A1FD8002221F0070171
:103E8000062BD4F8008089B2C4E9002209D1434648
:103E900003E0628B013262831B68002BF9D141F091
:103EA00002012183204612F0E4F94FF000090028B6
:103EB0006DD041F02001218369E0042B0AD121F06B
:103EC000070189B22183204612F0D3F910B141F0E5
:103ED000200121834FF00008C14658E02369D3F840
:103EE0000090238B23F0070343F0060323834FF056
:103EF000000846464BE02369D3F80490238B23F057
:103F0000070343F00403F1E72369D3F80890238BF8
:103F100023F0070343F00503E8E74FF00008C1462C
:103F2000E7E7012243F00803238387F31188BFF3F7
:103F30006F8F002A3BD1B8F1000F4AD1B9F1000FC1
:103F400002D02D492046C847EFF31187402383F361
:103F50001288BFF36F8F238B23F008039BB2238358
:103F6000D9063FD523F01002228303F007056669C6
:103F7000218B002EBFF67CAF0023D4F8008021F007
:103F80000701C4E9003341F0010121839946238BE5
:103F900003F0070AAA4502D0A268002AC1D1B8F1ED
:103FA000000F02D1B9F1000FDAD00022BAE7A16800
:103FB0000029C0D00D680029BDD04F683346524655
:103FC0002046B8471DB12B6829461D46F3E72B460E
:103FD000FAE74146334652462046D8F8008012F0B0
:103FE00074F9A8E79A067FF523AF23F02002228315
:103FF00003F0070527E700BFF7620100014B0360EC
:104000000020704744DB010007B51B491B4813F033
:10401000F8FD70BB1A49194813F0F3FD48BB194964
:10402000164813F0EEFD20BB1749144813F0E9FDC4
:10403000F8B90146154A114814F0CAF8C8B9024641
:1040400013490E48012314F09DF990B90123009300
:10405000014602230948EF2213F0DDFC48B9074866
:1040600013F002FD28B9054803B05DF804EB13F026
:104070002BBD03B05DF804FBB0010020AC080020AC
:104080009801002080010020680100203C010020F0
:10409000A4E4010010B5044616F0A0FC0349024652
:1040A000204612F0F3FC002010BD00BFD4E4010054
:1040B00037B5134600220192044601AA58680A2126
:1040C00001F0ECFC019D95B920EAE0744FF4004C3E
:1040D000294640F2E7304FF47A720023E4FB0C01EA
:1040E000FEF7B2FE18F00DFD284603B030BD2A469B
:1040F0000249204612F0E6FC019DF5E700E50100CB
:1041000008B5034A034912F0C1FC002008BD00BFF6
:10411000EAE50100F0E5010007B5002300906946DB
:1041200004488DF804300EF01FF99DF8040003B028
:104130005DF804FBC965010038B50446EFF311854D
:10414000402383F31288BFF36F8F06F0D3FF02463C
:1041500085F31188BFF36F8F0649204612F096FC55
:104160002046054912F092FC044821460EF016F94B
:10417000002038BD32E6010051E601008141000017
:1041800070B58EB004460D46D0F8A46018F0C5FB9B
:10419000034602F055FE214A1158214A2148002BBE
:1041A00018BF1A460092204A23468C4218BF024686
:1041B00028461E4912F06AFCD4E90A23CDE90023FF
:1041C000284694F90E30A289194912F05FFC06A91D
:1041D000202220460DF0C2FBE36E16490246284617
:1041E00012F054FC05A9204618F0A5FB024628B1A0
:1041F0001149284612F04AFC0EB070BD059B64229E
:10420000F11A4A430091B2FBF6F20C49CDE9016282
:104210002846324612F03AFCEEE700BF08000000E4
:104220005BE60100BDF00100B9FC01005EE60100A3
:104230006AE6010096E60100ADE60100DAE601005B
:1042400030B591B008AD044620220021284619F06F
:104250006CF81A222021284619F067F821461048E8
:104260000EF09CF807AA4FF400610E4818F057FBB7
:10427000079A0095C2F5006164234B43DB0A05935E
:104280004FF40063CDE90132064ACDE9031320461D
:1042900005490023403A12F0F9FB002011B030BD6F
:1042A000AD42000080A400202BE7010070B5044659
:1042B000D0F8A46088B00D4607A918F03CFB024670
:1042C00028B10F49284612F0E1FB08B070BD204626
:1042D00018F023FB079B0096F11ACDE90131094B39
:1042E00064224A43002818BF0346B2FBF6F206498F
:1042F000CDE903622846224612F0C8FBE5E700BF7D
:10430000ADE601005BE6010074E7010038B5134635
:10431000054610225868002111F0F2F90446FFF713
:10432000FBFE38B90E492246284612F0CBFB6FF04F
:10433000150038BD02F084FD0A4B1B589C4204D185
:104340000949284612F0BEFBF1E720460DF0D6FCE5
:1043500028460649224612F099FB0020E9E700BFF3
:10436000D8E7010008000000F3E701001BE80100A6
:1043700038B51346054610225868002111F0C0F9DF
:104380000446FFF7C9FE38B90E492246284612F006
:1043900099FB6FF0150038BD02F052FD0A4B1B5817
:1043A0009C4204D10949284612F08CFBF1E72046D3
:1043B00018F010FB28460649224612F067FB002041
:1043C000E9E700BFD8E70100080000005AE8010053
:1043D00080E8010038B513460546102258680021D0
:1043E00011F08EF90446FFF797FE38B90E492246C0
:1043F000284612F067FB6FF0150038BD02F020FD73
:104400000A4B1B589C4204D10949284612F05AFB1A
:10441000F1E7204602F0AEFC28460649224612F09B
:1044200035FB0020E9E700BFD8E7010008000000E5
:10443000BBE80100E0E8010010B50C46002112F0D5
:10444000DDFD00B10068034A20600023C4E90123B8
:10445000E36010BD00EA010010B50C46002112F027
:10446000D1FD00B10068034A20600023C4E90123A4
:10447000E36010BD00EA010070B5054650681446BF
:1044800012F0C4FD064640B962681049284612F091
:1044900019FB6FF01204204670BD17F0DBFF30B13E
:1044A00062680B49284612F0E3FA0024F3E730462D
:1044B00017F0C7FF6268044628B10346054928463D
:1044C00012F000FBE7E70449ECE700BF18E9010040
:1044D0002DE901004FE901007CE901002DE9F04FD1
:1044E0008FB0044601A8884691460CF003FC019F5A
:1044F0002D4A07EB40170821204612F0ACFA019E26
:10450000BE4203D300200FB0BDE8F08F35680DB177
:104510002B7833B9254A3346302102A811F052F8DE
:1045200002ADB8F1020F07D1D9F80410284618F0EF
:1045300056FF08B92036E3E71D4A2B4608212046DE
:1045400012F089FA304617F085FF1A4A1A4B0821F3
:10455000002808BF1346194A204612F07CFAF36976
:10456000002BE7D01D68002DE4D02B68002BE1D094
:10457000134A0821204612F06EFAAB464FF0000AAB
:104580002B68534505D80F4A0821204612F063FADC
:10459000D0E75BF8043F0C4A0821204612F05BFA92
:1045A0000AF1010AECE700BFAFE90100B9E9010037
:1045B000BEE90100A6E90100A0E9010026E9010029
:1045C000C3E901000FE70100BFE90100F7B5137867
:1045D0003A2B06460F46154614D1541C23783A2B25
:1045E00028D101340A2201A9204611F015F8019AB8
:1045F0003860A242034617D01078A8B93C2B15D9D1
:1046000015490EE00A2201A9284611F005F8019C7F
:10461000B860AC4208D023783A2B05D1172807D9C7
:104620000E49304612F04EFA6FF0150003B0F0BD9F
:104630000134D3E70A2201A9204610F0EDFF019BC7
:104640007860A342F0D01A783A2AEDD13B2801D9FC
:104650000349E6E75C1CC5E768EA01004AEA010095
:1046600058EA01002DE9F04194B00D46044606A930
:1046700001201746FFF786F90BA906A810F0F4FEF3
:10468000032D55D17D680A2205A9284610F0C4FFE4
:10469000059EB542804615D032782D2A12D10136BA
:1046A0000A2205A9304610F0B7FF059B9E4209D0AB
:1046B0001A782D2A06D1451E0B2D0CD92E492046DD
:1046C00012F000FA204612F032FA6FF01505284673
:1046D00014B0BDE8F0815E1C0A2205A9304610F036
:1046E0009BFF059B9E42EDD01B78002BEAD1431E19
:1046F0001E2B01D92149E2E7A8F26C73CDE90F53D3
:10470000BA680E900BA92046FFF760FF0028D9D1A8
:104710000BA8FFF769FAB1F1FF3F08BFB0F1FF3F07
:10472000CDE9060108D11649204612F0CBF9CCE7B5
:10473000022DC7D17A68E5E700230893012006A976
:10474000FFF760F9054628B102460E49204612F0EF
:10475000B9F9BAE70B9B03930C9B02930D9B019352
:104760000E9B109A00930F9B0749013302F26C7263
:10477000204612F08BF9AAE778EA010087EA0100E7
:1047800094EA0100BDEA0100D4EA010010B592B03C
:10479000044604A90120FFF7F5F809A904A810F0C0
:1047A00063FE099B03930A9B02930B9B01930C9B53
:1047B0000E9A00930D9B05492046013302F26C725C
:1047C00012F064F9002012B010BD00BFD4EA01005D
:1047D0002DE9F04114468846074610226068002102
:1047E00010F08EFFB8F1020F06461CD9A0680A220D
:1047F000002110F085FFC5B21F492A46384612F045
:1048000045F9B8F1030F1DD8102D0ED0202D0FD073
:10481000082D0FD13278D2B218490023384612F051
:1048200035F900200CE02025E6E7328892B2F3E764
:104830003268F1E73846124912F028F96FF0150096
:10484000BDE8F081E0681022002110F0BFFF0B46A8
:1048500002460C490446384612F018F9102D06D0CD
:10486000202D07D0082DE5D1E4B23470D9E7A4B2E9
:104870003480D6E73460D4E723EB01004EEB01002F
:1048800038EB010061EB01002DE9F04786B0002311
:104890000193534B91460122074688461A60FFF761
:1048A000FBF94FF0FF3520262C464E4A494640463C
:1048B000FFF716FA431C06D1691C41D14A49384614
:1048C00012F000F917E073281AD0772828D0612851
:1048D00011D1DFF818A101AADAF80000102101F0C7
:1048E000DDF8019B0546002BDFD0DAF800204049B7
:1048F000384612F0E7F86FF0150006B0BDE8F08713
:10490000DFF8E8A001AADAF80000002101F0C6F8FB
:10491000019B0446002BC8D0DAF800203549E7E7B0
:10492000DFF8C8A001AADAF80000002101F0B6F80B
:10493000019B0646002BB8D0DAF800202E49D7E7B5
:10494000621C01D12D49BAE75FFA86F8A8F1080385
:10495000DBB2182BC6F3C40604D8294A22FA03F3A3
:10496000DB0723D427494246384612F08FF8C2E7C6
:10497000B8F1100F21D0B8F1200F24D0B8F1080FF2
:1049800001D10A781A70314433444218102AEFD901
:10499000102CA14628BF4FF0100929464B4602AA09
:1049A000384600F071FF1035A4EB0904B4B1A642FB
:1049B000EED802AB2946701BE7E70A8892B21A705C
:1049C000120A5A70DFE70A681A70C2F3072C120C39
:1049D0009A70120A83F801C0DA70D4E720468CE797
:1049E00034010020B1EB0100B8EB0100083C0020CD
:1049F00077EB01008AEB01009DEB0100D5EB010094
:104A000001010001EFEB010070B50E4E0446337852
:104A10000D4629B123B1BDE870400B4912F052B8E0
:104A200083F0010333702BB10849204612F02EF8B1
:104A300001233370294620460022BDE8704012F061
:104A400090B800BF894F002009EC010044EC010040
:104A50002DE9F041DFF8F0803C4E05460C468F18FA
:104A6000A74201D1BDE8F08198F8002014F8013B7D
:104A7000182A22D1112B20D1354C36492268002624
:104A8000284688F8006012F001F828463146FFF702
:104A9000BBFF314B18780028E4D1304A23681168F5
:104AA000042B2EDC08B12360116013F003012FD119
:104AB000126813681BBA1360D4E7A3F13002092A05
:104AC00088F8003004D923F02002413A052A04D89E
:104AD0003168234A5354013131603368022BBFD10E
:104AE00010221F48002110F00BFE1E4A136803F825
:104AF000010B1360164A13680133136000233360FF
:104B0000AEE7086800BA41F8040B043B0120C7E790
:104B10005B4203F0030358BF5942022904D11268D3
:104B200013885BBA9BB2C6E703299BD11068026861
:104B30001104C2F3074301F47F010B4302F47F42E7
:104B4000134303608EE700BF8A4F0020143C00200F
:104B5000183C00206EEC01008B4F00201C3C002014
:104B60008C4F0020203C00202DE9F8430D462749BA
:104B7000274E00230B602749337080460B60174691
:104B8000012DB94657F8044F1DD92349022220466A
:104B900018F0F4FB70B9A378003B18BF01231C4444
:104BA0001E490222204618F0E9FB28B90123337080
:104BB000013DE5E70023F2E717492046FEF777FAC3
:104BC000C0B909F1040900221146D9F8040010F017
:104BD00097FD134B002211461860D9F8040010F01D
:104BE0008FFD104B104918604046FFF70DFF002065
:104BF000BDE8F88323782D2BE5D16378002BE2D034
:104C00000A492246404611F041FFD1E7143C0020FA
:104C10008B4F0020183C002088EC01008BEC010039
:104C2000203C00201C3C0020514A00008EEC01007A
:104C300013B5094817F00EFC50B100240649074887
:104C4000009401233A2200F073FE204602B010BD0A
:104C50006FF01200FAE700BF10D60100A4D80100DF
:104C600038B54468C4E90012A36044682346402272
:104C700053F8405B63626263002304F13802C4E9C5
:104C80000423C4E90A33C4E90633082223632262F9
:104C9000C4F8B830AB682BB11B6C1BB10949224674
:104CA00028469847AB681B6A0BB1284698470649C7
:104CB000002204F1800018F04CF8C4F8B440002041
:104CC00038BD00BFDD660100BD66010000487047C9
:104CD000A4D8010010B581680446183101F02CF900
:104CE000A168034A20461831BDE8104001F0C4B85D
:104CF00000EE010038B58368D3F88032DB05044646
:104D00001AD4406803685B689847054620B9E06894
:104D100012F046FDA3681D75A3685B6C13B12946AC
:104D200020469847A36802F08BF80022C3F8A82217
:104D3000034B185802F01EF86FF00F05ECE700BFA8
:104D400008000000014911F08BBD00BF0FE7010012
:104D50002DE9F04FA7B004465422002111A818F005
:104D6000E4FA0023CDE90533A36820465C330293BF
:104D700012F067FA204612F0AAF910B96069FFF73D
:104D8000E1FFA06814220021183018F0CEFA204666
:104D900012F0F9F8A168E068B1F854205C310026FF
:104DA00012F0C3FC204612F024FD4FF0FF38B2464B
:104DB000039611AFB3463546B146DDE90532012A07
:104DC0006BD0132B6CD8B8F1000F2AD1BBF1000FB8
:104DD0000AD0204612F02EFDA26814235C3211A9DD
:104DE0000DEB030011F06FFFB9F1000F0CD099F833
:104DF0001130FE2B08D1059B26AA02EB830252F844
:104E0000542C0AB101330593A068436A002B40F08B
:104E1000B580C6B1C369B3422BD00D9600F1180519
:104E200022E0029A0223394606A811F04CFF0699A7
:104E30007A680292034631B101290AD148B16A4A1F
:104E4000204612F08DFA6FF00705284627B0BDE81E
:104E5000F08F059B002B32D0386801F09DF898B197
:104E600066B1A5680D9618350CAE0FCE0FC5336828
:104E70002B602046FFF72EFF0125E6E75B4A012164
:104E8000204612F06DFADEE7059BC3B13A68294669
:104E9000204601F01BFA022809D1059B132B95D956
:104EA000069B022B92D1524B524A0121C8E703289C
:104EB00005D0059B013305934FF0010B7DE7039B64
:104EC0002BB9396807AA484611F0D4FF05460437C4
:104ED00008F1FF38A5B3EB68BBF1000F08D0FBB1B8
:104EE000204612F0AEF9204612F008F9424AC6E711
:104EF000B3B1A368DDF814A0AE4603F1180CBEE808
:104F00000F00ACE80F00DEF80030CCF80030AB68E2
:104F100033B96B7CFE2B04BF95F8108008F1FF3885
:104F2000D5F804C0BCF1000F08D0AE46BEE80F00B3
:104F30000CAE0FC6DEF8003033606646A94603E0CB
:104F4000059B63B101230393B8F1000F03D1069BC6
:104F5000022B7FF432AF059B013305932DE7A36845
:104F6000DB6A13B1DB68002BECD1244B0093244A9D
:104F7000119B0121204612F0F3F9E3E7059D90F81B
:104F80002830A5EB0A05BBB190F829104FF6FF7247
:104F9000FF2918BF0A469D4202D313449D420BD9F4
:104FA0008369184A0121204612F0DAF92046FFF7FA
:104FB00091FE6FF0150548E7012111F070FCA06823
:104FC00011F061FCA36811AA29465B6A02EB8A0210
:104FD000204698470546A06811F059FCA0680021BA
:104FE00011F05DFC31E700BF0EEE010022EE010082
:104FF00083EE010054E5010040EE01006FEE010078
:1050000064F10100A7EE0100F7B5044680680D4683
:10501000817D002949D1D0F880325A0504D511F09C
:1050200049FCE06812F053FBE368DB6873B9002DBC
:105030003BD0A66806F15C07384611F01EFC00283C
:1050400035D0394606F5AE70FEF73BF8A268E06849
:105050000DF106035C32294612F03CFB58B9A068FA
:1050600000F5AE715C30FEF72CF8A0685C3011F0F2
:1050700004FCADF80600204612F0DCF8A368D3F873
:105080007C329B0603D50B49606911F0E9FB204691
:1050900000F06AFDA268BDF80630A2F85630A2689A
:1050A0002046A2F8543012F029F803B0F0BD86F87B
:1050B0005C01CBE7B4DA010010B5836802221A75EF
:1050C00083689B6C0446BBB911F0A1FB8368D3F8DD
:1050D0008032DB040BD50321084B094A12F040F95A
:1050E000A0686FF4805100F5207011F0AAFB2046F3
:1050F000BDE8104000F07EBE10BD00BFC2EE010052
:10510000C0E901002DE9F04FB1B000230446099336
:10511000A36860689E6C026815691EB3DF6C10227C
:1051200009AB1BA9A847099BCBB10121A06811F0CD
:10513000B6FBA06811F0A7FB3B46099A1BA92046C5
:10514000B047A06811F0A3FBA068002111F0A7FBF5
:10515000A3689B6C002BDBD12046FFF7ADFF31B07D
:10516000BDE8F08F09AB01220DF12301A847099B8F
:10517000002BF4D09DF923109DF82330A26800295C
:10518000C6DB517D032900F20C83DFE811F0040037
:10519000800297020A030D2B43D00A2B41D0B2F8AC
:1051A0008012092B21F0FF01A2F880126DD028D8BF
:1051B000002B00F00281082B00F0EC81A268D2F8ED
:1051C0007C12890740F1F980013B162B00F2F58033
:1051D000DFE813F0C402FF010302FB01BE021C0260
:1051E000F300F300F300F30020022402F30039027D
:1051F000F3003E02F300F300F300F3004002F3007B
:1052000055021B2B3DD07F2B00F0D181A3F1200252
:105210005E2AD3D80121A06811F04CFB9DF8231021
:10522000BBE0D2F88012C9B221B1D2F88012C9B263
:105230008B42C3D1B2F8801263F30701A2F8801247
:10524000A568AB7D012B06D16069FFF77BFDA368E4
:1052500002229A7583E7B5F8541061B9284611F017
:1052600029FBE06812F033FA6069FFF76BFD204616
:10527000FFF722FF4CE72046FFF76AFDC5F8AC02B6
:10528000F5E7A36801225A7597E0A068D0F87C3250
:105290009B0740F19280012111F00CFBA068857DF5
:1052A000002D40F08A80B0F85430FF2B00F085804C
:1052B000B0F8562000F15C0100F5AE7018F00EF861
:1052C000A368B3F8562013441BA983F85C51A26865
:1052D000142302F5AE720BA811F0F5FC0B991429FA
:1052E0006BD830AB03EB810343F8545CA368B3F88D
:1052F0005620002A00F05782134493F85B30202B8D
:1053000000F0558221B1093B042B4BD9012948D12A
:1053100000250A950A9B30AA02EB8303002653F866
:1053200054AC504611F0A9FAB34681463746B04610
:1053300016AA4146284600F077FB0346002840D1D4
:10534000012E67D10A9B30AA02EB830353F8540C59
:1053500011F093FAA268064618323946284600F042
:1053600063FB0568284611F088FA864205D0821B47
:1053700092B2A919204612F03BF8A068B0F8563056
:10538000034493F85C30202B33D0093B042B30D9F5
:10539000D0F87C32DF0731D42021204600F0F2FC27
:1053A0000BE0013900200CAB009301900AAB1BAA63
:1053B00011F08BFD05460028ACD1606911F0DCFBD3
:1053C000A6E61B6803934A465146184617F0D6FFD7
:1053D00060B9039B1846FDF77CFE584538BF584618
:1053E0001FFA80FB002E08BF4746013608F101086E
:1053F0009EE70121204611F0B5FEDEE7002111F005
:1054000064FA2021204600F0BDFCA068012111F0C3
:105410005CFAD2E70490D0D90A9A30AB03EB82024F
:10542000B94652F8543C0393184611F026FAA26884
:10543000049B0690A2F840300496A26849461832B0
:10544000284600F0F1FA039BD0F800A0D4F80880B9
:1054500009F10109002B38D0BAF1000F38D0069AB3
:105460001946504617F08AFF0028E6D1BD4811F0D2
:1054700004FAB8F83A2000EB0B0189B2121A504630
:1054800092FBF1F292B20591079211F0F6F90599AB
:10549000079A091A8BB2B8F840100593481CA8F86F
:1054A0004000B1FBF2F002FB101189B200295ED17D
:1054B000AC4BAD4ACDF800A00621204611F050FFBC
:1054C0000599204600F03AFB05E0BAF1000FCDD176
:1054D0000023A8F84030049B013B0493ADD16069E0
:1054E000FFF730FC204600F085FC0A9B30AA02EB57
:1054F000830307F1010953F8540C11F0BEF9394642
:1055000011AA8046284600F08FFA0746A06839683D
:10551000FF2200F5AE7017F043FF3B6803934FF690
:10552000FF77BA4616AA4946284609F1010B00F052
:105530007BFA18B3A168036801F25B11002211F82D
:1055400001EF985C704503D110B101325245F6D19C
:10555000B8F1000F01D0424507DBBA4206F1FF3631
:10556000A8BF3A46012E97B208D0D946DAE77F4A5B
:1055700053460621204611F0F3FEA1E7002F3FF429
:105580001CAF0399A7EB080292B24144204611F0E8
:105590002FFF12E7A068D0F87C329E077FF50DAF91
:1055A000012111F087F9204611F043FF05E7A068BB
:1055B000D0F87C329D077FF500AF012111F07AF918
:1055C000A368D3F87C321807EDD4204611F012FFFF
:1055D000F3E6204611F03EFEEFE6204611F031FEE4
:1055E000204611F074FD10B96069FFF7ABFBA068AD
:1055F000012111F05FF9A3689A7D012A02D10322EB
:105600009A75DAE62046FFF757FDD6E6204611F0F8
:105610002AFED2E6204611F031FECEE6D2F87C32E8
:105620009F0603D55249606911F01AF9A368D3F8AF
:105630007C329E0603D54F49606911F011F920466E
:1056400000F0D8FBB9E600212046FFF7DDFCB4E608
:105650000121F9E7204611F0EDFD204611F0D7F8C1
:105660000121A06811F026F9A368D3F87C329D06C9
:105670007FF5A3AE4049606911F0F2F89DE620463F
:1056800000F0AEFAA068012111F014F995E65B2B49
:1056900002D10223537590E6D2F87C22900706D5FA
:1056A000622B07D14FF0FF31204611F084FDA36833
:1056B0000022E8E5662BFAD10121F5E700215175BA
:1056C000A268D2F87C1289077FF522AD313B1B2BF3
:1056D0003FF673AE01A151F823F000BF5957000007
:1056E0007D570000915700004D570000BB5300004C
:1056F000BB530000BB530000BB530000BB53000072
:10570000BB530000BB530000BB530000BB53000061
:10571000BB530000BB530000BB53000051560000B8
:10572000475600000D560000D3550000BB53000043
:1057300051570000BB5300005D570000BB530000F1
:10574000BB530000BB530000815700000323537577
:10575000204611F076FD30E603235375204611F004
:1057600069FD2AE6BCF0010006EF0100C0E9010076
:10577000B9DA0100BEDA0100B4DA0100032353757F
:10578000A068D0F87C1201F0010181F001013EE631
:1057900003235375A368D3F87C329B077FF50DAEC6
:1057A00013E7002376E700297FF4B0ADB0E50029C8
:1057B0007FF4F8ADACE500BFF7B504468068154648
:1057C00000F52070002932D04FF4804111F02AF802
:1057D000A3681D656068036800219B68984758BBF3
:1057E000204611F0D6F838BB4FF0FF364FF0FF37A8
:1057F000A06800F5217000220721CDE9006717F0AD
:1058000084FBA06811F043F80C4A0421204611F0F3
:105810006BF820460A4A012111F066F860680368B7
:105820005B6903B19847A06811F02DF8E0E76FF4C9
:10583000804111F006F8CBE703B0F0BDF54C000055
:105840006169010010B50B49044611F01FF92046AB
:10585000094911F01BF92046084911F017F92046B3
:10586000074911F013F92046064A002100F004FB15
:10587000002010BD0CEF01004AEF0100A9EF01006C
:10588000FDEF010098F00100F8B516460A462149DF
:1058900004461F4611F0FAF80025AF420ED9725D9A
:1058A0001D49204611F0F2F80135102D0BD06A0782
:1058B000F3D11A49204611F0E9F8EEE718492046DD
:1058C00011F0E4F8F0E71749204611F0DFF8002561
:1058D000BD4213D2725D1449A2F120035F2B28BF91
:1058E0002E22204611F0D2F80135102D0BD06B0777
:1058F000EED10A49204611F0C9F8E9E707492046E8
:1059000011F0C4F8F0E720460849BDE8F84011F06E
:10591000BDB800BFAEF00100B5F00100BDF0010060
:10592000BBF00100BFF00100E1F00100C1F0010097
:105930002DE9F04104468068D0F8A88288B00F466F
:1059400015461E46B8F1000F53D14FF42C72414654
:1059500017F0EBFCA06800F5217017F0CAFAA068F8
:1059600000F524700122114616F034FFA369C3F834
:105970000080A0684FF4007100F5207010F052FF15
:10598000A36850225A87A36818221A8721682046E4
:1059900011F0A6F8A36825F0140262F30705C3F816
:1059A0007C526068144A036839461D682346A8473C
:1059B0000546D0B9A36801221A75D4E9090100226D
:1059C0000023CDE906230E2303930E9B0495CDE916
:1059D00001630094094B4FF400620CF079F8A3685E
:1059E000C3F8A802216A0BF0A9FF284608B0BDE859
:1059F000F0816FF07705F8E721690100B9570000E1
:105A000010B5044613460A460146064801F084FBD9
:105A100023691B7923B12046BDE8104011F0ACB8D2
:105A200010BD00BF916B010038B50B46154648B953
:105A30001449154A521AB3EB920F05D251F823506C
:105A4000284638BD84680CB90025F9E70F4A94420E
:105A50000AD30F4A944207D2184622682946904733
:105A60002B68002BECD1EFE70A4A944202D30A4A92
:105A7000944205D3246814225343E518E358F0E711
:105A80000133F8E7D0D8010008D901000CDA010091
:105A900014DA010008D901000CDA0100F7B5037827
:105AA0002D2B0446154605D16FF015032B60002001
:105AB00003B0F0BD01F0C4F90B4F00230646C351FB
:105AC0000A46204601A90FF01BFEF359222B02D1F2
:105AD0006FF02103EAE7002BE6D1019BA342E3D05C
:105AE0001B78002BE4D0DFE70C0000008368D3F8BC
:105AF0007C329B0603D50249406911F0C9BA704750
:105B0000C4DA0100014911F0C3BA00BF0FE7010078
:105B10000A1E0DDC0ED042238168D1F87C12890662
:105B200008D5002A04494069B8BF524211F0B0BA02
:105B30004123F1E7704700BFDDF001000A1E0DDCD4
:105B40000ED044238168D1F87C12890608D5002A3A
:105B500004494069B8BF524211F09ABA4323F1E7B1
:105B6000704700BFDDF001002DE9F047846805466D
:105B700004F15C00FDF7ADFA002294F83C8087B296
:105B80009146668FA6EB0806BE4209DB002F21DD99
:105B90005C32686910492244BDE8F04711F078BAD8
:105BA000164434445C3294F85CA084F85C90AB6892
:105BB0000A4968691A4411F06BFAAB6833443246FB
:105BC00083F85CA0AC68638FA3EB0803FF1A4FF067
:105BD0000008D6E7BDE8F087C0E9010054E5010000
:105BE000F8B58368B3F854200446002A55D0B3F8BA
:105BF0005610002951D05B3103F15C050B44184667
:105C0000A84206D3014611F80169202E3CD0A842D3
:105C10003CD286B29DB2AB1B9BB2591C471CD21A18
:105C20000144384617F068FBA268B2F85430711B83
:105C300013FA81F3A2F85430A368B3F85420134444
:105C4000002283F85C2009B2204611F08BFAA36889
:105C5000D3F87C329A0603D51049606911F018FA1E
:105C60003B460F4A0821204611F07AFB2046FFF7F9
:105C70003DFFA368D3F87C329B060ED560690949C5
:105C8000BDE8F84011F004BA0846B9E7014611F83A
:105C90000169202EBDD00846B9E7F8BDC9DA010078
:105CA000C0E90100CDDA01002DE9F04704460F46B6
:105CB00090460AB1FFF71AFFA668D6F87C32B6F80C
:105CC00056505B0723D505F15C003044FDF701FA1F
:105CD0000546B5B9A368B3F85420A3F85620A068C8
:105CE00011F0E3F930B1B8F1000F00D017B16069DD
:105CF000FFF708FF7942204609B2BDE8F04711F0EE
:105D000031BA1D49606911F0C3F9013DE1E7304640
:105D1000FDF7DFF9B6F85490738F19FA80F915FA88
:105D200080F0B0FBF3F2B9FBF3F39A42AA461AD023
:105D30004845A368CEDA5A8FB0FBF2F302FB130397
:105D4000451C13B96069FFF7DDFEA3680B4A534495
:105D5000204693F85C300AF10106082111F000FB9F
:105D6000B2462846E4E75C35054A73190821204607
:105D700011F0F6FAAEE700BFB9FC0100E1F0010056
:105D8000C0E9010013B583688DF80710D3F87C22B1
:105D90000446D00725D5B3F85610B3F854208A42EC
:105DA0001FD0481CA3F856000B449DF8072083F829
:105DB0005C20A368D3F87C12890710D5D3F87C3215
:105DC00060690B4913F0040F18BF2A2211F060F923
:105DD000204611F07CF910B16069FFF793FE02B024
:105DE00010BD01220DF10701204611F0C7FAF6E7B8
:105DF000E1F0010010B583689A7D04461AB9094A9A
:105E0000022111F0ADFAA368D3F87C329B0707D5C5
:105E10002046FFF7A9FE2046BDE8104011F07DB9ED
:105E200010BD00BFC0E90100014911F03CBB00BF3B
:105E30000FE70100F8B50F465168054616461C46A7
:105E400011B11A4611F03CFBB3688BB121462846CC
:105E5000FFF774FE074A08213B46284611F080FAF6
:105E6000B168E21D21B12846BDE8F84011F028BB19
:105E7000F8BD00BFE4F001002DE9F0430E4600211B
:105E800089B0044617460D4603AA304601F10108C1
:105E9000FFF7CAFD88B96DB127B13A4608212046FF
:105EA00011F05EFA002103AA304601F10108FFF764
:105EB000BBFD60B909B0BDE8F083006810B1FDF723
:105EC00008F980B2854238BF05464146DCE7D0F884
:105ED0000090B9F1000F0FD099F8003063B1476816
:105EE000124B134ACDE900590821204611F038FA27
:105EF00027B96069FFF798FF4146D4E70B4B0D4A7D
:105F00002046082111F02CFA384611F0BAFAAB1DE0
:105F10009BB228B13A4649462046FFF78BFFEBE794
:105F20001A463946204611F0CBFAE5E7FCFC0100A1
:105F3000EFF00100F6F00100F7B50F6805460E46D8
:105F4000D7B13846FDF7C5F884B2114B009308214C
:105F50003B4628460F4A11F003FA7168084611F0D3
:105F600090FAE31C9BB248B10A463168284603B058
:105F7000BDE8F040FFF75EBF3C46E6E731B11A46A8
:105F8000284603B0BDE8F04011F09ABA03B0F0BD66
:105F9000F8FC010007EF010010B507490446FDF7C2
:105FA00086F838B105492046FDF781F8B0FA80F04F
:105FB000400910BD0120FCE7FBF00100FEF00100EC
:105FC00010B58368D3F87C329B06044603D5064996
:105FD000406911F0E1FAA36850225A87A368182299
:105FE0001A87002010BD00BFD1DA010008B583690F
:105FF00002491A6810F04AFD002008BD05F10100B1
:10600000F7B50C490C4C0D4E054610F03FFD002233
:10601000B44202F1010702D3002003B0F0BD236AAD
:106020000093A368064992B2284610F02FFD2C3445
:106030003A46EDE715F10100A4D80100D0D80100DF
:106040002DF1010008B5024910F04AFD002008BDFD
:1060500010E7010037B504460025A268E0680DF19D
:10606000060302F5AE72012111F034FBBDF8060003
:10607000A36840B12A46064903F5AE73204610F0E6
:1060800005FD0135E9E783F85C0103B030BD00BFD1
:106090003EF1010010B5044610F05BFD03490246D5
:1060A000204610F0F3FC002010BD00BF3DFC0100B5
:1060B000022907B50BD15368009312680B4B0C49AA
:1060C00010F000FD6FF0150003B05DF804FB83686D
:1060D000084AD3F87C32084913F0020F074B18BF67
:1060E0001A4610F0D3FC0020EEE700BF4CF101008F
:1060F00061F1010048F101006AF1010008E60100C8
:1061000010B58368D3F87C329A06044603D5074954
:10611000406911F041FAA368D3F87C329B0603D59D
:106120000349606911F038FA002010BDD8DA010087
:10613000DDDA0100F0B5012985B004460BD05368C3
:10614000009312685B4B5C4910F0BCFC6FF01505C6
:10615000284605B0F0BD8368D3F87C329A0603D593
:106160005649406911F018FA6FF0F9012046FFF71F
:10617000CFFCFA212046FFF7E1FCA06800254FF490
:106180008072294600F5AE708DF80B5017F0CDF8EF
:106190004B49606911F000FA606910F0EDFC4FF4B2
:1061A0007A766068036801221F690DF10B0103AB69
:1061B000B847039B53B9013E4FF47A70B6B216F05C
:1061C00024F9002EEDD16FF0850535E09DF80B2008
:1061D000A3681B2A61D093F85C111B29E1D1522AD4
:1061E0005BD15A19002382F85C31A66896F85D21CC
:1061F0005B2A39D106F25D15022015F8011F02460F
:106200003B2900F1010080B231D1FF2ADBD002F539
:10621000AE7216FA82F1002211F8015F002D30D122
:1062200086F85C51FA2AA16828BFFA224A87A26838
:10623000FA2B28BFFA231387A368D3F87C329B0676
:1062400003D52049606911F0A7F9002D80D0A3681B
:106250001D4950225A87A36818221A87204610F039
:1062600023FC6FF0070573E786F85C31ABE703EBBF
:106270008303303901EB4301B0F5807F8BB2BCD191
:10628000A1E7013002EB820280B2303D05EB42050E
:10629000B0F5807FAAB2BFD195E72B440135ADB2EE
:1062A000092D83F85C217FF67CAFA368002283F878
:1062B0005C2188E74CF1010061F10100E3DA0100A3
:1062C000FFFC0100E7DA01007BF101002DE9F04F4E
:1062D000074689B01546894621B1104611F075FA76
:1062E00000285BD1032455E05C463CE029460AF5D2
:1062F000AE7017F074F80646002854D0FCF7E9FE9B
:1063000082B2601C01323146304416F0F5FF22465D
:106310005946304616F0E2FF4FF020033355BAF8E5
:10632000583001331C44AAF8584008F101080024F1
:1063300001994B1C03AA48460193FFF775FB0646DB
:10634000E8B131680022284611F0EEFA0028EFD1BA
:10635000D6F800B0D7F808A0BBF1000FC4D058465B
:10636000FCF7B7FE84B2BAF858302344FF2BBDDDEA
:106370000E4A2B460321384610F0F2FF0124B8F1F3
:10638000000F07D0B8682A4600F1580100F5AE703A
:1063900010F049FD204609B0BDE8F08F4FF000082D
:1063A00041460224C5E70224E9E700BF78F6010070
:1063B00001480DF051BA00BF68DF010038B504464E
:1063C00018B90F4B0F485B6898476168B1F5683F93
:1063D00010D0B1F5680F0DD00B4DA9420AD011F4C1
:1063E0006861206807D00146084816F0DEF80023EF
:1063F0002360656038BD142216F097FFF9E700BFEF
:1064000060040020CAF601002C5F5CA9D84300207C
:1064100008B520B34368B3F5683F10D10122036883
:10642000BFF35B8F53E8001F002903D143E800202E
:106430000028F7D1BFF35B8F0DD1002008BD094ABA
:1064400093420AD000684FF0FF324FF0FF330AF05A
:10645000CDFE0028F1D00448F0E70448EEE76FF4E1
:10646000E040EBE72C5F5CA9E98FFFFFEA8FFFFFBD
:1064700008B5D8B14368B3F5683F10D1002203686E
:10648000BFF35B8F53E8001F012903D143E80020CD
:106490000028F7D1BFF35B8F0BD1002008BD074A5E
:1064A000934208D000680AF013FFF6E76FF4E0406B
:1064B000F4E70348F2E70348F0E700BF2C5F5CA96C
:1064C000E98FFFFFEA8FFFFF10B5044618B91D4B97
:1064D0001D485B6898476368B3F5683F2FD0B3F5F4
:1064E000680F2CD0194A934219D1236803BB18486E
:1064F0004FF0FF324FF0FF3321460AF079FD08B923
:1065000023681BB90F4B13485B6898472068142217
:10651000002116F00AFF4FF46863636008E0B3F5EA
:10652000680F0DD83A2B03D040F6BA629342DED101
:10653000206816F099F8636843F03A03636010BD71
:10654000054AF3E760040020CAF601002C5F5CA94D
:10655000D8430020F0F601003A00003A08B5064999
:1065600006484023142216F013F8BDE808400449F9
:1065700004480DF001BC00BFD83E0020D8430020E5
:1065800070DF010084DF010038B50C46154611F0BC
:1065900062F9034B43F8305003EBC0035C6038BD35
:1065A0005405002008B50348034A0021121A11F0CF
:1065B00053F908BD400900203C9100200748084AD3
:1065C000084908B5121A11F049F90748074A08495D
:1065D000BDE80840121A11F041B900BF00000020C8
:1065E0004009002050FD01000000002000000020B4
:1065F00050FD010038B505460C4699B1D1E901239B
:106600000F4809680FF0E0FDD4E90423E1680D4864
:106610000FF0DAFDE1690C480FF0D6FDA1690B48D7
:106620000FF0D2FD012D05D1EFF305810848103997
:106630000FF0CAFD21462846BDE838400AF064BB89
:106640001DF701004DF701007DF701008DF70100F6
:10665000BCF7010030BFFFF7FDBF00BF2DE9F041DF
:106660000B4EDFF8308006EB0807CC1B05463246A0
:106670000949204616F032FEA01942460021083C86
:1066800016F053FEC5F8B04007F10800BDE8F081F0
:10669000000000000800000014DA01002DE9F843B2
:1066A000324D80463248894617460FF08DFDAB6A61
:1066B000DE0622D52F480FF087FD1124AB6A1D0797
:1066C00003D52D480FF080FD1224284DAB6A9807A2
:1066D00015D52A480FF078FD6E6BAB6A190642D5C6
:1066E000274831460FF070FDB9F1000F03D0AB6AB7
:1066F00023F08003AB62132403E01024DEE76FF085
:1067000015061A4DAB6ADA0703D51E480FF05CFD7B
:106710001424AB6A9B0603D51B480FF055FD1524C6
:10672000124B9A6AD50602D49A6A90070AD55B681A
:10673000190507D54146304600F0CEFA10B180F376
:1067400009880224094B9A6A920642BF5A6A22F4C7
:1067500000525A629A6A42F0FF029A6200233B702A
:106760002046BDE8F8836FF01506C4E700ED00E0B1
:10677000D0F70100E7F701001BF801002FF8010036
:1067800048F801005FF801007FF8010010B51D4CCA
:106790001D480FF019FDA36A990130D51B480FF071
:1067A00013FD1E20A36ADA0103D519480FF00CFD72
:1067B0001F20144CA36A1B0303D516480FF004FDD9
:1067C0002120A36A590303D513480FF0FDFC2220B2
:1067D0000C4CA36A9A0303D510480FF0F5FC232054
:1067E000A36ADB0303D50E480FF0EEFC2420054A14
:1067F000936A6FEA03436FEA1343936210BD1D204F
:10680000D0E700BF00ED00E0AFF80100C8F80100DC
:10681000DCF80100F7F8010016F901003CF901006D
:1068200057F9010070B5244C064624480D460FF078
:10683000CBFCA36AD90435D521480FF0C5FC17203D
:10684000A36A1A0503D51F480FF0BEFC18201A4C86
:10685000A36A9B050FD51C480FF0B6FCA16BA36A79
:10686000180407D519480FF0AFFC1EB1A36A23F432
:106870000043A3621920104CA36A590503D514489C
:106880000FF0A2FC1A20A36ADA050DD511480FF00B
:106890009BFC1B20084A936A43F47F4393620023C6
:1068A0002B7070BD1620CBE7A36A9B04F2D50A4873
:1068B0000FF08AFC1C20EDE700ED00E083F90100F9
:1068C0009AF901001BF80100ACF90100C6F90100BA
:1068D000DCF90100F8F901007FF801002DE9F04131
:1068E0005D4B5F688AB00446C7F30806002585F350
:1068F0001188BFF36F8F02F07F43B3F17F4F06D152
:1069000002F00C03082B13D154480FF05DFC002556
:106910002C464FF00008F31E8DF80780092B00F27B
:106920008C80DFE803F00A80847C8A8A8A8A8A88DD
:1069300010074CBF0C460125EBE74948464E0FF0C7
:1069400043FC8DF80780F36A9A0704D545480FF099
:106950003BFC00232AE0F36A002B01DA4248F6E709
:10696000F36A5B00F5D541480FF02EFC7369A2690C
:1069700043F480737361BFF34F8FBFF36F8F32F8AF
:10698000023C726922F480727261BFF34F8FBFF3D1
:106990006F8F03F47F42B2F55F4F27D1DBB2022B3A
:1069A00024D1216832480FF00FFC23689DF807209E
:1069B000CAB902AE04F1200720686168324603C2FA
:1069C0000834BC421646F7D1099A002D41D0C2F3D3
:1069D000080121B96FEA52226FEA4222099202A904
:1069E0001846FFF707FE0AB0BDE8F0811A4B9A6A15
:1069F000D2B232B10DF1070201212046FFF74EFE5F
:106A00000FE09A6A12F47F4F05D00DF107010120C3
:106A1000FFF708FF05E09B6AB3F5803F99D3FFF7C6
:106A2000B5FE0346C2E70DF107020021E5E70DF1CF
:106A300007010020ECE70F4889E70F4B0F4910488A
:106A400017F4F87FA6F1100208BF19460FF0BCFB3F
:106A50007FE76FF30802C1E700ED00E03FFA0100B5
:106A60006BFA010083FA0100A5FA0100B4FA0100F3
:106A7000D4FA0100F1FA010011FA010026FA01002E
:106A800016FB0100044B5A6942F010025A615A6920
:106A900022F008025A61704700ED00E0EFF3088031
:106AA000EFF3098101B57246FFF718FF01BD00BF82
:106AB000002080F31488BFF36F8F144880F3088898
:106AC00000201349087009F0F3FA0020114908600A
:106AD000BFF34F8F00F034F8402080F311880E4848
:106AE0004FF0AA014FF4046210F0B6FE0A484FF4CA
:106AF0000461401880F30988EFF3148002210843F1
:106B000080F31488BFF36F8F00F0B6F800B6002052
:106B10002191002094ED00E040A400200749D1F825
:106B200090200023C2F307221846934200DB7047EF
:106B3000C1F89830C1F8A0000133F6E700ED00E09D
:106B400008B572B6002383F31388FFF7E7FF144BF1
:106B50004FF0FF32C3F88020C3F88420C3F88820A8
:106B6000C3F88C20C3F89020C3F89420C3F8982071
:106B7000C3F89C20C3F88021C3F88421C3F888217E
:106B8000C3F88C21C3F89021C3F89421C3F898214D
:106B9000C3F89C2162B6BFF34F8FBFF36F8F08BD60
:106BA00000E100E01EF0040F0CBFEFF30880EFF3EC
:106BB0000980816911F8021C0229FFD001B57246D3
:106BC00010F04EFE01BD00BF40B2002807DB044AB2
:106BD0004109012300F01F00834042F82130704733
:106BE00000E100E040B200280CDB4309064900F058
:106BF0001F0020330122824041F82320BFF34F8F32
:106C0000BFF36F8F704700BF00E100E0054B420902
:106C100000F01F0053F82220012303FA00F0104077
:106C2000704700BF00E100E040B2D30754BF02311B
:106C300000210028ACBF00F16040074A4FEA411331
:106C4000ACBF00F5614000F00F00DBB2B4BF1354DD
:106C500080F80033704700BF14ED00E0044B054A94
:106C600023F07F039360BFF34F8FBFF36F8F7047A5
:106C70000000000000ED00E008B5FFF7EFFF074A55
:106C8000D2F8883023F47003C2F88830FFF78AFC0A
:106C9000FFF794FC00F0B6F80AF002F900ED00E00E
:106CA00042F8203C009B42F81C3C0A49019B42F8F8
:106CB000183C029B42F8143C21F001014FF0807314
:106CC00042F8043C42F8081C0023203A0265C0F850
:106CD000B4307047C53A00000A4A0346906878B15C
:106CE00013F1160FD0F8A00005D0A0F14002934296
:106CF00005D3834203D2814228BF00207047002081
:106D0000704700BFAC4A002008B515460C4A0D4B31
:106D10009060D0F8B0201A600E4600F0A3F82C4620
:106D200086F309880020044B984720460021002262
:106D30000023024C20470000A1780100C53A000062
:106D4000AC4A0020F4430020014B10221A61704726
:106D500000ED00E0054B5A699B689A421FBF044A48
:106D6000536843F080535360704700BFAC4A002023
:106D700000ED00E0084B9B6883420BD1EFF30583E5
:106D800043B1064B5A6842F080525A605A6A22F464
:106D900000425A620BF096B9AC4A002000ED00E0C8
:106DA00015498A684FF030001044EFF3098C80E8F1
:106DB000F01F402080F31288BFF36F8F0F4F4FF00A
:106DC00000664A698A603E60D2F8B0000C4C2060D0
:106DD000D2F8B4000023C2F8B43080F3118804B5AF
:106DE000104600F03FF8BDE8044002F1300090E8A2
:106DF000F01F8CF309887047AC4A002004ED00E0D6
:106E0000F4430020044800234021C2180133302BF2
:106E100082F80013F9D1704700E100E008B5EFF304
:106E20000583064A103B02EBC30152F83300496860
:106E30008847BDE80840FFF78DBF00BF540500201C
:106E40000148006870470000F4430020024B034AE9
:106E50000348012100F078B8000004200000002061
:106E600094DF0100D0F8A030054A403B1360054B89
:106E70004021C2E901131046012100F06FB800BFA4
:106E8000F843002000000B15084AC2F898000B6870
:106E900023F01F03034343F01003C2F89C308B68B8
:106EA00043F00103C2F8A030704700BF00ED00E0DE
:106EB0002DE9F043DFF8608085B00E461F4604469A
:106EC0004FF00009B14523DA6068D8B13FB1411EE7
:106ED00008421BD11F2819D92368194216D12368EB
:106EE000019310F000FDA36803430393D8F890507A
:106EF000C5F30725D0B2013DA84207D801A9FFF785
:106F0000C3FF421C09F101090C34DBE76FF01502E5
:106F1000104605B0BDE8F08300ED00E0044B05220B
:106F2000C3F89420BFF34F8FBFF36F8F704700BF3C
:106F300000ED00E0BFF35F8F024B0022C3F8942006
:106F4000704700BF00ED00E010B5034C012322782C
:106F5000FFF7AEFF207010BDAC4F002008B50B4A04
:106F600000231278FFF7A4FF10F1160F07D0084A8C
:106F70000021D2F89030C3F30723984200DB08BD0C
:106F8000C2F89800C2F8A0100130F2E7AC4F002020
:106F900000ED00E02DE9F0435A4B5B4DD3F8903003
:106FA0002C68C3F307239C4285B000F2A780FFF74B
:106FB000C1FF00200C2684421AD1544EDFF84491C0
:106FC00034706846FDF71AF8514C524D8046002740
:106FD000B84514D133784B490020D1F89020C2F342
:106FE00007229342C0F28480FFF798FF002045E01B
:106FF000696806FB0011FFF747FF0130DBE70098E7
:1070000000EB07114FEA071CCB682340B3F5000FD4
:107010004DD00AD8B3F5001F33D0B3F5800F3BD065
:10702000B3F5801F13D00137D2E7B3F1007F47D00B
:10703000B3F1805F4DD0B3F1807FF4D150F80C30C4
:1070400088684A6810F04FFC40F0887009E050F8FA
:107050000C3088684A6810F046FC40F0885040F4D4
:107060003020CDE901230390D9F890303078C3F374
:107070000723013B984234D96FF0150005B0BDE8F5
:10708000F08350F80C3088684A6810F02CFC40F00F
:10709000885040F40020E4E750F80C3088684A68D3
:1070A00010F021FC40F0C06040F40030D9E750F807
:1070B0000C3088684A6810F016FC40F08270D0E707
:1070C00050F80C3088684A6810F00DFC40F48020BD
:1070D000C7E750F80C3088684A6810F004FC284371
:1070E000BFE701A9FFF7D0FE3378013333709AE789
:1070F000C1F89830C1F8A00001336EE74FF0FF30BF
:10710000BCE700BF00ED00E0A0DF0100AC4F0020B5
:107110000000F0FF00000211F0B587B007460E46F0
:1071200014460021102268461D4616F0FEF8022380
:107130008DF802302A46054B019321466846CDE979
:1071400004760EF0CFFB07B0F0BD00BF0D79010053
:1071500008B505480FF038F8002383F31188BFF312
:107160006F8F0423184602DF39FB010008B506497A
:10717000064821F00701C1F1005202F580220EF00D
:10718000B0FF002008BD00BFBFE100200444002084
:107190002DE9F04F91B01D461A9B06460C469346CA
:1071A000002B00F04B82B146294619F8010B10F074
:1071B000B3FB0246207810F0AFFB3F2A07465FFA88
:1071C00080F821D006DC92B12A2A32D0D2B24245D0
:1071D0002DD01EE05B2A7DD05C2AF7D1EB07F6D4D8
:1071E000707810F099FB06F10209C2B2EFE7E806E9
:1071F00002D5B8F12F0F03D0B8F1000218BF012259
:10720000104611B0BDE8F08F18B12F2803D1A9079F
:107210000DD50122F4E72E2809D16A0707D55C4570
:10722000F7D0AB0703D514F8013C2F2BF1D0013474
:107230002CE0707810F070FBC1B22A2918D02E2FE4
:1072400009D16F0707D55C45E3D0AE0703D514F825
:10725000013C2F2BDDD079B915F00202D0D0ED061C
:1072600000F1EE812F21204616F07BF8021EC5E7C3
:1072700019F8010F2946DDE72F2909D1A80707D5FD
:10728000204616F06EF804460028C2D04E468AE723
:107290001A9B05F0020A5F1E2646B8F1000FB8D00F
:1072A0005A4600972B4621464846FFF771FF024693
:1072B0000028A5D03078294610F02EFB2F2804F1A5
:1072C000010404D1BAF1000FA3D12646E8E75FFA22
:1072D00080F8E1E700289CD02F2848D1AA0798D44D
:1072E0007378212B01D05E2B4FD1B31C0593012362
:1072F00029463846069310F00FFBC3B20493A0F161
:107300004103192B099394BF002301230F93A0F18C
:1073100020035E2B94BF002301230E93A0F1610391
:10732000192B089394BF002301230D93A0F121038F
:107330005D2B0B9394BF002301230C93A0F130032A
:10734000092B079394BF002301230A93059B039302
:1073500006460022039B1B785D2B1ED1059B0399DB
:107360008B4222D2069B01F1010993425EE72E284F
:10737000B6D16B07B4D55C453FF44BAFA807AFD58A
:1073800014F8013C2F2BABD143E7CDF81490002328
:10739000AEE70122CDF80CA0DCE7002B00F04C8119
:1073A0002F2B38D1A9073FF534AFDDF80CA02946C3
:1073B0001AF8010B10F0B0FA039949782D29C3B2DD
:1073C00040F0348103998978002900F02F815D29EC
:1073D00000F02C8103985C2900F1020A04D1E9072E
:1073E0005CBF014601F1030A1AF8010B0393294619
:1073F00010F092FA002800F01F8115F0080F039B8F
:1074000040F00E8104999942C0B2C3D3814298BF23
:1074100042F00102BEE703995C2B497805D1EB07E6
:10742000C3D4039B01330393BFE75B2BBDD13A2940
:10743000BBD1039B0020991C03468A4611F801CB5F
:10744000BCF1000F46D17F497F4FBB4208BF884245
:1074500000F0DB80814277EB03015AD37B49A7F52B
:1074600010276FF4817C6744BB4208BF884200F05C
:10747000BA80814277EB030137D37549A7F500370E
:10748000A7F50177BB4208BF884200F09A8001F15E
:10749000C16107F57F4701F50031F137BB4208BFF5
:1074A000884200F09880DFF8ACC101F1E06101F59D
:1074B0000031634508BF88427FF477AF26F0200390
:1074C000413B192B7FF665AF079B092B98BF42F014
:1074D00001025FE711F802ECBEF15D0FB3D01B02B1
:1074E00043EA10634CEA0020A7E75B495B4FBB42CD
:1074F00008BF884200F08E8007F1E047584907F541
:107500007437F6378B4208BFB8427FF44EAF0C9BFE
:107510007CE05449544FBB4208BF88426BD0814243
:1075200077EB030129D35149A7F53F37A7F5FC773E
:10753000BB4208BF88426FD007F1C6474C4907F5E8
:10754000713707F57D778B4208BFB8427FF42DAFC6
:107550000B9B0E2B7FF61DAFA6F13A03062B7FF691
:1075600018AFA6F15B03052B7FF613AFA6F17B03E3
:10757000032B98BF42F001020CE732493D4FBB425A
:1075800008BF88424AD007F1F04701F18061A7F5B2
:1075900088176FF4E16C01F500316744BB4208BF06
:1075A00088427FF402AF079B092B7FF6F2AE099B5E
:1075B000052B7FF6EEAE089B052B98BF42F001022B
:1075C000E8E6099B192B7FF6E4AE089B192B98BFC0
:1075D00042F00102DEE6202E3FF4DBAE092E08BFAA
:1075E00042F00102D6E61F2E7FF7D3AE7F2E08BFF2
:1075F00042F00102CEE6202E3FF4CBAEA6F1090305
:10760000042B98BF42F00102C4E60D9B83F00103F6
:107610001A43BFE60A9BF9E70E9BF7E70F9BF5E7D6
:10762000A0F14101192998BF2030EBE60499994255
:1076300008BF42F00102ADE65B22C8E50322DFE5A8
:107640000A46DDE55D3A7265776F6C005D3A6C72F3
:107650005D3A61686E6C61005D3A746967696400E7
:10766000617267005D3A6563617073005D3A746EC4
:107670006E75700070707500064B02681A60064BDC
:1076800042681A60054B82681A60054B02691A60ED
:10769000704700BF1844002014440020104400200C
:1076A0001C44002070B54169867A0B4D044659B1DF
:1076B000437ADB0706D42C2303FB06535B6A1B6863
:1076C0009B689847002363612C20214600FB0650ED
:1076D000BDE8704015F070B828080020024B2C223D
:1076E00002FB0030704700BF28080020827A064B5A
:1076F0002C2101FB02339A6A1B7F1B33801A23F073
:107700000303B0FBF3F070472808002038B5074B9F
:10771000827A2C2404FB02335B6AD3E901240C60D7
:107720001568FFF7E3FF04FB005038BD2808002070
:107730002DE9F04385B005466846039190461C4606
:1077400015F0C1FADDE90067EFF31189402383F3F7
:107750001288BFF36F8F6B8B002B41D02A8B9A421C
:1077600025D900220023284609F002FE0446F0B184
:1077700089F31188BFF36F8F039B002B41D03246F2
:107780003B46684615F0C4FAA27A264B2C2101FB31
:10779000023320465B6A1B6803A91D68DDE90023EC
:1077A000A847606170BB2046FFF77CFF24E0698B2F
:1077B0004B1E6B8389F31188BFF36F8F2B7F2A8B4E
:1077C000AC6A1B3323F00303521A02FB0344154B2C
:1077D000154AEB1A9B105343A3722B7FE372CBE73E
:1077E00089F31188BFF36F8F23464246284609F07C
:1077F000BFFD04460028BFD10024204605B0BDE8E7
:10780000F0836361012300252381039B6382E27A75
:107810006560294604F1180015F087FD636925822B
:10782000E360EAE728080020A38B2EBA70B50D4C60
:107830002C2500B970BD037A4668002BFAD0013BB5
:10784000DBB20372002BF5D1C3604360837A05FB82
:1078500003431B6A13B198473046EAE7FFF722FF5C
:10786000FAE700BF28080020024B0122C3F8402598
:107870000020704700E0014048B1054B054A1B68F5
:10788000B3FBF2F35843044B43F00103184770472E
:107890004804002040420F00F0DA010008B5054A14
:1078A000054B136010463C23536008F0DDFC0020BC
:1078B00008BD00BF204400203F9007002DE9F041A3
:1078C00090F8283003F01F03012B04460F4600F107
:1078D00028062FD0022B18D08BB394F829102046FD
:1078E00010F035F9024678B3304610F01AFA1D4D03
:1078F000002834D113693BB33A46314620469847B5
:107900000346FFF79DFA2B5024E0818DC9B210F099
:10791000FFFC05460028E0D0304610F002FA02468F
:1079200068688368CAB99B6873B13A463146BDE856
:10793000F0411847818DC9B210F0D1FCE9E790F809
:10794000291010F008FDE4E7FFF77AFA054B6FF015
:1079500085021A500020BDE8F081DB68E4E7D368B7
:10796000C9E700BF0C0000002DE9F04F0B7E33F09B
:10797000800893B004460D46164640F08E847AB1D6
:107980000846FFF753FF6B7EDF0703D49E0711D530
:107990002B7E7BB9204613B0BDE8F04F10F0EDB957
:1079A0004A7E00F12809900708D5802B0CD1284683
:1079B000FFF73CFF404613B0BDE8F08F910700F0A1
:1079C0002784002B40F02484D2072FD52B8A082B44
:1079D00040F00684EA681368A3625368C9F804306B
:1079E000294600200FF0C9FF054610B1FFF71EFF22
:1079F000EFE0484610F095F9E28D70B9B2B1294632
:107A0000A06911F032FF0146002800F02D842046C5
:107A100013B0BDE8F04F10F024BE3AB11146204635
:107A200010F01AFE0546002800F01E84FFF708FA41
:107A300094F82880B14F002318F0600FC351C8F3A9
:107A4000411307D0032B40F0BD81FFF7F9F96FF028
:107A5000850337E0484610F064F994F8293000288F
:107A600040F04E81013B0A2BEFD801A252F823F0DF
:107A7000E77B00004B7A0000737C00004B7A00002B
:107A80009D7A00004B7A00004B7A00004B7A000090
:107A90000D7B00004B7A00006F7B0000618D7F2919
:107AA000D3D8A38D002BD0D1E38D002BCDD118F0EE
:107AB0001F0FCAD194F83030022B05D1FFF7C0F95F
:107AC0004FF0FF333B5076E0A069036993F88030B4
:107AD0001B0707D5C9B210F086F9804628B1002DE2
:107AE0006CD167E7012384F8393094F83030012BEA
:107AF0000AD1638D43B984F83030FFF7A1F93B58C0
:107B0000002B00F0858056E00123F4E720460FF0BB
:107B10007DFF628DFF2A014697D8E38D002B94D11B
:107B200094F82830D80690D194F83030002BC5D086
:107B30002AB1D2B2204610F0F8FA0028BED0618DEA
:107B400094F838308B42D8D0C9B2204610F0F4FAFD
:107B500080460028C3D1628D002A14BF022301236E
:107B600084F830300521204610F006FEC5E708F005
:107B70001F08B8F1010F7FF468AFE38D002B7FF48D
:107B800064AF628DFF2A3FF660AFA18DFF293FF6FB
:107B90005CAF94F83030022B90D1D2B2C9B22046FB
:107BA00010F0DDFC10F1020F804640F01081FFF76D
:107BB00047F947F8008065B14FF000082846FFF705
:107BC00035FEB8F1000F7FF4F5AEFFF739F93B58F9
:107BD000F3B1484610F0A5F80346A069002B00F069
:107BE0004F83802155E3E38D002B7FF42EAF94F873
:107BF0003030002B3FF462AF012BA18D02D1002960
:107C00007FF45CAF18F01F080CD0B8F1020F16D04B
:107C1000E38D002B40F0D782204610F098F8002822
:107C2000D7D1B7E600297FF449AF638D012BEFD19F
:107C300094F86C3061F3C30384F86C30E8E7B4F86F
:107C40002AA0BAF1000FE3D15FFA81F8414620463D
:107C500010F078FD0346FFF7F3F83B50013302D1F3
:107C60004FF0FF383BE752464146204610F05FF8A0
:107C700043E7E38D002B7FF4E8AE628DA38D022AEB
:107C80005FFA83FA11D108F01F085AEA08087FF456
:107C9000DCAEA0690122190A10F082F800287FF4F6
:107CA000D4AE012384F8393027E794F83010002946
:107CB0003FF404AF012902D1002B7FF4FFAE18F08E
:107CC0001F0811D0B8F1020FA2D1002AA0D151464D
:107CD000204610F022FD0346FFF7B2F83B50013377
:107CE000BED001225146C0E7002B7FF4E7AE012A47
:107CF0008ED194F86C3043F008039DE70C0000002F
:107D00000A2B3FF6A2AE01A252F823F0397D000003
:107D10004B7A00004B7A00004B7A00004B7A00004F
:107D20004B7A0000B37D00004B7A000043810000D5
:107D30004B7A00006D810000E38D022B7FF485AE4D
:107D400094F83030002B3FF4B9AE012BA18D02D155
:107D500000297FF4B3AE18F01F0811D0B8F1020F5C
:107D60001CD04FF0000805F10C0A50460FF0D1FF6F
:107D7000E38D984218D2FFF763F86FF00B03A1E68A
:107D800000297FF49BAE94F86C304FEA930808F01A
:107D90000208C3F3001348EA0308E4E7C9B2204627
:107DA00010F0DFFC8046DEE7414650460FF00CFE47
:107DB000A3E6B4F82AA018F01F0F4FEA1A235FFABF
:107DC0008AFA09D029462046FFF778FD8046B8F1A7
:107DD000000F7FF484AE90E6013B0E2B3FF635AEEC
:107DE00001A252F823F000BF257E0000657E00004E
:107DF0000F7F00004B7A00004B7A0000077F0000E5
:107E0000077F00004B7A00004B7A00004B7A00009D
:107E10004B7A00004B7A00004B7A00004B7A00004E
:107E20005180000005F10C0840460FF072FF8346B8
:107E30002046B4F82EA00FF0E9FD20B101287FF410
:107E400004AE616F00E0216F002900F02A820A78F9
:107E5000DA4528BFDA46524528BF524640460FF061
:107E6000A2FD4AE620460FF0D1FD0AF10102019081
:107E70000146D2B2204610F032F9804600283FF485
:107E8000E4AD05F10C0AD0F804B050460FF041FF04
:107E90009BF80020824228BF0246594650460FF008
:107EA00082FDD8F80CB0BBF1000F09D1298AE38D0F
:107EB00099427FF622AEC91A50460FF08FFD1CE69C
:107EC000DBF8040083681B6B13B9DBF800B0EAE74A
:107ED000019998470028F8D0A0F1040858F8041F29
:107EE0000029F2D00A78002AEFD05046CDE90221CD
:107EF0000FF00FFF029A0399904238BF82B25046AA
:107F00000FF051FDEAE720460FF080FD9DE5524657
:107F1000032120460FF05BFE824600283FF495AD1A
:107F20000FF0F2FEB4F82EB09AF81530C8B99AF8EE
:107F300014808DF828808DF82930DAF8103005F19A
:107F40000C0A1B88ADF82A3050460FF0E2FEC345FC
:107F50005A4628BF4246824228BF02460AA95046D6
:107F60007DE7DAF808208DF81530C14B1340C14A7F
:107F70004FF0000893428DF8148058D1102106A8C4
:107F800011F0C7FE021EFFF660AD0AA9102ADFF845
:107F9000E8E20DF1180C084628BF1022424501F115
:107FA000020133D8920002325FFA82F88DF8148011
:107FB000034605F10C0A504602930FF0AAFED8457D
:107FC000424628BF5A46904228BF104602288346A0
:107FD000804628BF4FF0020B5A46A8EB0B0805A9B4
:107FE00050460FF0E0FC4FEA58030193029B9B467A
:107FF00003EB5802934521D118F0010F3FF47DADFA
:10800000019A995C50460FF0D7FC76E51CF8013BCD
:108010004FEA131A03F00F031EF80AA01EF80330EC
:1080200001F802AC01F8013C08F10108B6E79AF842
:108030001480DAF810308DF81480BAE71BF8011BB1
:108040005046CDE902320FF0BFFCDDE90232D1E744
:1080500020460FF0DBFC38B101282CD0FEF7F0FEF3
:108060006FF085033B5048E5236F002B00F019812A
:108070005B88B3F5007FF1D9804B0A9300238DF81C
:108080002C30E36C04F14C0B9B4508BF0023BDF87A
:108090002A10A3B15A7D0F2A08D11A7D0A44ADF8DF
:1080A0002A209DF82C2001328DF82C20226D93423D
:1080B00003D01B68EBE7636FD7E7BDF82A10019187
:1080C00005F10C0A50460FF024FEB4F82E800199F9
:1080D000884528BF8846804528BF80464246052AF5
:1080E00028BF05220AA9504601920FF05CFC019AB4
:1080F000B8EB02083FF401ADE36C5B453FF4FDAC27
:10810000002B3FF4FAAC5A7D0F2A14D11A7D19695D
:108110000193424528BF424650460FF044FC019B64
:108120001A7D424594BFA8EB0208A8EB0808B8F1F5
:10813000000F3FF4E2AC226D93423FF4DEAC1B68CB
:10814000DEE794F83030002B3FF4B8ACE38D012B20
:108150007FF47BAC05F10C0840460FF0DAFD0028F7
:108160003FF409AE94F8381040464CE708F01F0879
:10817000B8F1010F7FF4A2AC20460FF0C4FF002835
:108180003FF49CACB4F82CA0BAF1FF0F3FF65DAC05
:1081900043681B795345FFF458AC5FFA8AF30F2B01
:1081A0003FF653ACE38D012B7FF44FAC05F10C0887
:1081B00040460FF0AEFD00283FF4DDAD04EB0A03AE
:1081C00093F83A10D0E748460FF0ABFD18B92846AF
:1081D000FFF72CFB20E52946204610F042FA08B1B3
:1081E000284603E4A069036993F8801011F00401A4
:1081F0007FF4D0AB11F04DFB054600283FF4E9AC0D
:108200000146204610F02DFA00283FF4C3ABE7E703
:1082100052077FF5DEAC002B3FF4C9AB2846FFF7D1
:1082200005FB94F83930002B3FF4C4AB94F82930A7
:10823000052B05D1618DA069C9B20FF0D4FD0646AA
:1082400094F82930032B09D1638D022B06D1A18D1F
:10825000A0690022090A0FF0A3FD0646002384F856
:108260003930B046FFF7A6BB6FF00B06B1E400BF94
:1082700000FF02000003020004FD0100050F0500DD
:10828000E38D002B3FF4ADAC16F10C0118BF0121BA
:10829000C90111F001FAFFF77DBB6FF00408FFF789
:1082A00089BB6FF015081AE40B78062B10B414D1B3
:1082B0000369D3F89C20EFF31184402383F31288E1
:1082C000BFF36F8F4B6800201860506A58B9C2E93D
:1082D000083384F31188BFF36F8F044810BC002269
:1082E000002314F0B2B903605362F2E7CC07002018
:1082F0002DE9FF4140264FF0FF335E484FF0FF323B
:1083000001A908F00FFF039B1B69D3F89C40236A67
:1083100093B1EFF3118286F31288BFF36F8F216A56
:1083200029B1606A0B682362814208BF636282F3ED
:108330001188BFF36F8FC9B99DF80430062BDAD0CE
:10834000072BD8D801A252F823F000BF9F8300006A
:1083500093830000BF830000A5830000E383000037
:10836000D9830000F78200006D8400000B7ED1F8F5
:108370001E205D06204609D1FFF7F6FA02460028C6
:10838000C5D00721204610F0F7F9C0E70FF0B7FF7E
:10839000F4E700220121204610F0EEF9ABE70022BD
:1083A0001146F8E794F86C3043F0040301A984F80F
:1083B0006C3020460FF03FFD00220321EBE794F8DC
:1083C0006C3023F0040301A984F86C3020460FF0D0
:1083D00032FD00220221DEE701A920460FF02BFD2D
:1083E00089E794F86C30A76923F0040384F86C30B3
:1083F000D7F808803B69BFF35B8FD3F8A030BFF399
:108400005B8F9A072FD5D8F83C3038469847D8F874
:108410002430002138469847D8F840300546384681
:108420009847ADB9294620460FF086FE054678B933
:10843000A06911F04DFA831E5842584194F86C30EF
:1084400084F8305023F0680343EA401384F86C301A
:1084500000220421204610F08FF9002D3FF44BAF8D
:108460002A46072197E74FF0FF35F1E7029A0621E8
:1084700091E700BFCC07002030B589B0002200236F
:10848000CDE9062300246FF00703CDE90334CDE9DD
:1084900001441A4B1A4900944FF48062194809F0BC
:1084A00017FB1949174809F049FA184B18498B422C
:1084B00007D3184B184900208B4210D3002009B075
:1084C00030BD03F11402BFF35B8F52E8000F42E8A6
:1084D0000045002DF9D1BFF35B8F1833E7E703F1B7
:1084E0001402BFF35B8F52E8004F42E80005002DF5
:1084F000F9D1BFF35B8F1833DEE700BFF1820000D4
:1085000080990020D81D002042FB0100280900208E
:1085100040090020400900204009002038B50246EB
:1085200009490546806911F039FA044648B985F8C9
:10853000380028460FF0D6FC044610B1A86911F0A7
:1085400060FA204638BD00BFA982000070B5084C13
:10855000084E0546B44202D30024204670BD63682D
:1085600028461968FAF7A3FD0028F6D01834F1E779
:10857000280900204009002070B50646EFF311815C
:10858000402383F31288BFF36F8F1B4D2A6881F35A
:108590001188BFF36F8F526892F86C20D20705D410
:1085A000BDE870402122002309F058B9EFF3118291
:1085B00083F31288BFF36F8F2C682CB1696823682E
:1085C0002B608C4208BF6B6082F31188BFF36F8F02
:1085D00044B1606804F10801C3699847074821461F
:1085E00013F0E3FF2B6833B130460022BDE8704042
:1085F000002309F0FFB870BD2844002024070020A4
:1086000030B585B0CDE9001205460022144800239C
:1086100003A908F0EDFC0246E8B9039BDDE900017F
:108620005D60083383E80300EFF31180402383F398
:108630001288BFF36F8F039B1A600A4A516861B9B1
:10864000C2E9003380F31188BFF36F8F0648002220
:10865000002309F0CFF805B030BD0B605360F1E79F
:1086600024070020284400204000002038B54B7823
:10867000046945682069202B08D0222B19D0FEF709
:10868000DFFB114B6FF085021A5010E0CB88072BEF
:10869000F5D1D3681A6842609A8802819B79837207
:1086A00010F08BF822460821284610F073F80020BD
:1086B00038BD4B888381C3F3400203F00103027687
:1086C000437622460921EFE70C00000008B5134667
:1086D0004A78212A14D133B9FEF7B2FB0B4B6FF065
:1086E0000B021A500AE0CA8801690969072A28BFE3
:1086F0000722043103F10C000FF055F9002008BDEA
:10870000FEF79EFB014B6FF08502EAE70C000000CC
:1087100073B504698DF807104025EFF3118685F3D2
:108720001288BFF36F8F0122E06B0DF107010DF08E
:1087300008FF86F31188BFF36F8F012810D014F063
:10874000E6F8A8B10E4BBFF35B8F012253E8001F80
:10875000002903D143E800200028F7D1BFF35B8F45
:108760002122002304F1480009F044F802B070BD52
:10877000A37E002BE6D00021212014F0C2F9CCE723
:108780003044002038B505690E49EB6B0024C3E97D
:108790000144DC606B6B05F14800C3E90144DC6017
:1087A00014F09CF805F17800074914F06BF80749BC
:1087B00005F1240014F066F828460FF0FEFF20466D
:1087C00038BD00BF89890100D38C0100258C0100D0
:1087D00073B5054616461C4614F099F808B10026F4
:1087E00034462346324601A9284608F001FC0446D7
:1087F000A8B901465022019814F097FD0198012371
:108800000363084B45609D4202D180F84B4002E073
:10881000054B9D42F9D010F08CFC02B070BD0020D9
:10882000FBE700BF08070020EC0600202DE9F74316
:10883000DDE90A67054691461C46884629B923B9F1
:1088400090F8463013F0700F36D014F060F808B18D
:1088500000260027284610F059FC88BB95F84630C2
:1088600013F0700F2CD0012C2CD0A4F13A025342FB
:1088700053419B0008EB0301081A814228BF0146BF
:108880006B681348134CCDE90067134E4A46B34258
:1088900018BF204610F019FB0146A8B1284610F079
:1088A0004EFCB9F1000F07D0A86849460C300FF014
:1088B00070F8284610F03DFC002003B0BDE8F083BE
:1088C0000023D7E70423D5E76FF00B00F5E700BFDF
:1088D0005408002028080020080700202DE9F7434D
:1088E000DDE90A45064690460F4639B932B990F897
:1088F000463013F0700FC3F3021026D014F007F8BF
:1089000008B100240025B06950B943460022394619
:108910003046CDE90A4503B0BDE8F043FFF786BF16
:1089200072680C4B9A42F0D103688BB15B68D3F844
:108930001090B9F1000FE8D0CDE9004543463A4622
:108940003146C84710F1860FDFD003B0BDE8F08391
:108950001B69FFDE0807002030B585B0DDE908455A
:108960000093CDE9024513460A460146024810F03D
:10897000F7FB05B030BD00BFEC060020F8B58768F6
:108980001446FB6B05460E469847214606480022D2
:108990000023FEF7CDFE044600B1067628463B6C68
:1089A00098472046F8BD00BF8008002010F0080F4F
:1089B0000B4B42B20CD100F00F00002A4FF0140212
:1089C00002FB0033B4BFD3F80806D3F8080770479A
:1089D000002AB4BFD3F8A806D3F8A807704700BF91
:1089E00000700240F8B50246EFF31181402383F393
:1089F0001288BFF36F8F00F0080511F03BF80124D7
:108A0000844057066FEA04061BD0D5B9174F3B6860
:108A100023FA00F0C00714D533403B6053B2DB4368
:108A200022F08000DB0F00F2DA301B0103EB400381
:108A30000F48C0F80038D0F8043843F00203C0F8FB
:108A400004380C4803683340036035B90A480368AA
:108A5000120654BF334023430360054BC3F86C44F4
:108A600081F31188BFF36F8FF8BD00BF8C440020E5
:108A7000007002409044002094440020EFF31180E5
:108A8000402383F31288BFF36F8F0A4BD3F8001C87
:108A9000032261B949F27531C3F8001CC3F8142DE3
:108AA000C3F8001C80F31188BFF36F8F7047C3F8C1
:108AB000142DF7E700E00640EFF31180402383F325
:108AC0001288BFF36F8F0A4BD3F8001C61B949F2CB
:108AD0007532C3F8002CC3F8141DC3F8002C80F3C2
:108AE0001188BFF36F8F70470022C3F8142DF6E78B
:108AF00000E0064070B5024610F0BCFFEFF31185B0
:108B0000402383F31288BFF36F8F531E0124062B7B
:108B100004FA00F40FD80E4E0E4B31681B680B435D
:108B2000C34013F0010306D10B4802F594722143B0
:108B300040F822303160094A136823431360084B20
:108B40008022C3F8042185F31188BFF36F8F70BDB5
:108B50008C44002094440020007002409044002087
:108B600000E100E0F8B50306044623D410F008073E
:108B700020D100F00F02920002F1804202F51C3277
:108B8000D2F84434B3B1EFF31186402383F3128853
:108B9000BFF36F8F10F06EFF084DC2F8A074012371
:108BA00003FA00F12B6823EA01032B6086F3118896
:108BB000BFF36F8F024BC3F81845F8BD94440020F3
:108BC0000070024010B591F92000174B91F8202059
:108BD0000028B4BFD3F81045D3F8144502F00F02B3
:108BE0000123934023420DD10F4A0028B5BFD2F88C
:108BF0001005D2F8140503430343B4BFC2F810357F
:108C0000C2F8143591F820301A070AD4064AC2F87F
:108C10000C3543F48073C2F80C3591F82000FFF74F
:108C2000A1FF002010BD00BF0070024091F820306D
:108C3000054A13F07F0F0BBF012343F48073536584
:108C4000C2F81835002070470070024070B5064623
:108C50000D4610F07DFB044610F083FB28BB204638
:108C600010F0A3FB08B3802D16D1437E9A0744BFB2
:108C70000E4A15705B070FD50D4B1B7813B90D4BC2
:108C800001221A65204610F08CFB00220146304676
:108C9000BDE8704010F0A2BB2846FFF72BFF20462E
:108CA0000121BDE8704010F060BB70BDAF4F0020E7
:108CB000B44F00200070024070B506460C4610F01C
:108CC00047FB054610F04DFB20BB284610F06DFB1E
:108CD0000146F8B1ACB9437ED8071BD49A0704D536
:108CE0000D4B1C700D4B0122DA644B7E5B0708D5DF
:108CF0000B4B1B7873B130460022BDE8704010F07A
:108D00006DBB2046FFF7F6FE28460121BDE8704006
:108D100010F02BBB70BD00BFAF4F002000700240B1
:108D2000B54F002010B54468206801F043F80D4BA2
:108D300018600D4B1B782BB10C4B002218681146A4
:108D400010F040FB002201212720FDF76DFF201DC0
:108D500007F042FC04F1080007F07CFC13F07AFAFB
:108D6000002010BD44440020B14F00209844002052
:108D7000012810B5014619D0022809D0A8B90F4B17
:108D80000246186810F01EFB0D4B01221A700CE011
:108D90000C4B0D4C00221A700C4BC4F800332720EA
:108DA000FDF712FF0123C4F8043510BD034B002268
:108DB000186810F007FB024B0022E7E798440020F8
:108DC000B14F0020B04F002000700240FDFFDF01D6
:108DD0000146014814F092B81408002008B5054B6C
:108DE0001970054B1B7813B10420FFF7F1FF002029
:108DF00008BD00BFB24F0020B34F002010B504697A
:108E000091F820000D4A10F035FE012303FA00F01E
:108E100013680343136009F08BF84020FFF7D8FF75
:108E20004FF0FF324FF0FF3304F18401044808F0A3
:108E300055FD09F091F8002010BD00BF88440020C6
:108E4000200800202DE9F047494B066988B0054607
:108E5000186006F1840013F007FC00220023CDE91E
:108E6000062300246FF00703CDE90334CDE9014464
:108E7000404B414900954FF40072404808F028FEED
:108E8000DFF8FC803F493D483F4F08F057FDD8F8D8
:108E900018203E4B134043F4820343F04003C8F8CC
:108EA0001830C1464FF0280A88F82040414628462D
:108EB00010F060FA002858D10134092C18D00AFBB0
:108EC0000491082C8A7E324B42F040028A7608D107
:108ED000D9F858212F4911402F4A0A43C9F858217F
:108EE00003E08A693A401A438A6108F12808DBE7FF
:108EF0002A4C2B4BA269244F134043F4041343F034
:108F00004003A3618046A1464FF0280A68F07F0223
:108F100084F820202146284610F02CFA28BB08F1BE
:108F20000108B8F1090F18D00AFB0891B8F1080F31
:108F30008A7E174B42F020028A7608D1D9F8582150
:108F400014491140144A0A43C9F8582103E08A69B8
:108F50003A401A438A612834D8E796F8803023F0E3
:108F6000720343F0720386F8803008B0BDE8F087E2
:108F70009844002059900000C09D0020981E0020B9
:108F8000044600205AFB01000000F9FF0000BEFF6C
:108F9000400006000000F7FFFF0108009C4400208D
:108FA0000000DEFF10B50C462046114610F0FFF918
:108FB00094F8200010F05EFD0146044810F069FDB1
:108FC0000120FFF705FF002010BD00BF7047002003
:108FD00008B5074A91F82030C2F80C3543F4807385
:108FE000C2F80C3591F82000FFF7BCFD002008BD49
:108FF0000070024010B591F820404FF0FF324FF062
:10900000FF33124808F020FA2046FFF7EBFC04F08B
:109010000F02012393400E4A14F0800F14BFD2F8C0
:109020001015D2F814156FEA030315BF0B400B405F
:10903000C2F81035C2F81435044808F0CBF9054BD6
:109040008022C3F80421002010BD00BFFC070020CF
:109050000070024000E100E02DE9F04FB04D85B016
:1090600004464FF0FF384FF0FF390022CDE9008968
:109070004FF0FF31AB4813F048FFAA484FF0FF31E3
:1090800013F03FFF074638072ED5A74842464B4608
:1090900008F0DAF9EFF31182402383F31288BFF36B
:1090A0006F8FA24B1B787BB1D5F8003413F400739B
:1090B0000AD10121C5F82C15D5F82C15D5F80014C6
:1090C000890548BFC5F82C3582F31188BFF36F8F2F
:1090D000954808F07FF90121204610F019F9002287
:1090E0000321204610F06EF9FE0608D50021204627
:1090F00010F00EF900220221204610F063F9B806A4
:1091000008D50021204610F003F900220221204654
:1091100010F058F9B90761D4FA0710D5BFF35B8F87
:10912000834B002253E8008F43E800210029F9D146
:10913000BFF35B8F0126B8F1000F40F0B1807907D3
:1091400034D57C4B4FF0000C83F800C0D5F8800478
:10915000C0B28DF80800D5F88414C9B28DF8091092
:10916000D5F88834D5F88C2443EA02239BB2ADF8B5
:109170000A30D5F89024D5F8946442EA0622ADF876
:109180000C20D5F89824D5F89C6442EA062292B2C5
:10919000694EADF80E20002840F09B80052940F074
:1091A000988001213170002A00F09F807B067FF5B6
:1091B00058AF206984304FF0FF324FF0FF3308F092
:1091C00015F85E4E3168002940F0C2805C4808F016
:1091D0004BFB2069843008F07BF842E7594BBFF322
:1091E0005B8F002253E8008F43E800210029F9D16A
:1091F000BFF35B8F4FF0010AB8F1000F8CD098FAE3
:10920000A8F3B3FA83F30F2B1E46C6BFA3F11006D3
:10921000F6B246F080060AFA03F328EA030833069A
:109220003146204627D510F093F8834610F0B9F860
:109230008146D8B10021584610F097F800224946DF
:10924000204610F0CBF8802E10D13A4B002183F845
:1092500000A02046C5F850A010F07AF810F0A1F850
:10926000014618B10022204610F0B8F831462046D9
:10927000FFF7ECFCC0E710F06BF8834610F091F8B4
:10928000814640B10021584610F06FF8002249464F
:10929000204610F0A3F831462046FFF70DFDABE75E
:1092A00098FAA8F3B3FA83F30F2B1946C6BFA3F1BC
:1092B0001001C9B241F0800106FA03F30A0628EA58
:1092C0000308204602D5FFF7C1FC34E7FFF7F4FCA2
:1092D00031E71D4A86F800C0D5F8703412789A42FA
:1092E0000AD11A4B00221A7014E003F07F03ADF884
:1092F0000A30ADF80C20F4E7144A012313703370E0
:109300004FF4A063ADF80830D5F87034ADF80A30EA
:10931000CDF80CC002A9204610F087F846E700BF40
:109320000070024014080020FC070020B04F00200D
:1093300070470020B54F0020B44F00208844002023
:10934000200800206C470020B24F0020B34F0020BF
:1093500091FAA1F7B7FA87F70F2F3946C6BFA7F1E1
:109360001001C9B241F0800120460FF0F1FF8046A4
:1093700090F820904FF0FF324FF0FF33134808F081
:1093800063F84846FFF72EFB104808F023F8104B0F
:109390008022C3F804214146204610F037F800210E
:1093A00040460FF0E2FFBFF35B8F0123BB40094A49
:1093B000DB4352E8000F184042E800010029F8D1D1
:1093C000BFF35B8F326813403360FBE6FC0700207D
:1093D00000E100E06C4700204FF08053D3F83031BB
:1093E000082B02BF024B0022C3F81C2C704700BFA1
:1093F000007002402DE9F04105464FF0FF324FF07A
:10940000FF33384808F020F8374B8022C3F8842116
:109410002720FDF7FBFBA0B1344F354B3C681B68A0
:109420006FF30F041C434FF001088CBB314E40F228
:10943000FF133B602720C6F80445FDF7D3FBC6F8B1
:1094400000432D4A13788BB12A4B0021C3F8081131
:109450000121C3F80026C3F804165960D3F8081197
:109460000029FBD00021C3F808111170214B002402
:10947000C3F80045FFF7B0FF1A4807F0ABFF2146DD
:10948000284610F0CEF8C0B16FF00400BDE8F081BE
:1094900094FAA4F6B6FA86F60F2E3346C6BFA6F1A6
:1094A0001003D8B243F08000030701D4FFF79AFA03
:1094B00008FA06F624EA0604B7E78021284610F0E9
:1094C000B0F80028E0D10D4B0D491C6820460CF087
:1094D000A1FF10F1780F02D120460CF077FF00EACF
:1094E000E070D3E7FC07002000E100E09444002096
:1094F0009044002000700240AD4F00204444002002
:10950000344400202DE9F04FB34BDFF8D082D3F87C
:109510005421B34F85B00AB30022C3F85421D3F8C5
:10952000042391021AD5D3F8C034002B14BF4FF096
:1095300001224FF48072AB4B9B683BB998F8000056
:1095400010F098FA0123834022EA03023B68134398
:10955000A54A3B60136823F0012313609E4BD3F8A8
:10956000604134B10022C3F86021D3F86C44C3F8E1
:109570006C44D3F828214AB10022C3F828219B4B20
:10958000187810F077FA012383401C4398F80050B4
:1095900098F900902A0700F10181B9F1000FB4BFDA
:1095A000934B944B05F00F02920013441A684AB390
:1095B00000221A602846FFF7F9F98F4B1A7800F05D
:1095C000010050401870FFF707FF8C4B28461A68BF
:1095D00010F050FAC240D307064600F1F680B9F108
:1095E000000F80F2E280882D00F0DF807E4A0123A8
:1095F0001168B3400B431360812388F80030794829
:1096000007F0E8FE8CB13B68774ADFF8F4A124F05C
:1096100001210B433B60136823EA01031360A4B2EA
:109620004FF00109002C40F0F7806B4BD3F800217C
:109630004AB10022C3F80021724B1A70704B04210A
:1096400018680FF0BFFE644BD3F858212AB30022EC
:10965000C3F85821D3F80044C3F80044E00505D509
:10966000684B012208201A70FFF7B2FBA10505D54F
:10967000644B002210201A70FFF7AAFB62050CD57C
:10968000604B1A784AB100221A70534B0122C3F87A
:10969000082520209A65FFF79BFB4F4BDFF85CA164
:1096A000D3F85C31F3B14F4B9B681BB998F800308D
:1096B0005B0617D0484B0022C3F85C21DAF8003073
:1096C000494A23F00113CAF800303B6823F4803381
:1096D00043F001033B601368042023F0011313607F
:1096E000FFF776FBDAF800603B681E4000F02E8141
:1096F000394BD3F82C95B9F1000F40F02781394848
:109700000022002307F0A0FE002840F01F8116F081
:10971000012314BF93FAA3F696FAA6F6B6FA86F6D4
:10972000F4B20F2EC8BF103C354BCCBFE4B244F0AE
:109730008004186821460FF00BFE01900FF035FEF3
:109740004FFA84FB04F00803BBF1000F02460293BA
:1097500080F29C80019A058A518CC368C1F30A018A
:109760008D4240F28A800D464FF0000903F06042BE
:10977000B2F1005F05D0194623482A4613F0AEFD2A
:10978000214BB9F1000F00F0B280DAF8002001217E
:10979000B14022EA0102CAF80020A8E01B4B1C4A93
:1097A00033EA290328BF134600E71A48314610F070
:1097B00070F90220FFF70CFBB9F1000FFFF616AFAE
:1097C000013D062D7FF612AF16E7002DF4D1024BB6
:1097D0000122DA6410E700BF00700240AE4F0020A3
:1097E00094440020FC0700208C440020AF4F002050
:1097F0000871024030710240AD4F002090440020BB
:1098000098440020B04F002048440020507102408E
:109810002C7102406C47002094FAA4F5B5FA85F546
:1098200009FA05F345F080052946DAF8000024EA34
:1098300003040FF08DFD0FF0B8FD06462846FFF734
:10984000B5F8014606F10C000EF0CFF8338A002B74
:109850007FF4E8AE30460FF0ACFD18B130460FF0A3
:10986000ACFDDFE6284610F005F90146434810F04C
:1098700010F90220FFF7ACFAD4E601930FF099FD3E
:1098800080F00109019B5FFA89F96FE704F0080194
:109890003B4B00295DD0D3F8C03413F4803F08BFA0
:1098A0009946118AD068558A029243186D1A5169F7
:1098B0000393401A2D1A4D4528BF4D46294602F103
:1098C0000C000EF06AF8019B598CC1F30A0149455E
:1098D000DDE902237FF459AF5169D068B2F812C0B4
:1098E000128A401AACEB000191423FF44EAF4FF0A8
:1098F00080520120D2F83021082A02BF204A82215A
:10990000C2F81C1C3A6888F8004000FA06F622EA01
:10991000060204F008013A60194AF9B9BBF1000FD8
:1099200004F00F044FF0140101FB0421A9BF0A3415
:1099300002EB8402C1F80037C1F80457AFBF42F808
:109940002400C1F80036C1F80456506005B0BDE8E7
:10995000F08F04F5947153F82190A2E7BBF1000F4A
:10996000B5BFC2F8A036C2F8A037C2F8A456C2F8F4
:10997000A457B4BF50629064E8E700BF6C47002072
:109980000070024010B5EFF31184402383F3128876
:10999000BFF36F8F164B1B7803F0FF02CBB1154955
:1099A000D1F82C3513B30023C1F82C354FF0805378
:1099B000D3F83031082B0CD10F4BD3F8000CC02159
:1099C00088B949F27530C3F8000CC3F8141CC3F809
:1099D000000C84F31188BFF36F8F002A0CBF6FF067
:1099E0000A00002010BDC3F8141CF2E71A46F0E785
:1099F000B04F00200070024000E0064013B5002286
:109A000000921146402304460FF0AFFD024618B104
:109A10006FF0040002B010BD00904023802120466A
:109A20000FF0A3FD0028F3D1534901238B60534B62
:109A30004860C86018680CF07EFC0028EADBEFF391
:109A40001184402383F31288BFF36F8F4C4B4FF484
:109A50000062C3F800240FF0FFFF08B1FFF70EF813
:109A60004FF08053D3F83031082B18D1EFF3118029
:109A7000402383F31288BFF36F8F424BD3F8001C4F
:109A8000C022002971D149F27531C3F8001CC3F816
:109A9000142CC3F8001C80F31188BFF36F8F384B70
:109AA0000122C3F80025D3F800241205FBD54FF49A
:109AB0000062C3F800244FF08053D3F83031082BF4
:109AC00017D1EFF31180402383F31288BFF36F8F18
:109AD0002C4BD3F8001C00294AD149F27532C3F847
:109AE000002CC3F8141CC3F8002C80F31188BFF3BA
:109AF0006F8F0FF0B1FF30B1FEF7DEFF0FF0ACFF5C
:109B000008B1FEF7BBFF4FF08053D3F83031082B7C
:109B10001B4B0AD140F2E372C3F800284022C3F87D
:109B20000428BFF36F8FBFF34F8F8022C3F81C252B
:109B30000122C3F83025144B40F2FF121A60134B78
:109B400000211960124B1960124B1970FFF744FC89
:109B5000114B19700FF080FF08B1FEF7ADFF84F3D1
:109B60001188BFF36F8F002054E7C3F8142C92E7DD
:109B70000022C3F8142CB8E73444002044440020E9
:109B80000070024000E00640944400209044002011
:109B90008C440020AD4F0020AF4F0020084B70B523
:109BA000C31A0D4607499B100446594306484022F4
:109BB0000FF0B5FF2B4601462046BDE87040184720
:109BC00088470020B76DDBB6B0D5010073B50C4CEB
:109BD0000C4A4023041B00930D460B460A49A4106F
:109BE0006143064609480FF0C5FF014628B13046DB
:109BF0002B4602B0BDE87040184702B070BD00BFF0
:109C000088470020E39B0100B76DDBB6B0D50100AB
:109C10000022F8B5012105461046FDF705F8104869
:109C200001F03AFB0446B8B910F046FF2F690D4920
:109C300038460CF06DFB031E09DB01263E642D69DE
:109C4000084905F11C000CF063FB031E02DA1C46F8
:109C50002046F8BDEE64FBE76FF00404F8E700BFB0
:109C6000999D000090E0010010B5002286B001230C
:109C7000CDE9022304ABCDE904336C46074A6B46B9
:109C8000CDE900440FF0A6FF28B94FF4804200232D
:109C9000684607F0D9FB06B010BD00BFF59B010078
:109CA00010B5EFF31184402383F31288BFF36F8F55
:109CB000074A136823F00201DB07116002D4012078
:109CC00010F0F4FE84F31188BFF36F8F10BD00BF56
:109CD000D847002030B4104B0C2202FB0033014661
:109CE0000020D3E90E529863EFF31180402484F3EF
:109CF0001288BFF36F8F1C6C04F0C00444F00204A0
:109D00001C6480F31188BFF36F8F1DB12B4603488D
:109D100030BC184730BC704788470020B0D50100E0
:109D200010B4EFF31180402282F31288BFF36F8FDB
:109D300017490B6843F0020413F001030C601AD0BA
:109D40004FF08043D3F80C14D3F80C3413F0010314
:109D500011D0EFF3118182F31288BFF36F8F0D4A98
:109D6000136C03F0C00343F00203136481F3118802
:109D7000BFF36F8F012380F31188BFF36F8F1BB187
:109D800010BC0020FFF7A6BF10BC012001F074BA80
:109D9000D84700208847002010B1012804D0704720
:109DA000034B1B6C5B0701D1FFF794BF704700BFEB
:109DB00088470020024AC3B21C2000FB03207047E2
:109DC000884700202DE9F0413849BFF35B8F80467A
:109DD000012251E8003F41E800200028F9D1BFF3FB
:109DE0005B8F33B9324933484B60CB608A600CF0EB
:109DF000A2FA08F1FF33012B4BD8B8F1010F07D1BC
:109E00004FF08043D3F81C3403F00303012B40D000
:109E100012F07DFD054658B1EFF31186402383F320
:109E20001288BFF36F8F0125234F4FF080441EE04F
:109E3000224B1B78002BEFD04FF080430222C3F857
:109E400008230646F0E735B330460DF03DFDD4F863
:109E5000183563B9D4F804214AB1C4F80431D4F8F0
:109E600004310123C4F81835C7F88031A360D4F851
:109E70001824D4F81834D203E5D503F00303012BDA
:109E800002D0B8F1010FDED155B186F31188BFF3CE
:109E90006F8FBDE8F0810021212012F032FED6E75D
:109EA0004FF080430222C3F80423F2E784470020E6
:109EB00074470020A447002000E100E02191002029
:109EC000EFF31182402383F31288BFF36F8F0A4BA5
:109ED000D3F8001161B10021D3F80805C3F80011CF
:109EE000D3F80031C0B282F31188BFF36F8F70478F
:109EF0006FF00A00F7E700BF00D00040F0B503465E
:109F00008478C678EFF3118E402080F31288BFF377
:109F10006F8F1D7893F801C0641B3440A24288BF44
:109F2000A2B2AF18374028461F708EF31188BFF3D6
:109F30006F8F8F188F4218D165450CD1EFF31181C7
:109F4000402080F31288BFF36F8F1878587081F328
:109F50001188BFF36F8F1B79A41AA34228BF074B48
:109F600090B224BF01221A60F0BD03EB000E013055
:109F70009EF805E001F801EB3040DBE700D000403F
:109F8000DB432DE9F04713F001050F46144604D0DA
:109F90002448FFF7B3FFBDE8F087B2B3EFF31186B3
:109FA000402383F31288BFF36F8F0D20FCF72EFE42
:109FB00080460D20FCF716FE86F31188BFF36F8FE5
:109FC000DFF864A0194ECAF80051DAF800314FF4F6
:109FD00000590123CAF800302546C6F88091DAF806
:109FE0000031A3B1FFF76CFF031EA4BF05F1FF35DD
:109FF000ADB2C6F88091A8BF7B55002DEFD1B8F166
:10A00000000F02D00D20FCF7DFFD2046C3E7EFF381
:10A010001180402383F31288BFF36F8F0DF054FC3F
:10A02000DDE700BF0C48002000D0004000E100E068
:10A0300070B50D4614460CB9204670BD4FF0FF3385
:10A040004FF0FF320C4807F0FFF9224629460B4833
:10A05000FFF754FF0646084807F0BCF93EB94FF039
:10A06000FF324FF0FF33064807F0EEF9E6E7A41B96
:10A07000A4B23544DFE700BFDC47002021480020C0
:10A08000F447002038B501221146184812F0A2FB0F
:10A09000164D0122002105F1180012F09BFB40F241
:10A0A0000743A5F848304FF070632B630C2385F805
:10A0B000343000240E4B85F84540A5F84640D3F8CF
:10A0C000042522F00102C3F804250121C3F8004150
:10A0D000D3F80021C3F80413224619600D20FCF7C1
:10A0E000A3FD0D20FCF770FD204638BDDC470020A5
:10A0F00000D0004010B5FFF7E3FE002820DB174B2F
:10A1000093F8322093F8314093F83310141B31EA5E
:10A110000404C0B20DD193F8472093F8464093F859
:10A120004810141B31EA04040BD10D4B01225A6074
:10A130000EE09C180132114084F8350083F832108B
:10A1400010BD9C180132114084F84A0083F8471072
:10A150000448BDE8104007F03DB900BFDC470020CF
:10A1600000D00040F44700202DE9F043476840F25A
:10A170000636D0063B7C87B002EA060654BFC2F31F
:10A18000401C4FF0030C01F01F05B6F5837F144609
:10A1900045EA43158DF803C044D00DD8062E16D0DD
:10A1A00005D8A6B1022E3FD06FF0150037E0B6F506
:10A1B000807FF9D101260AE040F20222964235D092
:10A1C000B6F5407F34D0B6F5007FEDD102262203EC
:10A1D00030D57A6801238B40C2F80835B868A0BB37
:10A1E00005F01F036D092DD0012D77D13E4A02EBFA
:10A1F0008302C4F30043D2F8001783F00103C4F3D1
:10A20000404444EA430421F4E16144EA8C0421F02F
:10A21000070144EA06230B43C2F80037002007B0C9
:10A22000BDE8F0830726D2E70426D0E70526CEE76F
:10A230000326CCE7630341BF01237A688B40C2F851
:10A240000C35CBE74FF0A042D1E70DF102022946D1
:10A2500011F06AFF14F4403F80460CD1B8682946DB
:10A2600011F097FFB8F1000FD8D19DF80210B8682F
:10A2700006F0BAF8D2E74FF0000901ABCDE9019939
:10A28000CDE90439CDF80C90B86803AA294611F03D
:10A2900020FE4845C2DB14F4003314D0C4F300445C
:10A2A0009DF803308DF80E3084F001048DF80C60B9
:10A2B0008DF80D40B8684B4603AA294611F0BCFE44
:10A2C0000028CFDAAAE7CDE904330DF103030393A5
:10A2D000B86803AA294611F0FCFDF1E703F5E07325
:10A2E00050F82330FFDE00BF00030050420970B574
:10A2F000034602D0012A17D070BD0D4E3269516855
:10A300000029F9D003F01F0301250C689D400029A6
:10A31000F2D08A682A4002D04B68304698472CB168
:10A32000236821461C46F2E7024EE7E72346F8E79A
:10A33000F0D50100D0D5010038B54568A86890B1C6
:10A3400011F021FF014670B9A86811F000FF044622
:10A3500058B902460649A86811F0E3FE22460521D5
:10A360000620FCF761FC002038BD6FF00400FBE71D
:10A37000EDA20000F0B544681646A068227C01F00A
:10A380001F0587B045EA421500286DD0B6F5001FBD
:10A3900004D1294611F050FF002056E06268607C2D
:10A3A000C2F8240501AA0020B6F5800F0190506084
:10A3B00037D1B3F1007F14BF052304238DF8043097
:10A3C0000023CDE904230393E36823FA01F111F09C
:10A3D00001010DF103073AD1B6F1A07F37D105F0A5
:10A3E0001F036A0903F5E07326D0012A3FD1214AF1
:10A3F00052F82330DB072AD4A0683A46294611F0E8
:10A4000093FE16301BD00297A06803AA294611F0CC
:10A4100060FD002819DBA0680122294611F0BBFE6F
:10A42000BAE7B3F1C06F05D0B3F1007F14BF0123C9
:10A430000223C3E70323C1E74FF0A042D8E7A06897
:10A44000394605F0D7FF0028DDDA07B0F0BDA06877
:10A450003A46294611F068FE0028D5D19DF8031030
:10A46000A06805F0C1FFCFE76FF08500EDE751F878
:10A470002330FFDE00030050054A064B93624FF085
:10A4800040221A60012100220420FCF7CDBB00BF4E
:10A49000E803002048480020014BB3F8B80070479B
:10A4A000801B0020024B002083F8BC10704700BFC7
:10A4B000801B002038B50B4DD5F8B04064B94FF47F
:10A4C0007A704843C5F8B02010F091FB38B9C5F850
:10A4D000B0006FF00F0038BD6FF07700FBE720464B
:10A4E000F9E700BF801B002008B5064B93F9BC00BC
:10A4F00010F055FB10F06EFB00280CBF6FF004004D
:10A50000002008BD801B002021B1012906D06FF07A
:10A51000010070470123136000207047004BFAE7E9
:10A520008CE1010030B5144687B00C290ED8DFE865
:10A5300001F007182F33370D0D0D0D0D0D3C930055
:10A54000137843B1507820B1012802D06FF0150084
:10A5500005E010F06BFB207810F078FB002007B0CE
:10A5600030BD53791179106833B110F071FB0028B8
:10A57000F4D16FF00B00F2E730B110F072FB00285D
:10A58000ECD16FF00100EAE7084610F06DFBE5E75B
:10A59000107810F049FBE1E7107810F03FFBDDE7A1
:10A5A000344B1268C3F8B420D8E7937A43B1012141
:10A5B000002010F049FB0121084610F045FBCDE7D3
:10A5C00010894FF6FF73984243D05268002A40D05A
:10A5D000ADF80C0002F1080304A913F8015D01F8BD
:10A5E000015B9A42F9D1226812B1137859060ED153
:10A5F0004FF6FE73984204D00122002103A810F008
:10A6000021FB0122114604A810F01CFBA6E7557897
:10A61000C3F3C011C5F3060541EA450149B21A2941
:10A6200017D14FF6FE71884208D0012103F07F0355
:10A6300000910233002103A810F0FAFA226813787F
:10A64000012103F07F030091023304A810F0F0FA17
:10A6500084E76FF0850082E7107810F0E1FA237844
:10A66000044A82F8BD30002B7FF478AF10F0AAFACC
:10A6700074E700BF801B002070B5294B4668046951
:10A6800088B00546186004F5906012F07EF801224B
:10A69000002104F6F87012F09DF80122002104F662
:10A6A000DC7012F097F801F0BDF810F0E0FA82B219
:10A6B000D301110101F4016103F4807312020B4311
:10A6C00002F48062134343F49553164A43F00F0398
:10A6D000A2F8B83004F58053012283F8BD20336816
:10A6E0002846984704F5707600220023CDE906231A
:10A6F00000256FF00D03CDE90335CDE901550A4B77
:10A7000000944FF4487204F14001304607F0E0F93C
:10A710000649304607F012F9284608B070BD00BF60
:10A72000AC480020801B002089360000FBFB0100A4
:10A73000F8B58C46194B0646DDE9060100241D4696
:10A74000D3F89C742FB10134782C03F11803F7D19E
:10A75000F8BD182303FB0453C3F89C6483F8A9C411
:10A7600083F8A82450EA010302D0327812F0D8FB13
:10A7700018235C432B1904F59364C3F8A414B5F8AB
:10A78000D82FC3F8A004A3F8AA240023A5F8D83F23
:10A7900029190348BDE8F84012F003B8800B0020E7
:10A7A0000010002007B50346114A013B1068072B33
:10A7B0001AD8DFE803F01B0417191919191B012314
:10A7C0008DF807300B4B0022A3F8D82F03F58053E8
:10A7D000D3F8B4301BB10DF107020121984703B043
:10A7E0005DF804FB0223EBE70323E9E70023E7E737
:10A7F000AC480020800B00204378054AC3F30013C7
:10A8000082F8D83F4378C3F3C00382F8D93F70473A
:10A81000800B002010B5154B002283F890200A7899
:10A8200083F8BA204A7883F8BB208A68C3F89C2052
:10A830008AB191F90D0083F8A900887B83F8A800FC
:10A84000D1E9040150EA010403F1A00408D1002277
:10A850000023C4E900230648BDE8104006F0BABD55
:10A86000127812F05DFBC4E90001F4E7801B0020C0
:10A87000781B0020074800F5805383F8901011786A
:10A8800083F8BA10527883F8BB2000F6F87006F00F
:10A89000A1BD00BF800B0020034B83F8F40F03F62B
:10A8A000DC7006F097BD00BF800B0020034800233A
:10A8B00080F8F43F00F6DC7006F08CBD800B0020C1
:10A8C000064AD2F8B0303BB10021C2F8B010044AB9
:10A8D00090F9001010681847704700BF801B0020D7
:10A8E000AC480020064AD2F8B0303BB10021C2F893
:10A8F000B010044A47F6FF7110681847704700BF50
:10A90000801B0020AC480020036803F01F025B0995
:10A91000026004D0012B034818BF002070474FF09D
:10A92000A0407047000300502DE9F04F00EB810973
:10A93000554985B01546074640F2FF1AB94503D17F
:10A94000002005B0BDE8F08F3B68C3F3C72818F0BE
:10A950000808C3F3C322C3F3080440F08F804B48B8
:10A960001B0E865C544508BF4FF0FF34192B00F2D4
:10A970008880DFE803F00D1E2534282F3486868674
:10A9800086373D868686868686868686407A7D8060
:10A99000C5F80C45621C66D003A80394FFF7B4FF0A
:10A9A000039A012303FA02F2C0F808259B46584691
:10A9B00037E0C5F81445631C55D04FF0000BF6E79F
:10A9C000C5F80845E6E7C5F808454FF0000B601CE0
:10A9D0001CD148E0C5F80C454FF0010BF7E7C5F86E
:10A9E0001045E8E7C5F80845002EE4D10626E2E761
:10A9F000C5F80C45F8E7C5F860457B88621C03F094
:10AA0000010330D0002BC7D14FF0010B03A80394F2
:10AA1000FFF77AFF039A8446012000FA02F2CCF88D
:10AA20000C253A68019202F4004CBCF1000F08BFFB
:10AA3000804603A818BF4FF0010B0394FFF764FF93
:10AA4000039C019A00EB8400C2F34122D0F8004736
:10AA5000360246EA820646EA08060C40264346EAE3
:10AA60004B06C0F80067043768E7C5F86445C4E7DB
:10AA7000C5F86845C1E7C5F86C45BEE76FF015003D
:10AA80005FE76FF085005CE7F0F8FCFF15FD010063
:10AA900010B50E29036913D0102924D00D2930D107
:10AAA0006421D86A90FBF1F01060DB6A93FBF1F04F
:10AAB00001FB103342F210714B435360002010BD74
:10AAC000196B080A4FF47A71B0FBF1F010601B6B40
:10AAD000180ADBB24B431B0AB0FBF1F401FB140074
:10AAE00001FB0033E9E793F82810602909D1596B7D
:10AAF000890A11605B6B0449C3F309034B439B0A4A
:10AB0000DBE76FF08500DAE740420F002DE9F04106
:10AB1000044647680D4611F0FAFE88B14FF0400830
:10AB2000EFF31186314688F31288BFF36F8F6068A8
:10AB30000FF018FE50BB86F31188BFF36F8FEFE75D
:10AB40001F4B1B78002BE9D04FF04008642660684B
:10AB50000FF008FE70B9012011F03AF8013EF6D16D
:10AB60000021212011F0CDFFF0E786F31188BFF31B
:10AB70006F8FF5E7EFF31186314688F31288BFF344
:10AB80006F8F60680FF0EEFD0028EED0BB691D707E
:10AB90006368BA691B680020C3F844250122C3F822
:10ABA0004825C3F82001D3F82041C3F85801D3F851
:10ABB00058019A6081F31188BFF36F8FBDE8F0816F
:10ABC0002191002070B5012383400F4ABFF35B8FB2
:10ABD000DC4352E8001F01EA040542E80056002E5B
:10ABE000F7D1BFF35B8F4FF4803282400748C0F843
:10ABF0000823BFF35F8FBFF36F8F03EA01000038B4
:10AC000018BF012070BD00BFF048002000100140B7
:10AC100070B41249D1E90034D01AC31844F10004C9
:10AC200022F07F46C1E90034A6F50013B3F5400FCA
:10AC300009D20B4B1B681A0A1B069C19094B42F1DF
:10AC40000005C3E90045EFF31181402383F3128827
:10AC5000BFF36F8F70BC07F083BC00BF981F00204C
:10AC6000F4480020A01F002011B3BFF35B8F012325
:10AC7000104A834052E800CF4CEA030C42E800C17E
:10AC80000029F7D1BFF35B8F0B4A4FF48033834029
:10AC9000C2F80433094BBFF35B8F1B68BFF35B8FB4
:10ACA000C340DB0742BF064B4FF40032C3F800211C
:10ACB000704700BFF048002000100140E848002025
:10ACC00000E100E0C3B202489B001844704700BF97
:10ACD00040110140D0B50446FFF774FF124B014606
:10ACE00003EB04134FF0FF364FF0FF372046C3E964
:10ACF00002670FF04BFE0D4A4FF48033A340C2F8B9
:10AD000048330123A3400A4ABFF35B8FDB4352E879
:10AD1000006F1E4042E80064002CF8D1BFF35B8F47
:10AD2000BDE8D040FFF7A0BF581F00200010014031
:10AD3000E84800200D4B1868010A0006BFF35F8F3A
:10AD40000B4BD3F80435181841F10001B3F5801FFF
:10AD50000AD2084BD3E90023904271EB030303D2DC
:10AD600010F1807041F10001704700BFF4480020ED
:10AD700000100140A01F00202DE9F04F85B01646BD
:10AD80001F469DF840A00446FFF71CFF0190FFF707
:10AD9000D1FFB04271EB07035ED23E4B301A67EB36
:10ADA0000101984271F1000109D36FF015052046A9
:10ADB0000199FFF759FF284605B0BDE8F08F364BE3
:10ADC00003EB0413D3E902239F4208BF964254D0F9
:10ADD00032494FF4803804F1500508FA04F8AD0008
:10ADE000C1F848832046ADB20FF0D0FD26F07F4B6E
:10ADF00005F1804504F5A87305F58835DC464FF06C
:10AE000003090293029A2CF07F4341F82230C1F8E3
:10AE10004483D1F80435224A6FF00200C01A60441E
:10AE200020F07F40904228D9286868B1D1F80435D5
:10AE30000393A3EB0B0020F07F40B0F5000F1CD96B
:10AE400020460FF0A3FD039BBAF1000FADD109EB33
:10AE5000030C09F10109D5E7BAF1000FA5D10123CF
:10AE6000104ABFF35B8FA34052E8000F184342E83B
:10AE700000010029F8D1BFF35B8F07490E98230129
:10AE800001EB0412C8500F9B5360C2E90267002512
:10AE90008DE700BF01008000581F00200010014016
:10AEA000FDFF7F00E84800207FB5264C264BC4F804
:10AEB0000833C4F84833254B00254FF0FF304FF0DE
:10AEC000FF314FF48032C4F808554FF48026C3E9AF
:10AED0000201C4F804234FF40032C3E90601C4F8A8
:10AEE0000423C3E90A01C4F80463C3E90E014FF463
:10AEF0000023C4F80433164B02260121C4F804636E
:10AF00001120C3F880212A46FBF78EFE1120FBF7A3
:10AF10005BFE0123A36023600E4B0F221A600E4BD1
:10AF20000E221A600D4B0E4A0093CDE90155002305
:10AF30002846FFF721FF3046FEF744FF284604B0BD
:10AF400070BD00BF0010014003000F00581F00201B
:10AF500000E100E0F0480020EC48002011AC0000C7
:10AF6000FFFF7F002DE9F04F354ED6F804339A07E6
:10AF700087B00BD5D6F8043143B1324A0023C6F866
:10AF80000431D6F804311368013313602E4D0024C8
:10AF9000A9464FF480384FF0010AD6F8042308FA86
:10AFA00004F7174228D0BFF35B8F0AFA04F1274B4E
:10AFB000C94353E8002F02EA010043E8000CBCF14A
:10AFC000000FF6D1BFF35B8FE240D30703D4204AD2
:10AFD00052F8242082B120460FF0D8FCFFF7AAFED9
:10AFE000EFF3108B72B609EB041CDCE902239042EC
:10AFF000994109D28BF310880134042C05F1100516
:10B00000CBD107B0BDE8F08FCDE90423D5E900131B
:10B010004FF0FF32039300204FF0FF332860CCE95C
:10B0200002232046C6F848730FF0B0FC8BF310885B
:10B030000029E1D0039B0093DDE904238847DBE787
:10B0400000100140F4480020581F0020E84800206C
:10B05000401101400F4B70B501241868B0B1BFF327
:10B060005B8FB0FA80F0C0F11F0004FA00F1C94311
:10B0700053E8002F02EA010543E80056002EF7D1FD
:10B08000BFF35B8FC240D207E7D570BD6FF00B00F6
:10B09000FBE700BFEC48002030B5431C124C85B0E4
:10B0A00005D08442A8BF0446012CB8BF0124FFF795
:10B0B00041FE0E4B0C4DD3E90013401AB0F5000FC2
:10B0C00010D22218AA4228BF2A4652184FF0000078
:10B0D00007490091CDE9010043F10003FFF74CFE61
:10B0E00005B030BD2A46F0E7FFFF7F00981F002023
:10B0F00011AC000008B5FFF71DFE024B1B68C01A1B
:10B1000008BD00BF981F002008B507484FF4003164
:10B110000FF068FC024628B9BDE8084003480F213B
:10B120000FF075BC08BD00BFFCE10100F0D50100C7
:10B130000A4618B903480F210FF069BC6FF01500DB
:10B14000704700BFF0D5010002460B46014806F0EB
:10B150004DB800BF7C070020014806F0B9B800BF19
:10B160007C0700201FB5002401940A220294CDF828
:10B170000B400091014601A812F012F9009A08480C
:10B1800001A90BF021F807480BF01EF884F3118891
:10B19000BFF36F8F0323184602DF04B010BD00BF5A
:10B1A0002CFC01000FE7010037B53223ADF8043065
:10B1B000124A00230125192168468DF80630ADF8A2
:10B1C00000508DF80230F7F7BBF9044698B90EF03D
:10B1D00018FD80B2F5F72EFC2A4621460820FBF721
:10B1E00023FD2A4621460B20FBF71EFD2A46214659
:10B1F0002846FBF719FD204603B030BD65B10000BD
:10B200000149024811F05ABBF8480020A81F00204D
:10B2100013B500240C490D4800946FF007034FF458
:10B22000806206F07DFA0A49084806F087FB094962
:10B23000094811F027FB224604211920FBF7F4FCF2
:10B24000204602B010BD00BF00A00020A81F0020B3
:10B2500041FC01002FAA0100F848002010B9024B60
:10B260001B681847704700BF08490020014B0120A8
:10B270001B6818470849002028B1012807D1044954
:10B280000020F5F73FBB034B01201B6818477047B0
:10B290005DB2000008490020014B18600020704793
:10B2A0000849002010B50C29036913D118680B4C0C
:10B2B00080EAE073A3EBE073990803F0030300282E
:10B2C00004FB03F3BDBF49425B4211601160536050
:10B2D000002010BD6FF08500FBE700BF90D0030099
:10B2E00038B5064B064C9D6805492B680348042277
:10B2F00098472368002BF7D038BD00BF50D6010017
:10B3000010490020044B186880EA403080EA504021
:10B3100080EA4010186070471049002040B20028B1
:10B3200008DB4309044900F01F000122403382403A
:10B3300041F82320704700BF00E100E040B2002840
:10B3400008DB4309044900F01F00012260338240FA
:10B3500041F82320704700BF00E100E040B2002820
:10B36000A7BF00F1604000F5614000F00F00034B03
:10B37000ACBF90F80003185C4009704714ED00E082
:10B3800008B50549054811F0A9FA00220023034831
:10B3900006F030FA002008BDA1B30000882000208C
:10B3A00037B50F4CA5684C21EB682046984770B91B
:10B3B0000C212B696A462046984740B9094B009AF0
:10B3C00093F90010914202D01A700FF0EAFB4FF48B
:10B3D000F0120023044806F041FA03B030BD00BF6C
:10B3E00010D701004F05002088200020014B93F961
:10B3F000000070474F050020084BD3F8082542F0A5
:10B400000302C3F808250422C3F81025D3F8042545
:10B4100022F00302C3F80425704700BF00900040EB
:10B42000014B01221A60704700900040014B01223D
:10B430001A617047009000400048704748900040F3
:10B44000054A064901235364D2F84435013B0B6099
:10B45000C2F84835704700BF0090004014490020F2
:10B4600008B5074BD3F8483508B90CF04CFA054A33
:10B4700012689A4216BF03600020012008BD00BF79
:10B480000090004014490020004870474C90004054
:10B49000014BD3F84C0570470090004008B5064BAF
:10B4A0001B69834201D00CF02EFAFFF743FCBDE884
:10B4B000084007F05DBF00BFE820002010B5064936
:10B4C0000C69844201D00CF01EFAC1E90223BDE8E8
:10B4D000104008F071B800BFD020002038B5104AE5
:10B4E000104C002313702360FFF7B4FD0028606048
:10B4F00001DA0CF008FA0C4D4FF0FF33A3600B4B50
:10B500000B4C2B600B4B2360FFF7A4FD0028286138
:10B51000EFDBFFF79FFD00282061EADB38BD00BFAD
:10B52000E84F0020B8200020E82000209DB4000053
:10B53000D0200020BDB4000002460B4601480FF0A9
:10B54000F2BA00BFE8200020014B1869FFF7C2BB28
:10B55000E820002070B5EFF3108672B6084C23780F
:10B560005BB9084D28690FF01DFA6861064D28691E
:10B570000FF018FA01236861237086F3108870BDFC
:10B58000E84F0020E8200020D020002010B5EFF385
:10B59000108472B60A4B00221A700A4B5969186956
:10B5A000891A18BF01210FF0FFF9074B5969186973
:10B5B000003918BF01210FF0F7F984F3108810BD8E
:10B5C000E84F0020E8200020D020002010B5FFF731
:10B5D000B1FBC21CBDE81040024841F100030FF06E
:10B5E000A2BA00BFD020002002460B4601480FF04F
:10B5F0009ABA00BFD0200020014B1869FFF76ABB40
:10B60000D0200020014B1869FFF75CBBD020002040
:10B61000014BD3E902017047D02000202DE9F74FFC
:10B62000464CBFF35B8F05460E461746012354E890
:10B63000002F002A03D144E800310029F7D1BFF3DD
:10B640005B8F0CBF98464FF00008A14672D14FF0B7
:10B65000000ACDE900AA2A46606833460FF0B2F925
:10B66000E0B1BFF35B8F54E8003F012B03D144E806
:10B6700000A2002AF7D1BFF35B8FFFF75BFBA84264
:10B6800071EB060337D22E4B281A66EB0101984264
:10B6900071F100012FD34FF002082CE06068FFF732
:10B6A00011FB8246EFF3108B72B6FFF743FB0230BB
:10B6B00041F10001854276EB010120D28BF3108825
:10B6C0007A1C05D06068FFF7FDFAF9B204F0E0FDDE
:10B6D0004FF0FF336068A360FFF7FCFABFF35B8FA6
:10B6E000002359E8002F012A03D149E8003100293D
:10B6F000F7D1BFF35B8F404603B0BDE8F08F7B1CF2
:10B7000003D0F9B2504610F0B4FAA760C4E9045669
:10B710008BF31088BFF35B8F022359E8002F012AB7
:10B7200003D149E800310029F7D1BFF35B8F4FF017
:10B730000008E0E74FF00308DDE700BFB820002075
:10B740000100400070B5164CBFF35B8F042054E835
:10B75000003F022B03D144E80002002AF7D1BFF3D7
:10B760005B8F25461BD16068FFF7B4FAA668731C8F
:10B7700005D06068FFF7A6FAF1B204F089FD4FF03A
:10B78000FF33A3600020BFF35B8F55E8003F042B1D
:10B7900003D145E80002002AF7D1BFF35B8F70BDEB
:10B7A000B820002070B51E4CBFF35B8F0546032305
:10B7B00054E8002F022A03D144E800310029F7D1D0
:10B7C000BFF35B8F2AD1EFF3108672B66068FFF784
:10B7D00079FAE9B210F04DFA6068A560FFF772FAE5
:10B7E0000568FFF7A7FAD4E90423904299412CBFDA
:10B7F00001200020002D18BF40F0010086F31088C2
:10B800000223BFF35B8F54E8002F032A03D144E8DF
:10B8100000310029F7D1BFF35B8F70BD0420FCE736
:10B82000B820002008B501F0C9FF04F04FF801F07E
:10B83000ADF90FF054F901F0A7FB104807F05AFAE0
:10B840000FF0C5FC01F076FD01F0EAFD03F012FFF8
:10B8500007F02EFDFFF744FD01F0E4FE07F0C8FC01
:10B8600007F012FB01F08AFF0FF053F907F0DAFD41
:10B8700003F088FFBDE8084003F042BC10E201007D
:10B8800010B50E4B002914BF0C461C46017886B03B
:10B8900001316B460622C9B210F00BF958B163783A
:10B8A0000BB923783BB9E3792BB92146684603F0FD
:10B8B000A3FE06B010BD0B20FBE700BF24FD010076
:10B8C00010B50E4B002914BF0C461C46017886B0FB
:10B8D00001316B460622C9B210F0EBF858B163781B
:10B8E0000BB923783BB9A3792BB9214668460FF0F1
:10B8F00035FE06B010BD0B20FBE700BF1DFD0100AB
:10B9000037B5EFF31083BFF35F8F72B6054CD4E900
:10B91000124583F31088CDE90045FEF709FF03B017
:10B9200030BD00BF90350020024B186808B190F878
:10B93000800070476849002008B5FFF7F5FF08B19F
:10B94000014B186808BD00BF6849002008B50828E9
:10B9500012D8DFE800F013151507090705050500E3
:10B96000022008BD0420FCE7064B1B7813F0100FE3
:10B9700014BF01200420F4E70FF0CCF80020F0E71A
:10B980000120EEE7EF4F002010B5064B1C78064B68
:10B990001878FFF7DBFFE4B2844234BF00200120B7
:10B9A00010BD00BFED4F0020F04F00202DE9F04109
:10B9B000094C236805460E4617460BB90FF0AAF846
:10B9C00023681A683146D2F8088028463A46C047AC
:10B9D00000232360BDE8F0811C49002010B5044617
:10B9E00001F072FB044B2046196801220FF015FC90
:10B9F000BDE8104001F0FEBA1849002010B5044619
:10BA000001F062FB054B1A78054B204693F90010B4
:10BA10000FF0FAFBBDE8104001F0ECBA0650002030
:10BA200005500020014A10700FF019BBF04F0020A4
:10BA300070B5074E04460D46014670680FF0B0FB26
:10BA400070682A462146BDE87040FFF7AFBF00BFCF
:10BA50001C49002008B50748074B00680022114622
:10BA600010F027F810F077F8044A00231360044A16
:10BA7000137008BD6849002048490020644900202F
:10BA8000F14F002008B5064B1B7833B111F039FB9C
:10BA90003B2894BF0020012008BD0120FCE700BF27
:10BAA000EE4F002010B5114C0FF087FB07F08CF81B
:10BAB0002378012B17D911F045FB0D4BD3E9042353
:10BAC000904299410FD20123237007F02DF801F025
:10BAD00063FD012803D1074B18780FF0C0FABDE8C9
:10BAE000104001F05DBA00232370F0E7EA4F002018
:10BAF00000210020F04F002008B5084B1B785BB1F7
:10BB00000021AE2011F0D5FA30B1FFF73DFF18B19A
:10BB1000BDE8084002F084BC08BD00BFEE4F002025
:10BB200070B586B004460E461546002118226846B8
:10BB300011F0FBFB02948DF80D608DF80E5074B17E
:10BB400023788DF80C30EFF31081BFF35F8F72B65E
:10BB5000104BD3E9102381F31088CDE904230E4C58
:10BB60006946606803F028F801F0AEFA201D0FF076
:10BB700015FB23680BB90EF0CDFF226860681368CF
:10BB80006946DB6898470023236001F033FA06B06A
:10BB900070BD00BF903500201C49002010B501F099
:10BBA000FBFD0F4B1860FFF7C7FE044602F0C4F818
:10BBB0004CB9BFF35F8F0B490122D1E84F3FDBB295
:10BBC00013B1BFF32F8F10BDC1E8432F002BF4D169
:10BBD000BFF35F8F0B20BDE81040FFF7FFBE00BF33
:10BBE000684900200450002010B5114C2378ABB9EF
:10BBF000104A1379022B11D91368597801F0070103
:10BC000005290BD0997801F0C001A1F1C000414293
:10BC10004141507AFF2802D10123237010BD064A0A
:10BC2000184403F07FFE0028F6D00223F5E700BF9A
:10BC3000F14F002048490020F24F002038B51A4B40
:10BC40001B7805460C4673B3FFF79EFE58B3FFF70B
:10BC50006BFE08B9FFF7A2FF144A137823F007031D
:10BC60001370FFF7F7FEFFF767FE02F065F801F0CB
:10BC70003DFC0FF0ECFC0E4B29461A78032002F035
:10BC800091F8012D09D10FF0E6FC07F05DFA20B91B
:10BC90000CB90EF03FFF0123237002F051FEBDE806
:10BCA000384007F017BC38BDEE4F0020EF4F0020A2
:10BCB000EC4F0020F7B52D4E96F8215007461DB1E8
:10BCC00096F823500135EDB2294B1B78002B39D063
:10BCD0007068327A03785C01002A37D1A3B203F18D
:10BCE000EE000DB1A83080B2002111F0E2F948B3A6
:10BCF000FFF74AFE044628B3002D34D002F01CFEA4
:10BD000007F0E8FB96F820000FF0A1FC194B7068D3
:10BD10001A78291E18BF012161F3C3021A7002F0BC
:10BD20003FFF154B1B7800932A46144B394602F00F
:10BD30006BF9012F07D10FF08EFC07F005FA10B94F
:10BD400002F0B0FA0024204603B0F0BD437803F0BF
:10BD50000703052BC2D00FF0B8F9A3B20028BED05C
:10BD600003F24E40BDE702F0EFFDC9E71C49002099
:10BD7000EE4F0020EF4F0020EB4F00203A4900200B
:10BD800010B5114B1B78EBB1FFF7FEFDD0B10F4C96
:10BD9000204606F03DFF11F0B4F9B0F5C07F11D395
:10BDA0002268C009831EB3EBD21F4FEAD21094BFA2
:10BDB000A2EBC31200222260BDE8104098BF1846D3
:10BDC00002F05EBB10BD00BFEE4F002060490020B6
:10BDD0007FB50FF083F918220021684611F0A5FA0B
:10BDE000074B6946586802F0E7FE01F06DF96946B5
:10BDF0000220FFF71DFE01F0FDF807B05DF804FB1F
:10BE00001C49002010B586B008284ED8DFE800F0A5
:10BE10003232050F24243441470059B3254B1968A9
:10BE20000122062006B0BDE810400FF0F6B9224C02
:10BE30002368002283F88020204B062118680FF029
:10BE4000B1F91F4B20681A781E4B93F9001006B009
:10BE5000BDE810400FF0D8B918220021684611F053
:10BE600064FA194B6946586802F0A6FE6946062036
:10BE7000FFF7DEFD06B010BD18220021684611F064
:10BE800054FA114B6946586802F096FE694605203F
:10BE9000EEE7012006B0BDE810400FF0DBB901204D
:10BEA00006B0BDE810400FF0E7B906B0BDE810409D
:10BEB0000EF030BE18490020684900206449002077
:10BEC00006500020055000201C4900202DE9F041BB
:10BED000264B90461A6807460C464AB92146384612
:10BEE00001F03EF8054648B900252846BDE8F08136
:10BEF00013681B6898470028F6D0EFE71C4C23789E
:10BF0000022B0DD101F0FEFE06462278022AD3B2A2
:10BF100008D00AD9033B052B24D90EF0FBFDE3E73B
:10BF20000026F2E70FB9002EDED102F0BBF923782C
:10BF3000022B0AD10F4B104800221A7007F000FAAA
:10BF400006F0D0FD20780FF08AF82378072B01D176
:10BF500006F092FEB8F1000FC7D020783146FFF707
:10BF600051FFC2E7002FBFD0DFE700BF1C49002010
:10BF7000F04F0020EA4F00200021002010B5FFF70D
:10BF8000A5FF044658B1074B1B782BB10120FFF7E2
:10BF900049FD02F01FFA10B90020FFF743FD2046CB
:10BFA00010BD00BFEE4F002073B50D461E46FFF7D3
:10BFB0008DFF044628B311F0EBF838B101F0ECFA2C
:10BFC000421ED2B2022A01D90EF0A4FD0E4B03226A
:10BFD0001A700E4B02201E60FFF724FD6B1F5842A3
:10BFE000584100260DF107018DF80760FFF726FE86
:10BFF0009DF807302BB102F055F931463046FFF776
:10C000001DFE204602B070BDEC4F002018490020F4
:10C010002DE9F041734A137886B00446107003F09E
:10C02000FF0783BB002800F0A28001F047FD6E4BA4
:10C0300001221A7007F010FA6C4E3578EDB22846DE
:10C04000FFF784FC80462846FFF780FC4745C0F098
:10C050009180844271D2357802210120EDB200F046
:10C060007FFF08B90EF056FD022D40F0938001F0DD
:10C0700049FE074602F016F9002F00F09E800620C8
:10C08000FFF7ACFC9AE00028D6D1574B1A78002A6B
:10C0900053D0564D18702B78022B02D101F032FE8E
:10C0A000044601F07DFD07F0F9F906F051FF022189
:10C0B000012000F055FF08B90EF02CFD2B78082B5D
:10C0C00050D8DFE803F03A050B1225253D3A3A0037
:10C0D000002006B0BDE8F041FFF7A4BC6CB305201A
:10C0E00006B0BDE8F041FFF779BC414C0220FFF7F4
:10C0F00099FC2368002283F880203E4B04211868B5
:10C100000FF050F8206806B0BDE8F041FFF776BCAC
:10C110000220FFF787FC18220021684611F005F97C
:10C12000354B6946586802F047FD00F0CDFF69467F
:10C130000420FFF77DFC00F05DFF06B0BDE8F08154
:10C140000220FFF76FFC18220021684611F0EDF87D
:10C15000294B6946586802F02FFD00F0B5FF69468B
:10C160000520E6E706B0BDE8F0410EF0D3BC06F0CE
:10C17000EFFE61E78442E0D33378022FDBB207D1D0
:10C18000042C05D1042B03D11C4B1B78032BD4D0DA
:10C1900030781FE002F086F8082D20D8DFE805F09F
:10C1A0000D0D1F0A050A0A0D0D00154A137823F01C
:10C1B000100313700220FFF735FC0027284639468C
:10C1C000FFF720FE3578EDB22846FFF7BFFB84422B
:10C1D000B3D3284606B0BDE8F0410EF090BF0EF094
:10C1E00099FCEAE7ED4F0020EE4F0020F04F0020D1
:10C1F00068490020644900201C490020E94F0020C4
:10C20000EF4F002008B5054B1B78062B01D00EF030
:10C2100081FCBDE808400EF0CABF00BFF04F00200F
:10C2200008B5094B1B78062B01D00EF073FC074BA9
:10C230001B683BB1187828B1BDE8084001214001D6
:10C2400010F037BF08BD00BFF04F00206849002044
:10C2500070B5002006F032FD1F4B1B7803F0010380
:10C260001843C0B208B90EF055FC1C4B1B78022BCA
:10C2700001D00EF04FFC1A480EF01BFF06F054FCE4
:10C28000002006F01BFD044601F086F9012820D1AC
:10C29000022010F038FF10F055FF124D04462846DA
:10C2A0000E4607F04DF8A0344FF0010346F10006AA
:10C2B0002B7728460C4B2B62C5E9044607F008F89B
:10C2C00008B10EF027FC094A13780133DBB2137072
:10C2D00001E0002CDFD170BDEC4F0020F04F0020BA
:10C2E0009835002000210020A5BA0000EA4F002068
:10C2F00008B5174B1B78022B01D00EF00BFC154B29
:10C300001B789B0701D40EF005FC13480EF0D1FEFC
:10C3100001F042F901280FD0022813D0002006F0C6
:10C32000CDFC98B10D4B0E4800221A7007F008F8AA
:10C33000BDE8084006F00CBC084B094800221A7002
:10C3400006F0FEFF022010F0DEFEE7E708BD00BFAA
:10C35000F04F0020EC4F00209C350020EA4F0020D9
:10C36000002100202DE9F843DFF868815A4D98F844
:10C3700000302C79022B814601D00EF0CBFB042C2F
:10C3800015D8DFE804F0031A071418000124012669
:10C39000274601E0042400262B685B7803F007039E
:10C3A000052B0CD14D4A137843F001031370002480
:10C3B0002046BDE8F8830524EDE70224E7E7464878
:10C3C000224649460FF091FB70B37EB14248394690
:10C3D0000FF084FA064650B9022F07D13F4A13786E
:10C3E000384643F00103137010F08DFE002601F073
:10C3F00041F820B12B6893F90030002B16DCAEB168
:10C4000001F050FF00210846FFF718FC98F80000E3
:10C410000EF025FE2B685B7803F00703022BC6D0D5
:10C420003046FFF7DBFAC2E70126E0E7022C06D030
:10C43000042C3BD0012C3BD1EC7C013401E02C7D61
:10C440000234E4B2254E33785A0715D4244B2868B9
:10C450001B681A780EF039FE530158BB03F1C00077
:10C46000002110F026FE074638B333781A4843F00F
:10C47000040333700EF099FE3378DB0798D52868F3
:10C480000EF023FE002893D001F010F800288FD082
:10C49000FFF7AAFB134B14491B780F48022B18BF58
:10C4A00000210FF05FFB114B186081E76C7DC4E742
:10C4B0000024C7E703F53870D2E701F0F3FE3946F0
:10C4C0003846FFF7BBFB0A4B0122196805200EF026
:10C4D000A4FED1E7F04F002048490020EF4F002094
:10C4E00068490020F14F0020F24F002064490020ED
:10C4F0001849002010B50D4C2378022B01D00EF006
:10C5000009FB0B4A137823F007031370FFF7A2FA15
:10C5100020780EF0A4FD074B03201A78002101F0CB
:10C5200041FCBDE810400220FFF758BAF04F002050
:10C53000EF4F0020EC4F002008B5054B1B78062B71
:10C5400001D00EF0E7FABDE80840FFF741BC00BF9C
:10C55000F04F00202DE9F04FDFF8CCA1DFF8CC81BF
:10C56000DAF80070DFF8C89185B001F029FD714B51
:10C5700018703B783B4413F8010C0FF03AF8800038
:10C58000FF286D4B28BFFF201870D8F800301978AD
:10C5900001310622C9B240460FF0A7FA83460028AF
:10C5A0007BD099F80030D90777D4032140460FF0AB
:10C5B00095F9064688B901464FF4087010F079FDE8
:10C5C00000286CD099F8003023F0050343F00503F0
:10C5D000404689F800300EF0E8FD99F80030DA079F
:10C5E0005FD556480EF065FD0EF040FD50EA0103A0
:10C5F00004460D4668D1EFF31083BFF35F8F72B628
:10C600004F4EC6E9124583F31088BFF35F8F06F0E3
:10C61000BFFA99F80030DB0773D5BBF1000F70D07B
:10C62000D8F800000EF051FD00286AD000F03EFF5F
:10C63000002866D04348444C02F09AFAFFF7D4FA37
:10C64000424B43491B783948022B18BF00210FF099
:10C6500089FA2060002854D00320FFF7E3F93D4B0E
:10C660001B78032B37D9002303A8ADF80C300FF04B
:10C6700021F8206802F094FA03AAC02101F082FD9B
:10C6800040B9DAF8003083F880000EF027FD384614
:10C69000FFF7B4F905B0BDE8F08F04269DE7052645
:10C6A0009BE700F0E7FE00289BD12B4B0190187808
:10C6B0000EF0D5FC01990846FFF7C0FA304605B0E8
:10C6C000BDE8F04FFFF78AB9B0F1170241F1FF332F
:10C6D00014461D468FE70421022006F04BFD18B9D1
:10C6E00006F118000EF0E5FCDAF80030002283F8BD
:10C6F00080200EF0F3FC384605B0BDE8F04FFFF7A0
:10C700007DB9154B18780EF0AAFC7B7803F007036F
:10C71000022BE9D100F0AEFE01460028E4D105B0BD
:10C72000BDE8F04FFFF78ABA684900204849002069
:10C73000EF4F0020055000200650002094350020C7
:10C74000903500202CFD010064490020F14F0020AD
:10C75000F24F0020ED4F0020F04F002030B51B4B72
:10C760001A78052A87B004D01B78042B01D00EF06C
:10C77000D1F9174C63685A7812070DD460680EF02F
:10C7800012FD23680BB90EF0C5F9206803685B68D9
:10C7900007B0BDE8304018471D7810F0B2FC0135F5
:10C7A0002D018542EAD901F07DFD0EF097FC18229B
:10C7B0000021684610F0B9FD6068694602F0FCF996
:10C7C00069460420FFF734F907B030BDF04F002070
:10C7D0001C49002070B5164B1B78032B01D00EF0BE
:10C7E00099F9144D2B685A78120707D428680EF06F
:10C7F000E0FC2868BDE87040FDF7FEBF1C7810F033
:10C8000080FC013424018442F0D90B4C266801F0ED
:10C8100049FD23682868002283F8802005210EF056
:10C82000C1FC0EF05BFC3046BDE87040FFF7E6B897
:10C83000F04F0020644900206849002010B5094BE2
:10C840001B78032B01D00EF065F9074B1C68002301
:10C8500084F880300EF042FC2046BDE81040FFF71F
:10C86000CDB800BFF04F00206849002070B50EF031
:10C87000FDFB04460D46EFF31083BFF35F8F72B6E6
:10C88000254EC6E90E4583F31088BFF35F8F234919
:10C89000234A0B7813F0080F14D023F010030B7009
:10C8A00053681B785B01D433E01A65F10001EFF3A4
:10C8B0001083BFF35F8F72B6C6E90C0183F3108853
:10C8C000BFF35F8F137AEBB15068437803F007032F
:10C8D000052B17D00EF0F9FBA0B10620FFF7A2F848
:10C8E000FFF722F80446FFF727F801F025FA02F0D7
:10C8F00027F806F0EFFD01F0E7FA64B9BDE87040F3
:10C90000FFF74CB90EF0EAFB0022BDE8704011467B
:10C910001046FFF705B970BD90350020EF4F00209D
:10C920001C4900202DE9F041DFF81C81474CD8F864
:10C9300000000178013123460322C9B20FF0B9F893
:10C94000002858D023685A7802F00702022A52D1F0
:10C950003F4D69688A7802F03002202A41D12B7A53
:10C96000022B01D80EF0D6F82379022B01D80EF055
:10C97000D1F821688B7803F03003202B3BD16B7BFF
:10C98000FF2B1CBF6868C018E37908BF0020FF2B8D
:10C9900031D080B395F816C0627C62452BD1194422
:10C9A00010F0CFFC38BB0EF061FB06460F46EFF3EC
:10C9B0001083BFF35F8F72B6264AC2E9106783F314
:10C9C0001088BFF35F8FD8F800606A68002786F888
:10C9D0008070537803F00703032B10D00EF07EFB1A
:10C9E0001EE01A78052A06D19A78920603D4DA78DE
:10C9F000CB789A42D7D0BDE8F041FFF7E9B92B7D5B
:10CA0000FF2BEBD0D35C042BE8D123685B78DB06EB
:10CA1000E4D50220FFF706F839463846FFF70EF94D
:10CA200001F0CEFA33783344044613F8010C0EF0CB
:10CA3000E0FD8200FF2A28BFFF2261B23046D2B259
:10CA4000BDE8F041FFF76CB8684900204849002074
:10CA50001C4900209035002038B5164B1B78042B5C
:10CA600001D00EF057F8144B1B789B0701D40EF041
:10CA700051F80EF0FBFA0D46044601F065FF06F092
:10CA800029FDEFF31083BFF35F8F72B60B4AC2E943
:10CA90000A4583F31088BFF35F8F094B1B78032B84
:10CAA00007D1042010F02FFB064A137823F010035F
:10CAB000137038BDF04F0020EB4F00209035002060
:10CAC000E94F0020EF4F00207FB50D480EF0F1FA3E
:10CAD0000EF004FB18220021684610F026FC094BDA
:10CAE0006946586802F068F800F0EEFA69460120DD
:10CAF000FEF79EFF00F07EFA07B05DF804FB00BF72
:10CB0000903500201C49002037B51E4C1E4D94F96D
:10CB100000308342B8BF034623702B687F2B16D9A1
:10CB200010F0EFFAB0F5C07F29D32A68C009831E40
:10CB3000B3EBD21F4FEAD21096BFA2EBC312002272
:10CB400018462A6003B0BDE8304001F099BC06F0F9
:10CB50008BF820B103B0BDE83040FFF711B900F009
:10CB6000C5FC0EF074FD0EF0B9FA23788DF8043090
:10CB700000F0AAFA01A80EF064FB00F03BFA03B043
:10CB800030BD00BF07500020604900200A4A0B4812
:10CB900008B5002313700A4A13700A4A13700A4A30
:10CBA00013700A4A137010F0D4FA0EF04EFDBDE86F
:10CBB00008400EF0C9BF00BFF04F00200021002048
:10CBC000EE4F0020EA4F002004500020F14F0020DB
:10CBD00038B505460EF0EEFA044668B1074B1A78F0
:10CBE00042B11B78012B05D0012211462846FFF7E0
:10CBF000C5F9044600F0D4F9204638BDF04F0020B6
:10CC00002DE9F04106460F46154698460EF0D2FA39
:10CC10000446C8B10E4B1A78022A0DD01B78032B9C
:10CC20000AD0FEF72FFF044630B1069B4246394634
:10CC30003046FFF7B9F904460DB12046A84700F089
:10CC4000AFF92046BDE8F081002DFAD0A847F8E7FB
:10CC5000F04F00202DE9F0470446894616460EF0B5
:10CC60001DFA804670B90727B06A431C02D0012123
:10CC700010F021FAB8F1000F01D000F091F9384618
:10CC8000BDE8F087012249462046FFF71FF900283A
:10CC900055D006F11C0001F06BFF30460EF07CFA17
:10CCA000074610B10EF01AFADEE700F07BFC96F8AA
:10CCB0002140244D64002870E4B210F069FA40B1BC
:10CCC00000F070FC032838D032D8431EDBB2012BB1
:10CCD00030D81D4B1D4A1C702B78DFF874A0D91E6C
:10CCE0004B424B41117863F30411117096F8210007
:10CCF000C0F10500C0B23546FEF794FE0FCD544694
:10CD00000FC40FCD0FC495E8070084E80700A9F110
:10CD1000050460426041FEF7CDFF96F82230002BFB
:10CD2000A2D00028A0D1CAF800000EF0D7F99AE7E7
:10CD30000428CED00DF0EEFECBE70224C9E7012790
:10CD400092E700BFE94F0020EB4F0020EF4F00209B
:10CD50001C49002030B587B004460EF09FF9054607
:10CD600018B3174B1B78062B1DD1164B22685B6836
:10CD70009A4218D100F08EFB0246C8B90421012066
:10CD8000FFF7FCF808B90DF0C5FE1822002168462F
:10CD900010F0CBFA2068694601F00EFF20686A4661
:10CDA0000521FEF703FE00F0FBF8284607B030BD72
:10CDB0006FF00103002204210120FFF7F5F8E1E7FD
:10CDC000F04F00201C49002070B506460D460EF0BD
:10CDD00065F90446A8B1012211463046FFF776F8FE
:10CDE000044660B1084B802D38BF80251D60074B7D
:10CDF000A42207201A70FEF715FEFEF7C1FF00F00F
:10CE0000CFF8204670BD00BF6049002007500020C9
:10CE100010B504460EF042F9012384F88030BFF3C8
:10CE20005F8F0B4B00221A70BFF35F8F68B1094B05
:10CE30001B7843B100F06CFF28B1074B1C60FEF774
:10CE40007BFD00F079FF00F0ABF8012010BD00BFC2
:10CE500004500020EE4F00206849002038B50546F8
:10CE60000EF01CF90446B0B10C4B1B781BB100F05E
:10CE70003DFB0EF0ECFB0A4B1B78022B09D1012283
:10CE800029461046FFF722F818B100210846FEF7A0
:10CE9000D5FE00F085F8204638BD00BFEE4F0020DB
:10CEA000F04F002010B50EF0F9F8044630B1044BF5
:10CEB0001B780BB10EF0CDFB00F072F8204610BDD0
:10CEC000EE4F002010B50EF0E9F8044668B1094BAA
:10CED0001B7803F0FF0433B1074B1B78022B06D1FC
:10CEE00001F034F8044600F05BF8204610BD002441
:10CEF000F9E700BFEE4F0020F04F002038B505469F
:10CF000001F058F810B90024204638BD0EF0C6F8DC
:10CF10000028F8D0094B1B781BB9002400F040F81A
:10CF2000F2E701F047F80028F7D001F063F8044673
:10CF30000028FAD001F044F82870EFE7EE4F002007
:10CF400010B50EF0ABF8044630B1044B1B780BB1B2
:10CF500000F090FE00F024F8204610BDEE4F0020B7
:10CF6000F8B5084F05460E46002457F8043B33B188
:10CF700031462846984718B10134032CF5D10120D9
:10CF8000F8BD00BF18E20100034B00221A70034BEA
:10CF9000FF221A70704700BF09500020085000207F
:10CFA00070B5134EEFF3108572B6337803F0FF04BB
:10CFB00033B90DF0AFFDFF24347085F3108870BDD8
:10CFC000013C14F0FF04F7D106F050F920B185F3CD
:10CFD000108806F03BF9E5E70121084606F0CAF89B
:10CFE00010B101200DF08AFDFEF7D0FAE4E700BF92
:10CFF0000950002010B5074C23781B0601D50DF011
:10D0000089FD054B1B780BB90DF084FDFF232370C0
:10D0100010BD00BF085000200950002010B5104B73
:10D020005C68C4F30804BCB1E4B2A4F11002D3B24A
:10D0300052B2511D06DA0DF06DFD0A4B04F00F04DB
:10D04000185D07E0002AF8DB03F1604303F5614354
:10D0500093F80003400910BD4FF0FF30FBE700BF1D
:10D0600000ED00E014ED00E038B50446FFF7D6FF10
:10D07000431C08BF7F20EFF3108572B6104A3CB9FD
:10D0800013782BB10F4B197843B249B2994206D1AC
:10D0900014780134E4B2012C147004D0012485F317
:10D0A0001088204638BDFEF755FA2146204606F086
:10D0B00061F80028F2D020460DF022FDEEE700BF17
:10D0C000095000200850002010B5094C2378FF2B90
:10D0D00001D00DF01FFD074B1B780BB90DF01AFDA9
:10D0E000FFF79CFF431C08BF7F2040B2207010BD9B
:10D0F000085000200950002038B50446EFF3108393
:10D1000072B60B4D0B482B600EF0FBF808B10DF01A
:10D1100001FD08480EF0D7F8047006480EF0D9F863
:10D12000054B01221A602B6883F3108838BD00BFBD
:10D130006C4900207049002000400140F8B50D4CBA
:10D1400007460E4620467D2115460EF042F8FF2880
:10D1500003464FF000000CD0282202FB034460700D
:10D1600063F07F00C0B2A76026736573FFF7C4FF4A
:10D170000120F8BDC82100202DE9F04107460E46E8
:10D18000BAB90F4C4FF080087D2120460EF021F8EF
:10D19000FF2813D0282303FB0044012540EA0800A0
:10D1A000C0B265702772E660FFF7A6FF2846BDE8AB
:10D1B000F081044C4FF000080421E6E70020F6E778
:10D1C000C821002028210020F8B5104C07460D4644
:10D1D00020467D210DF0FDFFFF28064613D02823B1
:10D1E00003FB004402236370A7600FCD10340FC40B
:10D1F00095E8030084E8030066F07F00C0B2FFF703
:10D200007BFF0120F8BD0020FCE700BFC821002003
:10D210002DE9F041114C80460F4620467D211546F0
:10D220000DF0D7FFFF28064616D0282303FB004445
:10D2300003236370C4F8088027730FCD10340FC424
:10D2400095E8030084E8030066F07F00C0B2FFF7B2
:10D2500053FF0120BDE8F0810020FBE7C82100203A
:10D2600038B50C4C05467D2120460DF0B2FFFF2855
:10D270000DD0282303FB00440423637060F07F007B
:10D280002B782372C0B2FFF737FF012038BD002092
:10D29000FCE700BFC821002038B50B4C05467D21B6
:10D2A00020460DF096FFFF280CD0282303FB0044F6
:10D2B00060F07F000523C0B263702572FFF71CFF8A
:10D2C000012038BD0020FCE7C821002038B50B4CF8
:10D2D00005467D2120460DF07CFFFF280CD0282339
:10D2E00003FB004460F07F000623C0B26370257228
:10D2F000FFF702FF012038BD0020FCE7C821002015
:10D3000038B50B4C05467D2120460DF062FFFF2805
:10D310000CD0282303FB004460F07F000723C0B239
:10D3200063702572FFF7E8FE012038BD0020FCE79E
:10D33000C821002008B582220123044904480DF0C9
:10D34000A4FF044B0122C3F8042308BD0A500020A7
:10D350007049002000400140F8B52D4BD3F8002162
:10D360005AB10022C3F80021D3F80031294D2A4ECA
:10D370002A4FAA79EB799A4200D1F8BD28460DF0E0
:10D38000B1FF0378282203F07F0454431B064CBFEF
:10D39000E419A4196378072B36D8DFE803F00412E8
:10D3A000171D24292D31627B94F90C10A0680DF013
:10D3B0004EFE28460DF09CFFBFF35F8F00232370C5
:10D3C000D7E7E168207A0DF044FEF2E7A06804F1A7
:10D3D00010010DF040FEECE7217BA06804F1100283
:10D3E0000DF03BFEE5E704F108000DF02CFEE0E750
:10D3F000207A0DF02AFEDCE7207A0DF020FED8E737
:10D40000207A0DF01EFED4E70DF084FBD1E700BFBB
:10D41000004001407049002028210020C821002040
:10D42000134B4FF6FF71A3F80110FE21D970FF21B5
:10D430001971B52119742D215974022199745A2139
:10D440000320D9740121002219755875042118761A
:10D4500005201A70C3F80720C3F80B20DA739975FA
:10D4600058769976BFF35F8FDA75BFF35F8F704799
:10D470008C500020024BD87C00F00100704700BFA8
:10D480008C500020024BDA7C60F30002DA747047A3
:10D490008C500020014B187D704700BF8C5000203D
:10D4A000014B1875704700BF8C500020024BD87C90
:10D4B000C0F34000704700BF8C500020024BDA7C64
:10D4C00060F34102DA7470478C500020024BD87C24
:10D4D000C0F38000704700BF8C500020024BDA7C04
:10D4E00060F38202DA7470478C500020014BD87CC4
:10D4F000C00870478C500020024BDA7C60F3C702F2
:10D50000DA7470478C500020014B93F9000070478B
:10D510008C500020014B1870704700BF8C500020C9
:10D52000004870478D500020024B0288A3F801206C
:10D53000704700BF8C500020004870479350002077
:10D54000034A0368C2F807304368C2F80B307047DB
:10D550008C500020004870478F500020024B0288FA
:10D56000A3F80320704700BF8C500020BFF35F8FEB
:10D570000448C37DBFF35F8F002B00F1050008BF97
:10D58000002070478C500020024BD3F80F3003600E
:10D59000704700BF8C500020014B587D704700BF82
:10D5A0008C500020014B987D704700BF8C500020AC
:10D5B000014B187E704700BF8C500020014B587EF5
:10D5C000704700BF8C500020014B987E704700BF11
:10D5D0008C50002008B5EFF3108272B6064B074856
:10D5E0001A600DF08EFE08B10DF094FABDE8084007
:10D5F00002480DF068BE00BF784900207C49002039
:10D6000008B505480DF065FE044B01229A60044BF5
:10D610001B6883F3108808BD7C490020004001404E
:10D620007849002008B540222023044904480DF021
:10D630002CFE044B0422C3F8042308BD50350020FF
:10D640007C4900200040014073B54A4BD3F80821C3
:10D650004AB10022C3F80821D3F80831464DAA790F
:10D66000EB799A4201D102B070BD28460DF03AFE26
:10D6700003780446142B79D8DFE803F00B78141EE6
:10D68000252A307878353A3F44484D515A5E686DC6
:10D690007200C668007AFFF79BFA307028460DF0DA
:10D6A00027FEDCE722694669837B417B007B009291
:10D6B000A268FFF7A5FAF0E7D0E90426417A007ADC
:10D6C000FFF7C8FAE9E7D0E90206FFF743FBE4E712
:10D6D000D0E90361007AFFF777FBDEE7C668007ADE
:10D6E0000DF044FDD9E7D0E90206FFF791FBD4E73E
:10D6F000C668007AFFF7B2FBCFE78468FFF7D2FB7A
:10D700002070CBE78468FFF7DDFBF9E7D0E902067C
:10D71000FFF7F4FBC1E78468FFF712FCF0E7D0E9FC
:10D7200006360093D0E90423806801F011FDB4E7C8
:10D73000846801F0C5FDE3E78269C669037D009254
:10D740000269D0E9020101F073FDA6E7D0E9020603
:10D750000EF088F8A1E7D0E902060EF0A1F89CE7E8
:10D76000D0E90316806801F07DFB96E70DF0D2F951
:10D7700094E700BF004001407C490020054A002397
:10D7800001210133782B82F8801002F18102F8D157
:10D79000704700BFA7500020074A0023114692F8A7
:10D7A000800018B103EBC313C81870470133782BFE
:10D7B00002F18102F3D17047A750002010B5074C49
:10D7C00023784BB9064A012114200DF089F9142061
:10D7D0000DF094F90123237010BD00BF1F8D0020B0
:10D7E00025B60100094B0A4A1B680A48B3FBF2F34D
:10D7F000322253430022934201D80DF08BB9D0F866
:10D800005015C9B209B10132F5E77047480400204C
:10D8100040420F000010004008B5F2F78FFC064BA5
:10D8200001221A61D3F8002222F48072C3F8002288
:10D83000BDE8084001F06CB90080004008B501F077
:10D840001FF910B9014B01221A6108BD00100040F8
:10D8500010B5094CD4F8003223F48073C4F80032B8
:10D8600008B1F2F76BFCF2F763FC01F051F90DF02F
:10D8700006FF0123236110BD00800040084BD3F850
:10D88000502502F0F702042A08D00022C3F8002233
:10D89000C3F81021D3F8102101221A61704700BF8C
:10D8A0000010004010B50021094C042001F0B8F828
:10D8B0000023C4F80032FFF7AFFF4FF4C023C4F8D1
:10D8C000083301232363BDE81040FFF7D7BF00BF33
:10D8D0000010004008B50021042001F0A1F8FFF776
:10D8E0009BFF074B4FF40042C3F808230022C3F804
:10D8F000002201229A62BDE80840FFF7BFBF00BFC7
:10D900000010004008B508480021F2F70BFC50B9A0
:10D91000064AD2F8003243F48073C2F80032BDE800
:10D92000084001F0E3B808BD60E20100008000405B
:10D9300013B5002301A88DF80330FFF725FE0DF184
:10D940000300F2F70DFC9DF803309DF80500184424
:10D9500040B20DF064FE9DF804400DF058FE9DF8B5
:10D9600007309DF806201B0643EA02432343034A7F
:10D9700043EA0023C2F86C3602B010BD001000402C
:10D98000A0F10B030F2B10B5044601D90DF0C2F81E
:10D9900004EB840404F62E14B4F5166F38BFA4F615
:10D9A0003814044B34BF44F48074A4F51664C3F8EF
:10D9B000084510BD0010004010B5FFF713FF0DF033
:10D9C0005EFE0DF038FEF2F7B9FB0B4A0B49D2F8B8
:10D9D000003223F48073C2F80032094A002343F274
:10D9E00013401370C1F8080306480824C0F8084320
:10D9F000C1F80032537010BD00800040001000409C
:10DA0000228D00200040014010B50A4C20780DF016
:10DA100030FE01F027F82078FFF71AFF064A074B7F
:10DA2000C2F808330023C2F80032054A137153705C
:10DA300010BD00BF218D002000100040130006081B
:10DA4000228D002010B500210D4C042000F0E8FFCD
:10DA500047F20203C4F80833F2F770FB01F058F8FC
:10DA6000084BD3F8002222F48072C3F8002201226E
:10DA70001A61054A0023C4F80032537010BD00BF7C
:10DA80000010004000800040228D0020064A002344
:10DA90001370064A1360064A1370064A1360064A5A
:10DAA0001360C2F803307047298D00208849002098
:10DAB000218D002084490020228D002070B5324D38
:10DAC0002B780BB10DF026F8304B314C0121196148
:10DAD000D3F8042522F00302C3F80425D3F808255F
:10DAE00042F00302C3F808250422C3F810250023DE
:10DAF000C4F8FC3FC4F8FC1FF2F750FBA0B14FF094
:10DB00008053D3F83003D3F83413D3F83823204BA1
:10DB1000461C18BFC4F84C07481C18BFC3F884152E
:10DB2000511C18BFC3F88825194C0F23C4F81035B1
:10DB3000184BC4F814357F23C4F81835012640F279
:10DB40000223C4F85066C4F83435134BC4F8383592
:10DB50000DF085FDFFF7ECFEFFF7C8FCFFF710FFA7
:10DB60000DF093F830460CF0C9FFD4F800320BB139
:10DB70000CF0D0FFF2F7C4FA08480121F2F7F6FAE8
:10DB800001232B7070BD00BF298D00200080004054
:10DB90000010004008000006211001001011004094
:10DBA00070B52E4C2378002B42D02378013B0B2BF1
:10DBB00050D8DFE803F0080806083E454C3E4F4FBA
:10DBC0003E080DF038FDFFF759FE254B08220026D0
:10DBD000C3F80823C3F80C61D3F80C31214BD3F8F8
:10DBE0000022012522F44072C3F800221D61FFF7D4
:10DBF000F9FD1D4BC3F8FC6FC3F8FC5F0DF030FD61
:10DC00002846FDF79BFBF2F799FAF2F791FAF2F743
:10DC1000B3FA2378AB4204D00320F2F795FAF2F777
:10DC200075FA124A002313705370537113712370E5
:10DC300070BD0021042000F0F3FE00F069FFC2E790
:10DC40000B4B18780DF015FD00F00CFFF5E700F018
:10DC50003FFFB8E70CF05EFFB5E700BF298D00205D
:10DC6000004001400080004000100040228D002054
:10DC7000218D002010B5224C23780BB90CF04AFFFF
:10DC80002378033BDBB2082B09D8012000FA03F309
:10DC900040F21312134203D113F02C0F28D110BD00
:10DCA000002005F00BF8012807D002280DD000282D
:10DCB000F5D0BDE810400CF02DBF002005F00CF8A9
:10DCC0000FF048F90028EAD1F3E72278072AD3B207
:10DCD0000AD006D8033B012BEBD8BDE8104004F076
:10DCE000EDBE0B2BDBD0E4E7BDE8104004F0CABF6B
:10DCF00004F0E4FF0028D2D00128DAD1DEE700BF2B
:10DD0000298D0020014B1878704700BF228D00201C
:10DD100008B5074B07491B784878032BDAB203D0C4
:10DD2000052A01D008B9002008BD0CF0F3FEFAE77F
:10DD3000298D0020228D0020F8B5144B054618606F
:10DD400010B900263046F8BD114F002404707E78CB
:10DD5000002EF6D00F4B1B78032BDAB212D0052A17
:10DD600012D00CF0D7FE00227A700B4AC2F804558C
:10DD7000C2F80042D2F85035DBB2022B04BF0123B7
:10DD80009360DFE7054CEEE7054CECE784490020A3
:10DD9000228D0020298D0020001000405200080034
:10DDA00012000800F8B53F4B01271F613E4B144697
:10DDB00003221A703D4B0E46C4F3400100229970B5
:10DDC0003B499A7109685A7005461A7039485A7168
:10DDD00000295AD0384B0A70C0F80415C0F8003238
:10DDE0000DB90CF097FE334B0022ED00C3F86055DF
:10DDF000C3F83421D3F83411C3F82821D3F82811FB
:10DE0000C3F83021012ED3F83011C3F80421D3F820
:10DE1000041103BFC3F80021D3F8003143F21345C6
:10DE200043F2024514F0010032D00C2000F07EFED7
:10DE3000204B0022C3F86821D3F868311F4BC3F888
:10DE40000C21D3F80C210822C3F80423194B1C48D9
:10DE5000C3F804530021F2F765F9124CE8B9D4F87D
:10DE60004035184A1360FFF705FFD4F8003243F439
:10DE70008073C4F8003201223146042000F068FDAE
:10DE80007EB9BDE8F840FFF7D9BC5F705223A5E723
:10DE900004F014FF0028C8D1D8E70123C4F84035A6
:10DEA000DFE7F8BD00800040298D0020228D002092
:10DEB000844900200010004052000800004001404A
:10DEC00060E201008849002010B51B4B1A681B4B0B
:10DED000052119701A491B4B4AB300201070487075
:10DEE000C3F80425184AC3F800220024C3F80441EB
:10DEF000D3F80421C3F83841D3F83821C3F83041AE
:10DF0000D3F83021C3F83441D3F8342147F2020268
:10DF1000C3F80423FFF7F6FCFFF7ACFE22462146C8
:10DF2000042000F015FDBDE81040FFF787BC01227A
:10DF30004A701222D7E700BF84490020298D0020B3
:10DF4000228D0020001000401200080010B5134B75
:10DF50001B78032B20D1124BD3F85035023BDBB298
:10DF6000012B19D80F4CA37963B90F4B18680F4BCD
:10DF7000B0FBF3F00E4BC0EB001043F001039847E9
:10DF80000123A371064B0022C3F81C210120D3F802
:10DF90001C215861607110BD0020FCE7298D002014
:10DFA00000100040228D00204804002040420F0055
:10DFB00000DB0100014B5879704700BF228D002023
:10DFC00013B500238DF80730094BD3F8480500F04E
:10DFD0007F000DF007FB04460DF10700F2F7C0F8D3
:10DFE0009DF80730E0184042C0B202B010BD00BF3B
:10DFF00000100040034BD3F81C01003818BF01206B
:10E00000704700BF001000402DE9F84F9B46514B70
:10E010009DF82890504F514CB2F1000815464FF032
:10E0200001021A614E4B4FF006021A704D4B18BF99
:10E030004FF00108002283F80080FA704A4B8246B4
:10E040009BF900001D700E46F4F780FF012DC0B251
:10E05000C4F80C05C4F804A55ED9444AC4F80022EB
:10E0600000F0B4FC0022012EC4F86C21D4F86C112D
:10E0700003BFC4F80021D4F800213D484FF00060F0
:10E08000E5B1364A002119F0020FC2F84811D2F862
:10E0900048411BBFC2F84411D2F8441140F480201B
:10E0A00040F4C02019F0040F08D00021C2F800117C
:10E0B000D2F80021012240F00100FA70274A002422
:10E0C000C2F8044140F00200D2F804113C71C2F8D9
:10E0D00004039BF80100F2F73DF88DB3254926486B
:10E0E000F2F720F8214605462248F2F715F8D0B994
:10E0F000184AD2F8003243F48073C2F8003200F0BC
:10E10000F5FCFFF7B7FD314640460DF0ACFAF6B925
:10E11000BDE8F84FFFF792BB0CBF184A4FF4A012AE
:10E12000C4F800229EE7002DE2D00A4BD3F800226B
:10E1300042F48072C3F800220222C3F84025E0E7CF
:10E140000F482946F1F7E8FF0028D1D0EDE7BDE8F8
:10E15000F88F00BF00800040228D0020001000409A
:10E16000298D0020218D0020208D00200018140012
:10E170001100000830E2010060E2010000381400E4
:10E1800048E201002DE9F843404C2378042B8046F7
:10E190000D46174601D00CF0BDFCB8F1000F01D1BF
:10E1A0000CF0B8FC07233F2D237005D8384B012213
:10E1B0001A610020BDE8F88397F90000354CF4F7A8
:10E1C000C5FE354BC0B2C4F80C051E6833482E445A
:10E1D0002F4DA6F13F09C5F844954FF4A013C4F89C
:10E1E00004854FF00008C4F800324146C4F8548159
:10E1F0001822D4F854310FF098F8284A0523173E16
:10E2000013745560D6607878F1F7A4FF234841462F
:10E21000F1F782FFD5F8003280BB43F48073C5F874
:10E220000032FFF727FD0023C4F86C31D4F86C21CD
:10E23000C4F80431D4F80431164C00F037FC144B08
:10E240000122DA64D3F84C25D3F84035914503D93F
:10E25000994516D9934214D30DF011FAD4F85035DC
:10E26000DBB2092B0DD0D4F8543153B900F030FC97
:10E27000F1F75EFF0120F1F767FF97E743F40073C2
:10E28000CDE7074BC4F80433012093E7298D002024
:10E290000080004000100040884900208C49002088
:10E2A00012000008F8B5434C23780C2B7ED8DFE829
:10E2B00003F00D0D070E2D314A62777D7D7A0D003A
:10E2C0003D4B1022C3F808230C232370F8BD0DF03A
:10E2D000B2F9F1F733FF39493748D1F80032384AFB
:10E2E00023F48073C1F8003243F213450023137006
:10E2F000C0F80853334D0826C5F80863C0F800324B
:10E300005370FFF7BBFA01230B61DDE72B4B0122B2
:10E310001A61D9E70021284D042000F081FB47F263
:10E320000203C5F80833F1F709FF00F0F1FB2349B8
:10E33000234AD1F8003223F48073C1F8003200235D
:10E34000C5F80032DCE7204F1B4D387800260DF071
:10E3500090F900F087FBC5F800623878FFF778FA8B
:10E360001A4BC5F80833164B1E715E7001232B63E0
:10E37000FFF784FAA8E7104D00F0AAFB0023C5F8C8
:10E380000032F1F7D5FE0D4BD3F8002222F4407293
:10E39000C3F8002201221A610D4BC5F80833E7E7E4
:10E3A000FFF780FA90E7FFF795FA8DE7BDE8F840B0
:10E3B0000CF0B0BB298D0020001000400080004010
:10E3C000228D002000400140218D0020130006080E
:10E3D0000200000808B50F4A1378013B0B2B07D841
:10E3E000DFE803F00815060A060606060606060D0F
:10E3F0000CF090FB00200BE0074B01211961022378
:10E400001370064B1022C3F80423FFF737FA0120DC
:10E4100008BD00BF298D0020008000400010004092
:10E4200010B5154C2378012B04D023780C2B01D088
:10E430000CF070FB08232370104B00244FF4205283
:10E44000C3F80022C3F84841D3F84821C3F8444137
:10E45000D3F844214FF4C022C3F80423FFF752FA43
:10E46000FFF708FC22462146042000F071FABDE8BF
:10E470001040FFF7E3B900BF298D002000100040D5
:10E4800038B5174D2B780C2B044604D02B78012B74
:10E4900001D00CF03FFB013C0B23B4F5001F2B70A7
:10E4A00001D30CF037FB0F4BC4F31404C3F86446DC
:10E4B0004FF400420024C3F80022C3F83C41D3F8D3
:10E4C0003C11C3F80423FFF71DFAFFF7D3FB2246E4
:10E4D0002146042000F03CFABDE83840FFF7AEB911
:10E4E000298D00200010004073B50CF066FEA64B8D
:10E4F000D3F80423160714D5A44AD2F8681181B1C1
:10E500000021C2F86811D2F86821C3F80C11D3F8C1
:10E510000C319F4B1B78032B01D00CF0FBFAFDF75D
:10E5200097FE9A4BD3F80423D50718D5D3F80021CA
:10E53000AAB10022C3F80021D3F800210122C3F8B8
:10E54000082300F055FA924B1B78032BDAB206D061
:10E55000062A1ED18F4BDB780BB10CF005FE8B4BDE
:10E56000D3F8042394071CD5D3F80421CAB10022A0
:10E57000C3F80421D3F804211022C3F80823844AE5
:10E580001278033A042A76D8DFE802F0067560664E
:10E590006F000CF0BFFAE2E77E4B9B780BB1FDF702
:10E5A000A7FE7A4BD3F80423500411D5D3F83821B1
:10E5B00072B10022C3F83821D3F838214FF48042D9
:10E5C000C3F80823724B1B78052B57D1FDF728FEA3
:10E5D0006E4BD3F80423510521D5D3F82821F2B18D
:10E5E0000022C3F82821D3F82831694B1B78032B6C
:10E5F00001D00CF08FFA674B644D01221A70D5F8E8
:10E60000343163B9D5F86045C4F3C7042046FDF73B
:10E61000A9FE84423EBF00B2C000C5F860055B4B56
:10E62000D3F80423920435D5D3F8342192B30022D1
:10E63000574CC3F83421D3F834312378032BDAB2A2
:10E640001FD0052A3DD00CF065FA23E0514B012282
:10E650005A71FDF7D7FDA4E70222C3F808234D4BFA
:10E6600001221A71FEF77AF89BE70222C3F8082309
:10E67000FEF7B0F895E70CF04DFA92E70CF04AFA85
:10E68000A6E7FFF799F9444B01221A610C23237086
:10E69000FDF730FF3D4BD3F80423D60421D5D3F842
:10E6A0003021F2B100223A4CC3F83021D3F8303196
:10E6B0002378032BDAB20BD0052A29D00CF02AFAE2
:10E6C0000FE0FFF7BFF90C232370FDF735FFE1E7FB
:10E6D000304B01225A71FFF76FF904232370FDF7C5
:10E6E00039FF2A4CD4F804331D011ED5D4F86C31FF
:10E6F000DBB1274D0026C4F86C61D4F86C312B785F
:10E70000062BDAB20BD0072A27D00CF003FA0CE064
:10E71000FFF798F90C232370FEF704F9E1E7FFF700
:10E7200073F90C232B70FEF7A1F8184BD3F80423D0
:10E73000D40638D5D3F81021AAB30022144CC3F85C
:10E740001021D3F8102121780329CAB22BD027D861
:10E75000022A5BD00CF0DEF925E000F0B9F9C4F82C
:10E760000062F1F7E5FC0C4BD3F8002222F4407272
:10E77000C3F8002201221A61084BC4F808330C23A5
:10E780002B70FEF75BF8D0E700400140001000401E
:10E79000298D0020228D00200080004012000008FA
:10E7A000063A012AD6D8524BD3F80423900315D544
:10E7B000D3F8442192B100224E4CC3F84421D3F83F
:10E7C00044312378062BDAB22DD0082A2ED1FFF758
:10E7D00069F80C23012023700CF0B9FC444BD3F8EA
:10E7E000042351034DD5D3F84821002A49D0414C88
:10E7F0000025C3F84851D3F848312378062BDAB204
:10E8000017D0082A6CD00CF085F93AE01022C3F832
:10E8100008230320F1F798FCF1F778FC012323701B
:10E820000CF092FCBFE7FEF717F9D7E70CF072F98E
:10E83000D4E7314B1B780BB90CF06CF92F4A1378E5
:10E84000012B18D91378013BDBB213701378012B1D
:10E85000DDB216D100F006F92549294BC1F8003286
:10E86000D1F848316BB10D63FFF708F80023C1F808
:10E870004831D1F84831FFF7C7F80C232370FEF771
:10E8800023F91B4BD3F80423120424D5D3F83C21DD
:10E890000AB3184D0024C3F83C41D3F83C312B781F
:10E8A0000B2B01D00CF036F9114B8DF80740D3F843
:10E8B0006806C0B20CF0ADFE0446FFF70BF80C235F
:10E8C0000DF107002B70F1F74BFC9DF80730E01AB3
:10E8D00040B2FEF719F902B0BDE87040FEF760BB28
:10E8E000FEF7E0FF0C23284623700CF030FCC8E74D
:10E8F00000100040298D0020218D0020208D002057
:10E900000038140010B5EFF3108472B6094BD3F839
:10E91000042312070AD5D3F80C213AB10022C3F818
:10E920000C210120D3F80C31FCF7F8FC84F310889B
:10E9300010BD00BF00400140004870472CE20100BC
:10E940000048704728E201000048704724E20100B7
:10E9500010B5174B0024C3F83C41D3F83C31154B9C
:10E96000154CC3F8484500F1804000F58050C3F8CD
:10E970004C051248C3F82C09BAB1114AC3F85045E6
:10E980004FF4E070C3F854250E4A11B90E49C3F88C
:10E990004015C3F84425074BD3F8002842F0800205
:10E9A000C3F80028C3F8040510BDC020ECE700BF81
:10E9B0000040014000F001403C41014004F00140B2
:10E9C000008000403C40014010110040064B074AC7
:10E9D000C3F86025A2F58E72C3F864254FF48062F7
:10E9E000C3F80425704700BF00F001404811004003
:10E9F000084B0022C3F83C21D3F83C31064A074BB0
:10EA0000C3F8402502F5973202F59672C3F8442503
:10EA1000704700BF004001401011004000F001406D
:10EA20000F4B002914BF4FF4E072C022C3F8082531
:10EA30004FF00002C3F84825C3F84C25C3F82C2931
:10EA4000C3F84025C3F844251CBFC3F85025C3F8BC
:10EA50005425D3F8002822F08002C3F8002870471C
:10EA600000F00140054B4FF48062C3F808250022F6
:10EA7000C3F86025C3F86425704700BF00F001406B
:10EA800008B5084BD3F85035DBB243B9064B0CF050
:10EA9000F6FDD3F83C01003818BF012008BD012065
:10EAA000FCE700BF0010004000400140054B064A53
:10EAB000C3F85825054AC3F85C254FF40072C3F823
:10EAC0000425704700F001404481004000100040E0
:10EAD000054B4FF40072C3F808250022C3F85825EF
:10EAE000C3F85C25704700BF00F00140054B064AA3
:10EAF000C3F85025054AC3F854254FF48072C3F873
:10EB00000425704700F001403C4101400080004076
:10EB1000054B4FF48072C3F808250022C3F8502536
:10EB2000C3F85425704700BF00F00140074B084A66
:10EB3000C3F8682500F1402000F580304FF40062F2
:10EB4000C3F86C05C3F80425704700BF00F001400E
:10EB500068110040054B4FF40062C3F808250022FD
:10EB6000C3F86825C3F86C25704700BF00F001406A
:10EB7000074A00231360074A1370074B18B918702F
:10EB8000064B1870704702781A704078F8E700BF9B
:10EB9000A44900202C8D00202B8D00202A8D0020E0
:10EBA000034B1A68034B002A18BF1846704700BF72
:10EBB000A44900202D8D002038B504460D4609B922
:10EBC0000BF0A8FF0E4A0F4B10780F4A1B78126803
:10EBD0002B70687092B10D490A780132D2B240B1FF
:10EBE00023B12046BDE838400EF078BB084B1A78B8
:10EBF000F7E71BB1064B1B78D21AF2E738BD00BF0E
:10EC00002A8D00202B8D0020A44900202D8D00206E
:10EC10002C8D002010B51F4B88B018780CF06AFDC1
:10EC200020220446002168460EF07FFB0EF08AFA8F
:10EC3000A3B24FF4A072E3FB020102238DF811305E
:10EC4000154B05936FF00203CDE900010693FEF723
:10EC5000A9FC022816D004D8012808D00BF05AFFCE
:10EC600008E00338C0B20128F8D8012300E00423EB
:10EC70008DF81030684604F0D1F908B90BF04AFF5E
:10EC800008B010BD054B1B78002B14BF04230123D3
:10EC9000EEE700BFB38D002081ED0000B48D0020B1
:10ECA000BFF35F8F084AD2E84F3FDBB2834203D005
:10ECB000BFF32F8F00207047C2E8431F002BF2D113
:10ECC000BFF35F8F01207047AD8D002038B504463B
:10ECD0000D4603200021FFF7E3FF08B90BF01AFFF0
:10ECE000044B00221A601A7129462046BDE83840BC
:10ECF0000CF095BAA84900200729F8B505460C463E
:10ED0000164620D89223CB40DB071CD501210220D8
:10ED1000FFF7C6FFB8B1164F3B780B443B70FEF7C8
:10ED20004DFC144A1378984284BF01331370FEF7E8
:10ED30004BFC3B78834217D900210120FFF7B0FF3D
:10ED400008B90BF0E7FEBFF35F8F0B4A0023137087
:10ED5000BFF35F8F094A136013712146324628467C
:10ED6000BDE8F8400CF064BABDE8F840FFF752BFC8
:10ED7000B48D0020B38D0020AD8D0020A849002067
:10ED80002DE9F043C31C8DB0064601D00BF0C2FE46
:10ED900002210120FFF784FF00284BD02B4B1C7869
:10EDA000FEF700FC4CB9022807D104216FF00200E5
:10EDB0000EF09AF908B90BF0ADFE254FDFF89480FC
:10EDC000CDF800803D460FCD01AC0FC4DFF8889030
:10EDD00095E80300B9F8003084E80300ADF81C3072
:10EDE0001E4B0A961B88ADF81E301D4B00251B7864
:10EDF0008DF820306A460123032128468DF8213002
:10EE0000ADF822508DF824500CF0E4FA044670B1AD
:10EE10001822294668460EF088FAB9F80030ADF895
:10EE20000030386843466A462146FFF765FF0DB05B
:10EE3000BDE8F083012130460EF03DF90028F6D1FF
:10EE40000DB0BDE8F0430BF065BE00BFB48D0020EF
:10EE5000A84900203C040020B18D0020AF8D002087
:10EE6000AE8D00202DE9F84304460E460EF06AF9F7
:10EE700080468946EFF31083BFF35F8F72B61A4A5C
:10EE8000C2E9088983F31088BFF35F8F0121002056
:10EE9000FFF706FF30B3337903B37779134D0FCC07
:10EEA0000FC5134B32881A8094E80300114B0024DD
:10EEB00085E803001C70FEF77BFB0F4BF1781870A0
:10EEC0000E4B0F4A1F70B378384643EA01210CF00D
:10EED000DDFBFFF79FFE2046BDE8F883FEF706FB4B
:10EEE0000746DBE70720F7E790350020A849002018
:10EEF000B18D0020B48D0020B38D0020AE8D002098
:10EF0000AF8D002010B5084B5A6890420CBF1C46CC
:10EF10000024DA6D904202D11CB10BF0FBFD2046BB
:10EF200010BD03F15804FAE73836002030B5144C10
:10EF30006368984287B002D00BF0ECFD00240422F5
:10EF4000022120460CF0E4FB08B90BF0E3FD04F1CC
:10EF50001002052101200CF03DFA054670B118227F
:10EF6000002168460EF0E1F9A38DADF8003060692C
:10EF700004F13C036A4629460CF00FFC07B030BD93
:10EF8000E035002038B5114C002504F1100004F0E4
:10EF9000D7F9024688B961680A200CF03EF908B931
:10EFA0000BF0B8FD4FF0FF336360012204212046CF
:10EFB0000CF0AEFB08B90BF0ADFD6B1C022B04F19D
:10EFC00058044FF00105E0D138BD00BF38360020AD
:10EFD0002DE9F0410546EFF3108872B61B480CF09E
:10EFE00081F9044619480CF083F988F310882468E5
:10EFF0001CB9BDE8F0410BF08DBDF5B1FFF7C2FFC4
:10F000000EF0A0F8A36BA4621B180F4641F100019B
:10F0100006460022C4E908310123C4E9106784F8D8
:10F020002C3084F8482004F1100084F8492004F0C2
:10F030004FF90028DDD1BDE8F08161682A4607203C
:10F040000CF0EBF80028F6D1D3E700BFC849002048
:10F0500073B50646FFF756FF0446002849D0042240
:10F0600002210CF055FBB8B90025012130460EF005
:10F0700022F808B90BF04EFD002D3AD14FF0FF33C6
:10F0800063600122042120460CF042FB88BB02B0E1
:10F09000BDE870400BF03EBDEFF3108572B6164828
:10F0A0000CF02FF908B10BF035FD13480CF00BF9FB
:10F0B000046011480CF00DF985F31088FEF716FA7C
:10F0C00094F85030984209D16368009301230B4AA9
:10F0D000052118460CF052F90546C6E71846FEF71A
:10F0E0000BFA05200CF006FA0028EDD1FFF770FFAF
:10F0F000BAE702B070BD00BFC8490020D1EF0000E0
:10F1000070B50E4C0E490F48042308220CF0BDF8D0
:10F1100001264FF0FF3504F11000267065600EF0F7
:10F1200018F804F1680084F85860E5650EF011F8ED
:10F13000054B064A1E705D60DA6370BD38360020EC
:10F14000C0490020C8490020E035002088E20100C5
:10F150002DE9F04788B0054601213348DDF84080AD
:10F16000174699460CF0EEFA044618B9072008B085
:10F17000BDE8F08798F80230002B4DD1B7F59B77AA
:10F180004FF0000A84F808A00FCD04F114060FC652
:10F1900095E8030086E80300B8F80030A38598F8E6
:10F1A000043098F8051098F8030043EA012104F1AF
:10F1B0002E0249F1FF390CF069FA98F8023084F810
:10F1C0003130012284F8322098F8063084F8333048
:10F1D00098F8033084F8303098F8073084F83430E9
:10F1E00004F13C0323616FF0030363604FF4877104
:10F1F0008DF808208DF812200C4A0391A363042196
:10F200006846CDE90079CDE90523ADF8101003F08B
:10F2100005FF20B15046AAE7B7F5E577B0E72046ED
:10F220000CF012FBA2E700BFE03500202DEF00003C
:10F230002DE9F04389B00546DDF8408040460E4692
:10F2400017469946FFF75EFE20B10025284609B013
:10F25000BDE8F083174802210CF074FA0446002838
:10F26000F3D0154B036301224FF487730272C0F889
:10F270000480039340F20113B5F59B75ADF810308F
:10F2800007F59B770D4B876380F8509046F1FF366A
:10F290006846CDE90056CDE905388DF808208DF88F
:10F2A000122003F0BBFE05460028CFD120460CF00B
:10F2B000CBFACBE738360020CBB7010051F0000085
:10F2C00010B5094C002160680DF0F5FE50B14FF00B
:10F2D000FF3301220221204663600CF019FA10B9B5
:10F2E0000BF018FC002010BDE035002008B5084BDD
:10F2F0001A78042A08BF1A4693F8583018BF00221B
:10F30000042B00D012B110B1FFF73CFE012008BD64
:10F310003836002038B5124B1A78042A93F8582052
:10F320000CBF1C460024042A054616D0A4B10DF0DB
:10F3300009FFC4E910012B681B7884F848302B7949
:10F3400043B12B685B7803F00702052A14BFC3F3AF
:10F350004013002384F8493038BD03F15804E6E730
:10F36000383600202DE9F84F04460E462779062F3F
:10F3700000F23381DFE817F0070083008F009B0065
:10F38000D000DF003801002E00F0D0806379022B1E
:10F3900040F2CC802268537803F00701052967D03A
:10F3A000907800F00105C5F1040110F0200FC9B2FA
:10F3B00000F00C0C07D1BCF1000F13D0C5F106050D
:10F3C000A171E9B20EE0BCF10C0FC3F3801323D19D
:10F3D00000F0C00EBEF1C00F40F0088183F00103C1
:10F3E000002BEBD19378834813F00C0F18BFE17119
:10F3F000937803F00C03C35CFF2B00F097806374D9
:10F400000B44DBB2E374917850788D06C0F3801022
:10F410000AD43F2917D81FE03F28CCD8BCF1000FF1
:10F4200018BF83F00103DBE701F00C050C2D05D1BB
:10F4300001F0C005C02DECD163720DE03F290BD95E
:10F4400080F001010DB180F0010111B1237202338E
:10F45000DBB291783F29EFD8927802F0C002802A7F
:10F4600009D0C02A09D0002A60D1A2741A4422759A
:10F47000012323717AE70222F7E70822F5E7E27C0D
:10F4800063799A4205D923685B7803F00703052B5B
:10F490004CD10223EDE7227D63799A4205D9236896
:10F4A0005B7803F00703052B40D10323E1E7032E2C
:10F4B0003CD92268517801F00703052B06D00D07CF
:10F4C000237DC1F3C00003D46375E0750423D0E746
:10F4D000617999422AD9A372D15C5D1C8906EDB28B
:10F4E0005CBFE5725D1DD35C58BFEDB213F0180F21
:10F4F000C3F3C1000AD00CF0D3FA257310B16573C1
:10F500000544EDB2A5730135A075EDB220460CF0AF
:10F51000ABFA6575E075D9E7627D63799A4261D986
:10F5200023685B7803F00703052BA2D0BE428CBF93
:10F530000020012054E0052EF8D9D4F800B06379FA
:10F540009BF800A00AF101029A42EFD11AF0800F55
:10F55000ECD19BF8013003F00703052B2FD09BF86B
:10F56000023094F815909B0722D584F80F909BF8F1
:10F5700000A00AF1FF35EDB2FF2D204614BF5D4417
:10F5800000250CF071FA0BEB09082D1A29464046AC
:10F590000CF058FA60B998F8003003F07F0302339A
:10F5A00098444545C2D30CD1A5EB0B055FFA85F90C
:10F5B0000AF1FF33DBB24B4501D084F810900623EB
:10F5C00057E740460CF03EFA0028DFD008F1020869
:10F5D000A8EB0B085FFA88F9EAE70BF09BFA00202A
:10F5E000BDE8F88F052344E70120F9E73F287FF6BF
:10F5F00015AFE3E62EFD01002DE9F0414B798CB00B
:10F6000004460D4683B38F79194B01930FCC4FF00D
:10F61000000802AECDF82280CDF82680ADF82A8011
:10F620000FC62B88ADF8203094E80300AB788DF836
:10F630002530EB798DF828304FF0FF3386E8030052
:10F640000B932979EB788DF8247043EA01210DF1B1
:10F65000220238460CF01AF801AA414640460BF047
:10F66000B9FE0CB0BDE8F081FDF740FF0746CBE7DF
:10F6700040040020044B002083F8210083F845005B
:10F6800083F86900704700BFD44900202DE9F0419C
:10F690008846064608B90BF03DFAB8F1000F01D1D3
:10F6A0000BF038FA154F00243D46414638460CF021
:10F6B0002FFA78B124235C432B1993F820308BB9AF
:10F6C0001C342C4454E8002F531C0DD1BFF32F8F52
:10F6D000062005E00134032C07F12407E5D10220C0
:10F6E000BDE8F081064CEDE7013244E80020002837
:10F6F000E8D12368013B3360F2E700BFD449002022
:10F70000D0490020034B00221A70BFF35F8F0248DC
:10F7100003F016BEB58D0020E836002013B5144C5A
:10F72000237843B1134B01A81B6801930BF073FEC0
:10F7300018B10023237002B010BD0F4A136803F5FF
:10F74000FA7313600D4A934201D90BF0E3F90C48A8
:10F75000D0E9043213F5FA7342F10002C0E9043231
:10F7600003F0B6FD0028E6D00BF0D4F9E3E700BFC4
:10F77000B58D0020404A0020444A002040420F003E
:10F78000E8360020064B0748D2221A60064A0023BA
:10F790001360064A1370064A13600DF0DABC00BF0E
:10F7A00044040020E8360020444A0020B58D0020A3
:10F7B000404A002038B5114C114D20600DF0C2FCBC
:10F7C00023681A780F4B1B6803EB42130E4A03F5AC
:10F7D000C07313601B180D4A41F10001C2E90431E6
:10F7E0000B4B15620124104614771C7003F070FD5A
:10F7F00018B1BDE838400BF08DB938BD404A002043
:10F800001DF7000044040020444A0020E836002090
:10F81000B58D002008B5054B1B7823B1042902D013
:10F8200010B1FFF76FFF012008BD00BFB58D0020AC
:10F8300008B5074B02681B689A4204D0054B1B7839
:10F840000BB10BF067F9BDE80840FFF75BBF00BFE5
:10F85000404A0020B58D002008B5044B1B780BB939
:10F860000BF058F9BDE80840FFF74CBFB58D0020FC
:10F8700008B5064B1B68834204D0054B1B780BB1BF
:10F880000BF048F9BDE80840FFF73CBF404A0020B4
:10F89000B58D002010B50C4B04461878012806D011
:10F8A000022808D060B92378DB0704D510BD23787F
:10F8B00013F00100FAD0607CB0FA80F04009F5E75F
:10F8C0000BF028F9F7E700BFB68D002007B50C4B09
:10F8D00000930C481023122202210BF06DFA0A4B00
:10F8E00000930A481023122208210BF065FA084BF6
:10F8F00001221A70074B00221A7003B05DF804FB56
:10F90000588F0020644A0020B88D0020484A00200B
:10F91000B78D0020B68D0020014B1870704700BFD6
:10F92000B78D002010B4054B0C4601460448002C4E
:10F9300008BF184610BC0BF07FBA00BF644A002015
:10F94000484A00202DE9F047444D9A46444B8CB07C
:10F95000002918BF1D4606460146144628466A4639
:10F960009DF850900BF068FA6F46804678B91222E5
:10F97000014668460DF0D9FC3A4B1B785A1E53429B
:10F9800053419DF8002063F300028DF80020002C05
:10F9900050D0012C3AD19AF801309AF800209DF805
:10F9A00011105B0043EAD213481CDBB238440DF15E
:10F9B000010C9CF800409CF801E0E20942EA4E028A
:10F9C00014F07F04D2B204D1A2F17E0EBEF1010F79
:10F9D00023D9844521D2934204F1020401D0A444E6
:10F9E000E7E7A14514D14A46514660460DF076FC42
:10F9F0003846FFF74FFF044640B3B8F1000F08D078
:10FA000005AA314628460BF092FA10B90BF082F89D
:10FA1000002420460CB0BDE8F08749441029F7DCEB
:10FA20004A4651460DF05AFC9DF8113099448DF824
:10FA30001190DDE70B4B9DF800201B78013B18BFB0
:10FA4000012363F300028DF80020D1E705AB3A46AD
:10FA5000314628460BF00FFA0446DAE7644A0020E4
:10FA6000484A0020B68D002070B51D4B1D4C8CB04F
:10FA7000002918BF1C460546164601466A46204620
:10FA80000BF0DAF910B900200CB070BD96B1012E60
:10FA90001CD100238DF811306846FFF7FBFEC0B182
:10FAA00005AA294620460BF042FA0028ECD10BF0BB
:10FAB00031F8E8E70C4B1B785A1E534253419DF82E
:10FAC000002063F300028DF80020E5E70BF022F838
:10FAD000E2E705AB6A46294620460BF0CCF9E4E79D
:10FAE000484A0020644A0020B68D002070B5204BA3
:10FAF000204D0022904218BF1D4690B028460C466B
:10FB000001A90BF02BFA1C4D002601A80BF03DFAC1
:10FB100020B901A80BF08DFA10B070BD04A901A89E
:10FB20000BF041FA7CB1012C18D18DF8216004A8AA
:10FB3000FFF7B0FEA8B109A901A80BF05CFA01A873
:10FB40000BF06AFAE1E72B785A1E534253419DF8B5
:10FB5000102063F300028DF81020E8E70AF0DAFFC6
:10FB6000E5E709AA04A901A80BF037FAE7E700BF07
:10FB7000484A0020644A0020B68D0020022802D89E
:10FB8000024B187070470AF0C5BF00BFB68D002049
:10FB900010B51B4A1278012A034610D0022A2AD037
:10FBA00032BB184A107830B35A7AFF2A06D01B6845
:10FBB000D34203D061B1087800F0010010BD1148B4
:10FBC0000078D0B11A68547804F00704032C01D0EF
:10FBD0000020F3E71B7CFF2BFAD0D35C042BF7D17A
:10FBE000937803F0C003802BE8D10029E3D1E5E747
:10FBF0000AF090FFECE70120E0E71046DEE700BFE7
:10FC0000B68D0020B78D002008B58022002108485D
:10FC10000DF08BFB0022074B054811460BF049FF06
:10FC2000054A00231360054A1370054A137008BD86
:10FC300099900020844A0020804A0020989000205B
:10FC4000199100202DE9F04FDFF8FC9199F8003070
:10FC500087B004468846032B00F2DA81DFE813F010
:10FC6000040009000700DB01022389F8003027792E
:10FC70001FB9002007B0BDE8F08F744D2B79002B21
:10FC800048D1734E737843F0020272702268527842
:10FC9000110744BF43F00A03737023685B785A0668
:10FCA00042BF737843F04003737023689B78DB078F
:10FCB00042BFB37843F00103B37023689A78B378F6
:10FCC00002F0C002C02A20D143F00C03B370B37815
:10FCD000052F43F02003B37008D941462046FFF7B3
:10FCE00057FF18B1737843F0100373703178574899
:10FCF0008B1C03310122C9B233700BF0F6FE08B938
:10FD00000AF008FF022F0AD8B3E7802ADFD143F0B8
:10FD10000803DBE7022FACD9022B00F29F80226898
:10FD2000DFF82CA193789AF8001094F809C013F02A
:10FD3000010F05BFD2788AF80320002201220A446D
:10FD40008AF80020AA79A37C0093FF2A1CBF2E68A2
:10FD5000B618EA7908BF0026FF2A1CBF296801EB04
:10FD6000020B217A08BF4FF0000BFF291CBF22684D
:10FD70005218A17908BF0022FF2916BF2068002071
:10FD80004018BCF1FF0F16BF2168002161444EB13D
:10FD9000002A52D118B90191FDF7C2FB01990288DE
:10FDA00032800226BBF1000F23D011B32268907875
:10FDB0002A68927800F0C00002F00C02A0F1C00C9A
:10FDC000DCF10000A2F10C0E40EB0C00DEF10002B1
:10FDD00042EB0E02904203D001910AF09BFE019982
:10FDE000009A58460DF07AFADDF800B0B3445FFA95
:10FDF0008BF69AF800201748B118C9B2164A8AF84B
:10FE00000010B8F1000F1AD098F81160BEB116704A
:10FE10009AF8022008F1010342F0020203608AF816
:10FE20000220013109480322C9B20BF05EFE08B975
:10FE30000AF070FE042F16D81BE71046AFE7002328
:10FE400003601370EDE700BF19910020844A002081
:10FE500099900020804A002098900020042F7FF67F
:10FE600008AF042B6ED8297DFF291CBF2B6803EB3C
:10FE7000010AA37A08BF4FF0000AFF2B00F0BF80F1
:10FE80002268D618BAF1000F00F0B980002E00F0F9
:10FE9000B880D35C61488AF8003001310422C9B2CD
:10FEA0000BF023FE08B90AF035FEA37AFF2B03D02E
:10FEB0002168CA5C520752D194F815B0ABEB030B22
:10FEC0005FFA8BFB0BF1FF32D2B2711C0AF1010019
:10FED0000DF004FAEB7D9B445FFA8BF1504E4F48D6
:10FEE00033781944C9B2317001310522C9B20BF01F
:10FEF000FCFD08B90AF00EFE4A4BDFF82CA1D3F83E
:10FF000000B06B7D2D681D44BBF1000F0AD09AF83C
:10FF100000201DB900920AF0FDFD009A59462846BE
:10FF20000DF0DCF931789AF800303C481944C9B238
:10FF30008B1C03310622C9B233700BF0D6FD08B911
:10FF40000AF0E8FD062F7FF494AE41462046FFF705
:10FF50001FFE334A002856D13148032343E0237B58
:10FF6000FF2B18BFC9182B7B08BF0021FF2B1CBF1C
:10FF70002868C018AB7A08BF0020FF2B36D02A684B
:10FF8000D65CC6F3C106731E022B2FD8B600033E03
:10FF9000F6B218B111B132460DF0A0F9EA7A06F1C5
:10FFA000010BFF2A5FFA8BFB94D0D5F800A01AEB67
:10FFB000020F8FD0AB7A0092FF2B16BF1AF80330D6
:10FFC0000023C3F3C1038DF810302B7BFF2B14BF2C
:10FFD0005344002304A903A80593FFF757FB009A95
:10FFE00030B10020012389F8003043E60026D0E735
:10FFF000039B4AF8023005365FFA86FB6AE7002168
:020000021000EC
:100000006CE731466AE7537843F010035370A3E777
:100010000AF080FD2DE602482CE600BF844A00204D
:1000200099900020804A00209890002082B0002300
:10003000ADF80430044B41F205221A60BDF80420EB
:100040009A8002B0704700BF1A91002010B5027963
:10005000052A0FD903689A78D2070BD4064CDB78AF
:10006000E370FFF795FD18B112230348637010BDCC
:100070000223FAE70020FAE71A910020BFF34F8F1E
:100080000549064BCA6802F4E0621343CB60BFF334
:100090004F8F00BFFDE700BF00ED00E00400FA0550
:1000A000024AD2F80034002BFBD0704700E0014038
:1000B00010B54FF08053D3F83021082A4ED14FF0BD
:1000C00080420021C2F80C11C2F81011C2F8381594
:1000D00002F54042D3F80414C2F82015D3F80814EE
:1000E000C2F82415D3F80C14C2F82815D3F810144C
:1000F000C2F82C15D3F81414C2F83015D3F818141C
:10010000C2F83415D3F81C14C2F84015D3F82014E3
:10011000C2F84415D3F82414C2F84815D3F82814AB
:10012000C2F84C15D3F82C14C2F85015D3F830147B
:10013000C2F85415D3F83414C2F86015D3F8381443
:10014000C2F86415D3F83C14C2F86815D3F840140B
:10015000C2F86C15D3F84434C2F870350BF028FDA2
:1001600018B13C4B3C4AC3F88C260BF021FD18B16A
:100170003A4BFB22C3F818250BF01AFD58B14FF08B
:1001800080424FF08051D2F8E43ED1F8581261F32A
:100190000303C2F8E43E0BF00BFD20B1304B4FF4EB
:1001A0000072C3F840264FF08053D3F83031082B4B
:1001B00017D14FF08043D3F80024D20744BF6FF02B
:1001C0000102C3F800244FF08053D3F83431042BDC
:1001D00081BF4FF01023D3F808224FF08043C3F8BB
:1001E00058254FF01021D1F80C32DB0714D51D48EB
:1001F0000123C0F80435FFF753FFD1F80C3223F088
:100200000103C1F80C32FFF74BFF0023C0F804359F
:10021000FFF746FFFFF732FFD1F80032002B03DB78
:10022000D1F80432002B14DA0E4901234FF01020CC
:10023000C1F804351224FFF733FFC0F80042FFF77E
:100240002FFFC0F80442FFF72BFF0023C1F804354D
:10025000DEE710BD005000404881030000F0004080
:100260000090024000E00140014B1860704700BF61
:100270009C4A002010B5054B186814460BF0AAFCE8
:100280000028A4BF2070002010BD00BF9C4A0020A1
:1002900010F4807210B505D00A4BA231002243F849
:1002A000312010BD8B0003F1804303F5F833D3F800
:1002B0001049A04217BF044BC3F81029C9005A5077
:1002C000EFE700BF00F0014014F50140024A0123AE
:1002D0008340C2F80435704700F00140036803F022
:1002E0001F025B09026004D0012B034818BF0020E5
:1002F00070474FF0A040704700030050034A430985
:1003000000F01F00D35C1844C0B270473BFD0100F1
:10031000024611F0010030B515D18B07C1F3400042
:1003200022D51249D1F8200550604FF08052C1F813
:100330002005D2F83021082A08BFD1F8202500383E
:1003400018BF012010E04FF0A0444FF08055D4F8C2
:1003500020351360C4F82035D5F83051082D08BF7A
:10036000D4F82045002BD8D030BD00BF000300508A
:10037000F7B504460846FFF7C1FF04EB40060D46FB
:10038000B38ADB072AD520460BF081FD294620469B
:100390000BF0EDFC50B120460BF0FFFC276807EB9B
:1003A00080000023C0F81035C0F8103529462046DB
:1003B0000BF01CFD0021B18201A80195FFF78EFF13
:1003C000019B00EB8300074BD0F80027134043F05C
:1003D0000203C0F80037084603B0F0BD6FF0150007
:1003E000FAE700BFF0F8FCFF01480BF011BC00BFBA
:1003F0004C04002010B504480C460BF0EBFB002821
:10040000A4BF2070002010BD4C0400202DE9F04F47
:10041000074689B057F8049BD9F80413C9B283463C
:10042000082241F0004148460BF009FD051E2FDA75
:100430000023032106A8CDE90633FFF769FF634BCC
:1004400001930DF118084FF0000A019A604912F863
:10045000013B0192DA0803F007038A5C22FA03F3F6
:10046000DB071CD40AF10103022B08F104084FF04A
:10047000010AEAD14FF00041002248460BF0DFFCB0
:10048000032106A8FFF744FF0028D8D125F0004536
:100490000124002D40F0848009B0BDE8F08F4D4B61
:1004A00053440293D8F80060002EDBD0029B96FAEA
:1004B000A6F61C78B6FA86F646EA44142046FFF7FC
:1004C0001DFF0BEB4000F208818A18F8020005942A
:1004D000C1F382030393009306F00706012303FA96
:1004E00006F620EA060008F8020005A8FFF7F6FE67
:1004F000059A039B02F5E07211F0100F50F822608C
:10050000C6F3014633D0009A384621460BF04FFC23
:1005100005A80594FFF7E2FE059B03F5E073F6B22C
:1005200050F82330C3F301439E4207D100212046F7
:100530000BF00EFC314620460BF00AFC05A8059492
:10054000FFF7CCFE059B012202FA03F3C0F8203529
:100550004FF08053D3F83031082B01BFD0F820354D
:10056000D0F82035D0F82035D0F820359AE7022E83
:1005700014BF02210321204603930BF0E9FB039BE8
:10058000032B03D0022E07D1012BD7D1009A21468D
:1005900038460BF00CFCD1E7032ECFD1022BF4E749
:1005A00095FAA5F3B3FA83F304FA03F225EA0205F8
:1005B00003F5A2720BEB430359F82220B3F87C1029
:1005C000C2F3014238460BF0F2FB62E74BFD01003B
:1005D000ACE201004BFD010010B5174C23783BBB8A
:1005E0000278C2F3400392070FD54FF08053D3F83F
:1005F0003021082A08D1D3F83431022B02BF4FF042
:1006000080430122C3F8382601234FF08042C2F80C
:100610008035037803F00103C2F878350020F6F73F
:10062000F5FA08B9F6F7D0FA01232370002010BDBF
:100630006FF07700FBE700BF209100204FF0804370
:100640004FF46072C3F80823014B00221A60704710
:10065000A04A002008B5FFF7F1FF03680BB1014A7B
:10066000136008BDA04A002010B54FF08043D3F8B6
:100670000443620707D54FF484700BF0DFFD10B11F
:100680001E4B1B689847A30608D54FF48A700BF0E1
:10069000D5FD18B11A4B00201B689847600608D595
:1006A0004FF48C700BF0CAFD18B1154B01201B687C
:1006B0009847210608D54FF48E700BF0BFFD18B196
:1006C000104B00201B689847E20508D54FF4907046
:1006D0000BF0B4FD18B10B4B01201B689847A30524
:1006E0000AD54FF492700BF0A9FD28B1054BBDE877
:1006F00010401B680220184710BD00BFA84A002008
:10070000A44A0020A04A0020827B002A38D1036836
:1007100003F01F015B0922D0012B26D1194A02EBFD
:1007200081021949D2F800370B4043F4C16343F00A
:100730000403C2F80037436803F01F005B0911D0BF
:10074000012B17D10F4A02EB8002D2F800370B4081
:1007500043F4C16343F00403C2F8003770474FF01D
:10076000A042DCE74FF0A042EDE701F5E07152F85E
:100770002130FFDE00F5E070002353F82030F8E769
:10078000704700BF00030050F0F8FCFF10B503688D
:100790000F490022C260C3F80813D3F8001221F4F5
:1007A000BC51C3F800124FF08051D1F83041082CF1
:1007B00005D1D1F8341111B90921C3F80015C3F8D6
:1007C0000025012380F8263080F8282010BD00BFC6
:1007D00002029C012DE9F047002380F827304B6886
:1007E000046805460E46174633B1CB6803F06043F4
:1007F000B3F1005F40F040813378023B012B06D813
:10080000336903F06043B3F1005F40F035819C4BE6
:10081000C4F8083395F8283003F0FF023BB1EB68C9
:10082000C4F804336FF00F084046BDE8F08707F0C6
:100830001403B3FA83F35B0985F82830337885F81D
:100840002430737885F82530F3682B6173686B6109
:100850003369AB61B368EB61C7F3001385F82930E6
:100860002F627378C4F88835C4F86021D4F86031F9
:10087000C4F84821D4F84831C4F82421D4F82431EC
:10088000C4F80421D4F8043117F0010318BF012380
:10089000C4F8503517F0020318BF0123C4F84035DF
:1008A0003378032B00F28180DFE803F05E764A02A2
:1008B0004FF48073C4F80032D5E90423C4F844250A
:1008C000C4F848350123A3604FF4801120460BF093
:1008D00018FD0028F8D1D5E90623C4F84425C4F84A
:1008E00048354FF48023EB604FF0000817F00809FB
:1008F00010D13378032B0DD0012B6A686BD12360A4
:10090000002A55D073682BB96B68002B00F09280D9
:10091000012363616B68002B00F08C80780744BF73
:100920000023EB6079065EBFEB6843F00203EB60E7
:10093000EB6843F40073EB60EB68C4F8043373E7CF
:10094000D5E90423C4F84425C4F84835D5E906237D
:10095000C4F83425C4F838354FF48453C4F8003251
:10096000012323620223BEE7D5E90423B806C4F8B5
:100970004425C4F848354BBF4FF480734FF40073DF
:10098000C4F80032C4F800324CBF4FF48023022375
:10099000EB6001232362A7E7D5E90423C4F83425DB
:1009A000C4F838354FF48053D8E76FF015089DE749
:1009B0006A6902B96361DFF8CC904FF0010A3249ED
:1009C00020460BF09EFC810501D5C4F814A010EA66
:1009D000090FF4D096E70123A360002A92D16A6937
:1009E00032B3DFF8A0A019EA0A0F8BD126492046BE
:1009F0000BF087FC10F4007F8146F4D04FF080713B
:100A000020460BF07EFCD4F8003208B19A0505D4DC
:100A100001222262626140B14FF00009DB05E2D59C
:100A20004FF4802120460BF06CFC4FF00009DAE710
:100A30006361D6E7D4F8C434C4F8C434002285F81E
:100A400028206BB19A075ABF03F00108A8F18C085F
:100A50006FF00D0813F0040F18BF6FF00A08E3E6FB
:100A60007B063FF5E1AE291D20460BF008FC00286F
:100A700008BF6FF08B08D7E66FF00C08D4E600BF14
:100A800002029C01020004000202040070B5056825
:100A900086B00221044628460BF033FC4FF4007167
:100AA000064628460BF02DFCD0B1D6B9E368C5F850
:100AB00008330223E360E368C5F804334FF0807124
:100AC00028460BF01EFC18B1D5F800329B0502D465
:100AD00001232B626B61012384F8273006B070BDBF
:100AE000AEB3236A5E060AD494F827303BB9211DC1
:100AF00028460BF0C4FB80F0010084F82700236A2D
:100B000013F004033BD1C5F86031D5F86021C5F876
:100B10005C31D5F85C3194F8293013B194F8273062
:100B200013B30023C5F80032E360314BC5F8083336
:100B300045F30733002B17DB5A09012103F01F038C
:100B4000994002F160032B4A42F823100CE04FF465
:100B5000802128460BF0D5FB94F82430002B2FD1B0
:100B600094F82930002BDDD0A38CADF80430236934
:100B7000049363690293A3690593E3690393D5F82A
:100B8000C434C5F8C43498072CD459072CD4DA07D8
:100B90002CD494F827309B00DBB28DF8003094F809
:100BA00029300BB984F82830236A5B0703D594F801
:100BB0002730002B92D0D4E90131684698478DE761
:100BC0004FF40073C5F8003240F20223E36003F1F2
:100BD000CE73C5F80833E368C5F804330123AB606E
:100BE0002B627BE70123D8E70223D6E70323D4E770
:100BF00002029C0100E100E0036803F01F025B09B0
:100C0000026004D0012B034818BF002070474FF04A
:100C1000A040704700030050F7B506460BF0E8FB14
:100C200008460BF0E5FB01A80196FFF7E5FF019BE5
:100C300000EB83000C46D0F800372D49019440F2B8
:100C40000D650B402B43C0F8003701A8FFF7D4FF18
:100C5000019B00EB83000127D0F800370B402B43AA
:100C6000C0F8003704200AF0B3FF092501A8019459
:100C7000FFF7C2FF019AD0F81035D340DB0715D437
:100C800001A80196FFF7B8FF019B07FA03F3C0F82C
:100C90000C3504200AF09CFF30460BF0A9FB013D07
:100CA00004200AF095FF15F0FF05DFD101A801949B
:100CB000FFF7A2FF019A01239340C0F80C350420EE
:100CC0000AF086FF20460BF093FB04200AF080FF19
:100CD00001A80194FFF790FF019AD0F81035D34096
:100CE00013F0010F0CBF6FF08B00002003B0F0BDBC
:100CF000F0F8FCFF024B03600248C01A400970473D
:100D0000B0D5010030D7010038B5EFF3118540238D
:100D100083F31288BFF36F8F064B9C680BF0ADFB1B
:100D200085F31188BFF36F8F2046BDE83840F6F792
:100D300021B800BFAC4A002038B50A4B53F8204018
:100D4000013053F82050A54200D838BD606830B15A
:100D5000037EDB0701D40BF05CFB0834F3E7236868
:100D60009847FAE7B0E2010070B52A4B2A4C2B4DA8
:100D700086B0012203201A70FFF7DEFF0CF0CFF8D7
:100D80000420FFF7D9FF2646AE4204F130040FD30A
:100D900001F0CEF8204CAC4226D301F0DDF8F2F79A
:100DA000A9FD1F4A938923F00103938106B070BD0A
:100DB00054F80C3C059354F8103C049354F8143C3C
:100DC000039354F8183C029354F81C3C019354F8D4
:100DD000203C009354E90A2354E90C0100F0FCFD87
:100DE00054F8303C5E65CEE7D4E90A23B3F1FF3F07
:100DF00008BFB2F1FF3F05D052EA0301206803D1DA
:100E00000BF098FE3034C6E70649183001F018FBA5
:100E1000F8E700BF2191002030D7010030D7010052
:100E2000D037002053CA010070B5174E174D18492E
:100E300086B0C02303FB0066164B059301220F23E7
:100E4000CDE903320023CDE90133142303FB005520
:100E500004464FF4C07000FB04110F4B00954FF493
:100E6000A072304600F0B8FD337C0C4AEE6023F0EF
:100E7000040333744FF4046304FB033313442C74EE
:100E80006B6006B070BD00BF10370020AC4A002078
:100E900080AC00205EFC01001BC6010040A40020C5
:100EA0007FB50020FFF748FF284B83F30888284CC4
:100EB000636943F400736361E02384F82230002502
:100EC0002023E37725766576A57684F82050636A3B
:100ED00043F4E023636284F82350F5F7D3FDF5F77C
:100EE00033FF4FF0FF33A362E362F6F753F8F5F7F1
:100EF000ADFF1848184C00F017FE0120FFF71CFF4B
:100F00000220FFF719FF01F051F8144B14495C61FE
:100F1000144B059301234FF40062CDE90353CDE94F
:100F20000155114B0095204600F056FD237C0646E6
:100F300023F00403204623740BF03DFD2846FFF701
:100F400073FF094A31462046F5F7DEFE80AC0020EB
:100F500000ED00E090380020D0370020AC4A00209F
:100F600000AE002063FC0100690D010038B5064C9D
:100F7000064DAC4201D3002038BDD4E90112204611
:100F80000BF0C0FA1434F4E7400700206807002093
:100F90001FB5054C0294CDE900230A4600210BF051
:100FA0006FFA04B010BD00BFFB5F010030B585B023
:100FB000DDE90845034B0293CDE900450BF060FAEB
:100FC00005B030BD0160010038B5074C074DAC429B
:100FD00001D3002038BD20460BF0B8FA08B91C3404
:100FE000F5E76FF01500F5E7EC060020400700205C
:100FF00073B50C46EFF31181402585F31288BFF3DA
:101000006F8FC5685DB125602B68C360836901334C
:101010008361002081F31188BFF36F8F11E052EAE2
:10102000030603D125606FF00B00F3E7CDE9002341
:101030000246083000F0DAFE18B9034B9B685B6982
:10104000236002B070BD00BFAC4A0020F7B50E4669
:1010500004469DF82010EFF31187402080F312889A
:10106000BFF36F8F256AE068854245D22568AC42A0
:1010700019D0C5B128460BF0DBFA05F118000BF0CA
:10108000E7FDA268686931460CF028F90023C5F82D
:10109000B83028460BF08FFC04F1080039460BF0FD
:1010A00006FD002036E0A268D9B1E06931460CF0B7
:1010B00015F9E369A26813446269E361934201D1BF
:1010C0002369E361236A01332362102104F12400C0
:1010D0000BF08EFE0028DFD187F31188BFF36F8FEE
:1010E00018E0A0692369984208BF6069801AA0616E
:1010F00031460CF0F3F8E5E752EA03010CD0084959
:10110000896804F108004E61CDE900233946224682
:1011100000F06CFE03B0F0BD6FF02200DCE700BF12
:10112000AC4A0020F7B504460846EFF3118640218B
:1011300081F31288BFF36F8F216A00293BD0A26828
:10114000A1690CF0CBF8A369A26825681344626911
:10115000A361934204BF2369A361236AAC4203F1F4
:10116000FF33236236D02846002D34D00BF060FACE
:1011700005F118000BF06CFD6969A268E0690CF0DC
:10118000ADF8E369A26813446269E361934204BF66
:101190002369E361236A0027013323622846C5F8E7
:1011A000B8700BF008FC04F1080031460BF07FFC2E
:1011B000384603B0F0BD52EA030111D00A498968EC
:1011C0004861CDE900233146224604F1080000F0D1
:1011D0000DFEEEE7002086F31188BFF36F8FE8E77E
:1011E0006FF02200F7E700BFAC4A00202DE9F34181
:1011F000044617461E46EFF31188402383F31288F6
:10120000BFF36F8F304BC2689B6872B180689842A1
:1012100017D057EA060216D188F31188BFF36F8FF3
:101220006FF00F0002B0BDE8F08193F90E1021615C
:101230000132C4E9023288F31188BFF36F8F0020B6
:10124000F0E72169F3E793F90E1090F90E30994217
:1012500030DA9942A8BF19460BF0FEF90546CDE9F0
:1012600000761A482246414600F0C0FD0028E6D02C
:10127000EFF31186402383F31288BFF36F8FA068CA
:10128000D0B1236821699C420AD04BB193F90E304A
:101290009942A8BF19466FF07F039942B8BF19461B
:1012A0000BF0DAF940B1094831460BF000FC6FF061
:1012B0000A00B7E70025D2E7002DF4D186F31188A4
:1012C000BFF36F8FF3E700BFAC4A002022910020EC
:1012D000F8B583680546002B40D0234A92689342B4
:1012E0003FD1C368012B03D9013BC3600020F8BD87
:1012F000EFF31187402383F31288BFF36F8F0169E7
:1013000080680BF0A9F92C68A54207D10023C5E934
:10131000023387F31188BFF36F8FE7E7002CF5D016
:10132000D4E9003213605A60237C002623F00203C4
:101330002374C4E90066A66004F118000BF088FC71
:10134000AC6094F90E302B612046C4F8B8600BF005
:1013500032FB064839460BF0AAFBC7E76FF01500D1
:10136000C5E74FF0FF30C2E7AC4A002022910020D1
:1013700037B51146EFF31185402282F31288BFF38F
:101380006F8F04689CB12368426823F00303944282
:10139000036008BF4360012120460BF0EAF90446D0
:1013A00085F31188BFF36F8F204603B030BD51EA3B
:1013B0000302F5D000F10802CDE9001310462946DA
:1013C00000F014FD0028EFD1014B9B685C69EBE74E
:1013D000AC4A002070B5EFF31186402383F31288E6
:1013E000BFF36F8F0468A0421BD0D4B1D4E90032A0
:1013F00013605A60237C002523F00203C4E90055E2
:101400002374A56004F118000BF022FCC4F8B85056
:1014100020460BF0D0FA31460A48BDE870400BF088
:1014200046BBD0E902329A4218BF013383600221E1
:1014300010300BF0DDFC0028EDD186F31188BFF3EE
:101440006F8F70BD2291002013B5EFF311814024FE
:1014500084F31288BFF36F8F846844B1013C8460C9
:1014600081F31188BFF36F8F002002B010BD52EAE4
:10147000030406D181F31188BFF36F8F6FF00F0063
:10148000F3E7CDE900230246014800F0AFFCECE7AA
:1014900022910020F8B50546EFF31186402383F32F
:1014A0001288BFF36F8F00272C68A54219D0C4B1F2
:1014B000D4E9003213605A60227C002322F0020239
:1014C000C4E900332274A36004F118000BF0C0FBE0
:1014D0006FF00A03C4F8B83020460BF06CFA01270D
:1014E000E2E70023AB60022105F110000BF080FC65
:1014F00028B927B986F31188BFF36F8FF8BD31463D
:101500000248BDE8F8400BF0D2BA00BF229100209B
:101510002DE9FF41544E04464027EFF3118887F32D
:101520001288BFF36F8FD4F8C450F5B9022104F1CB
:10153000DC000BF05FF9002870D004F1D405002224
:10154000012128460BF016FB0028F8D10023029356
:101550004FF0FF324FF0FF33CDE90023414604F155
:10156000CC02424800F050FED7E7D4F8C8202B68E0
:10157000C4F8C430954208BFC4F8C830D4F8DC3091
:1015800043F00203C4F8DC30EB6823F0040343F0BB
:101590000103EB606B6888F31188BFF36F8F2846F7
:1015A0009847EFF3118887F31288BFF36F8FEB68CA
:1015B000D80623F001023ED4EA60EB689A0717D5FB
:1015C000306823F00203EB6090B10368002178B12A
:1015D000426895423DD10368002934D17268336076
:1015E000904200D17360002340F8083BFFF7F2FE01
:1015F000D4F8DC3023F00203C4F8DC30DB0530D44F
:10160000D4F8C430003B18BF012388F31188BFF31E
:101610006F8F002B81D000F0D1FC7EE7D4F8DC3056
:10162000D90693D5C4F8DC0088F31188BFF36F8F17
:1016300004B0BDE8F08123F01103EB6005F1100068
:10164000FFF7C8FEB9E70B607368984208BF716086
:10165000C9E701461BB11A6818461346B7E71A4690
:10166000FAE70023D1E700BFD04A002022910020F2
:10167000F8B5C3689A0704460E46C3F3400542D442
:101680005F0742D40B680BB983680B60E368D80727
:1016900044BFA368336037684CBF0225012557B3A8
:1016A0001B4B9A68D7F8C0309A421ED10BF02FF925
:1016B00080F00100C0B2D7F8DC30D907C3F3800254
:1016C0001CD5F2B1F8B100232360D7F8C83073B944
:1016D000C7E9314438460BF0A7F8E36843F0040348
:1016E000E3603368A3602846F8BD0020E3E71C6090
:1016F000C7F8C840EEE76FF0150506E06FF0120579
:1017000003E01B07DFD56FF00F0500233360EAE726
:10171000AC4A0020014601480BF0D0B870390020D7
:10172000F0B589B004460020C4E931000E9D04F1F3
:10173000CC00C4E9330004F1D400C4E9350055B34A
:101740002879002840F2011008BF0120C4F8DC000D
:1017500000204FF0FF364FF0FF37CDE90330CDE9E1
:101760000100CDE906670D4B0094204600F0B0F96A
:1017700055B1296811B1204600F0E0F86B791BB132
:10178000A38943F00103A38120460BF0D3F9C4F8E9
:10179000C04009B0F0BD0120D8E700BF111501001D
:1017A00037B501900846EFF31184402181F3128888
:1017B000BFF36F8FC16811F01E0F16D153EA0205F7
:1017C00008D101A9FFF754FF84F31188BFF36F8F8D
:1017D00003B030BD41F00801C16001998162044944
:1017E000103000F02DFE0120EEE70020ECE700BFF6
:1017F00037C8010001460148FFF7D2BF7039002009
:10180000F7B50C46019016461D46EFF311874023AD
:1018100083F31288BFF36F8F08460AF0F6FF55EA8C
:10182000060309D101A92046FFF722FF87F311889B
:10183000BFF36F8F03B0F0BDE368074943F00803BF
:10184000E360019BA36232462B4604F1100000F0D6
:10185000F7FD0120EAE700BF37C801000146014853
:10186000FFF7CEBF703900202DE9F0410546EFF3B8
:101870001187402383F31288BFF36F8F0468A0425F
:101880001CD0DCB120460BF035F804F118000BF049
:10189000DFF90026B046C4F8B88020460BF08BF87C
:1018A0002C68A54206F1010610D07CB120460BF051
:1018B00021F804F118000BF0CBF9ECE787F311885D
:1018C000BFF36F8F00263046BDE8F08102483946ED
:1018D0000BF0EDF8F7E700BF229100202DE9F3416E
:1018E0001C4652EA040307460D46164608D1084630
:1018F000FFF7EEFC6FF00A04204602B0BDE8F0816D
:10190000EFF31188402383F31288BFF36F8F0846EB
:10191000FFF7DEFCCDE9006407483A46414600F097
:1019200065FA04460028E7D14FF0FF324FF0FF334D
:101930002846FFF75BFCDFE72291002010B5044644
:1019400008B9054B9C681F2204F180000BF028FDAC
:10195000002084F89F0010BDAC4A00202DE9F0471C
:101960000C4681B37AB390F81090184F561E00259C
:101970006019B9F1000F04D104F805902046BDE8C4
:10198000F087B7F804A019EA0A0F1AD0FB88396863
:10199000A6EB0508984528BF984642460BF09EFCEA
:1019A00039EA0A0945440CD0A6EB0508B8F1010F45
:1019B00028BF4FF001086019054942460BF08EFC24
:1019C00045440837D4E7034CD8E700BFC8E201001C
:1019D00068FC010010E701002DE9F04FD51D85B02E
:1019E00025F0070504461F467F3500F15803C0E97E
:1019F000163325F03F05129BA38100200E46119B54
:101A0000DDF838B0DDF84C80A06004213F2DC4E93A
:101A100006002174A373E07306F1400AA5F14009A2
:101A200005D880F31188BFF36F8F084602DF4A465E
:101A30003544AA2150460BF078FC29462046F4F79D
:101A40000DFE0730109B20F00700C4E928A9C4F858
:101A5000A80002930F9B2D1ACDE900B32A463B46FE
:101A600031462046F5F71CF90F9B63674FF00009DC
:101A7000109BC4F85490C4E91B7BA367EFF3118259
:101A8000402181F31288BFF36F8F104E316AE167F6
:101A9000346282F31188BFF36F8FB8F1000F11D059
:101AA0001F22414604F180000BF07AFC84F89F90DD
:101AB000B3680BB1D3F8AC30C4F8AC30284605B0ED
:101AC000BDE8F08F84F88080F2E700BFAC4A0020C8
:101AD000F0B587B000250595109D04950F9D0395E1
:101AE0000E9D0295DDE912760D9D01950C9D0095E8
:101AF0000446FFF771FFB6F1FF3F08BFB7F1FF3FA4
:101B000005D056EA070305D120460BF013F820460E
:101B100007B0F0BD3A46334604F11800014900F021
:101B20008FFCF4E753CA010001230374838100236F
:101B3000C0E92833C0F8AC30014B9860704700BF53
:101B4000AC4A00200A4A93686FF00A01C3F8B81043
:101B50000849C3F8B4004B6843F080534B6000233E
:101B600083F31188BFF36F8F9368D3F8B800704781
:101B7000AC4A002000ED00E070B590F91020037C25
:101B8000002A2FDBD9062DD11A4C63F07F032246A1
:101B9000037452F8183FE169934207D1C0E900216C
:101BA0000860E0610FE09942F8D01B68002BF5D087
:101BB00093F90E6090F90E50AE42F4DD5968C0E919
:101BC000003108605860A569954200D005B9E56804
:101BD000A3681A7CD20606D1DA897F2A03D9AA69BA
:101BE0000AB9636170BDAB4202D0284600F04EFBDB
:101BF0006561F7E7AC4A002038B590F91020037C06
:101C0000002A014604DA03F07F0303740AF09BFE06
:101C10000D4D2A46AB6852F8184F944200D004B9D3
:101C2000EC688B4207D01A7CD20604D1DA897F2A6D
:101C300001D9A2692AB1A34202D0204600F026FBB6
:101C400023466B6138BD00BFAC4A0020B3F1FF3FB3
:101C500008BFB2F1FF3F03D00249183000F0F0BBDB
:101C6000704700BF53CA0100034648B9EFF305822D
:101C700032B9064A51699268914201D0FFF762BFBA
:101C800083F31188BFF36F8F704700BFAC4A002009
:101C900038B5184CA168E0690B68814214BF1A4638
:101CA000002249680B605960A368E1692AB9124AA9
:101CB000C3E900210B60E3610AE092F90E5093F949
:101CC0000E00854212DD5168C3E900210B605360AC
:101CD000A569094B9D4200D005B9E568A3689D42FE
:101CE00002D0284600F0D2FA656138BD8A42DED0C3
:101CF0001268DBE7AC4A0020C44A0020F8B5394C32
:101D0000A2688242054624D1EFF305830BBBEFF3B3
:101D10001186402383F31288BFF36F8F137C03F087
:101D20007F0343F0100313740AF00DFE234653F8AB
:101D3000185F9D4200D005B9E568A3689D4202D0B6
:101D4000284600F0A3FA65613046BDE8F840FFF789
:101D5000F9BEEFF31187402383F31288BFF36F8F2F
:101D60002B7CD90604D587F31188BFF36F8FF8BD9C
:101D7000D90943F010022BD12A74A6691A4B9E424E
:101D800000D006B9E668A368B34202D0304600F03E
:101D90007DFAA36866619D42E5D1EFF30583002BD0
:101DA000E1D1AA89D20711D587F31188BFF36F8FCC
:101DB00083F31188BFF36F8F0423184602DFEFF31C
:101DC0001187402383F31288BFF36F8F3846BCE737
:101DD00003F07F0343F010032B7428460AF0B3FD91
:101DE000CBE700BFAC4A0020C44A0020F8B50E4B38
:101DF0000C4611460D4A98681060DDE90667EFF35E
:101E00001182402282F31288BFF36F8F9D682846AB
:101E10000AF0ABFD284632463B46FFF717FF204647
:101E2000BDE8F840FFF78EBEAC4A0020D84A00203B
:101E3000F8B50446EFF31187402383F31288BFF30C
:101E40006F8F037C03F01F02002A0CBF01260026BF
:101E500049B235D103F07F0303740AF074FD294DB4
:101E6000037C817363F07F032A46037452F8183FA2
:101E7000E869934207D1C4E900200460EC610DE0F9
:101E80009842F8D01B68002BF5D093F90EC08C4512
:101E9000F6DD5968C4E900310C605C60AC699442BD
:101EA00000D004B9EC68AB689C4202D0204600F038
:101EB000EDF96C6187F31188BFF36F8F3046F8BD81
:101EC0009B071CD585680AF03EFD81732B689D42F7
:101ED00009D16B68C4E900531C606C60EAE76A686A
:101EE0009A42F6D01B68002BF3D093F90E208A4259
:101EF000F5DD5A68C4E9003214605C60DAE781738A
:101F0000D8E700BFAC4A0020034648B9EFF305828A
:101F100032B9064A51699268914201D0FFF712BE68
:101F200083F31188BFF36F8F704700BFAC4A002066
:101F3000EFF31181402383F31288BFF36F8F054BBA
:101F40009A68D37B013BD37381F31188BFF36F8F02
:101F5000704700BFAC4A002070B5EFF311864023F4
:101F600083F31288BFF36F8F0F4DAB68DA7B0132BA
:101F7000DA732A4652F8184F944200D004B9EC683C
:101F80001A7CD20604D1DA897F2A01D9A2692AB142
:101F90009C4202D0204600F079F923466B6130461E
:101FA000BDE87040FFF760BEAC4A0020024B03F171
:101FB0001802C3E906227047AC4A002070B5EFF35F
:101FC0001186402383F31288BFF36F8F1A4CA168E8
:101FD000E0690B68814214BF1A46002249680B6011
:101FE0005960A368E1692AB9144AC3E900210B606A
:101FF000E3610AE092F90E5093F90E00854216DD76
:102000005168C3E900210B605360A5690B4B9D42E9
:1020100000D005B9E568A3689D4202D0284600F0CB
:1020200035F965613046BDE87040FFF78BBD8A42E7
:10203000DAD01268D7E700BFAC4A0020C44A0020BB
:10204000F8B550EA010306460C4603D1FFF7B6FF88
:102050000020F8BDEFF31187402383F31288BFF30C
:102060006F8F124D124BA8681860FFF7C5FDA86866
:10207000104923463246183000F0E2F9AA68137C72
:1020800043F00403137404463846FFF75BFDAB6866
:10209000D3E90A23B3F1004F08BF002AD8D10AF0D0
:1020A0000CFE201A20EAE070D3E700BFAC4A002003
:1020B000D84A002053CA0100014B9868704700BFFE
:1020C000AC4A00202DE9F84304468789EFF31186D6
:1020D000402383F31288BFF36F8F037C190705D564
:1020E00086F31188BFF36F8FBDE8F883D90943F0F9
:1020F000080272D10274A36813B120460AF02BFCC7
:1021000004F118000AF0A4FDA56D04F15808A845D3
:1021100011D04FF0000975B128460AF01CFC05F1FA
:1021200018000AF095FDC5F8B8902846FFF724FD81
:10213000A56DA845EFD1DFF8C480D8F808309C42DF
:1021400053D1EFF30589B9F1000918BF4FF0010928
:10215000D8F818502A4A954200D00DB9D8F80C503A
:10216000AB4202D0284600F091F82046C8F814503F
:1021700005F093FB204600F0D9F8B9F1000F02D02A
:102180002048FFF7D1FCD8F808309C4230D1EFF35B
:1021900005836BBBA289D20711D586F31188BFF3E3
:1021A0006F8F83F31188BFF36F8F0423184602DF0C
:1021B000EFF31186402383F31288BFF36F8F30460D
:1021C000FFF7C0FCFB078FD5002383F31188BFF313
:1021D0006F8F0423184602DF86E703F07F0343F086
:1021E000080303740AF0AFFB85E74FF00009AFE77F
:1021F00086F31188BFF36F8FE4E700BFAC4A00207D
:10220000C44A002090380020D3B5DDE90667089C59
:10221000CDE90067FFF7EAFD1CB1034B9B685B69E2
:10222000236002B0D0BD00BFAC4A0020027C12F097
:102230001F02034610D10A4988420DD00949086897
:1022400068B1D9897F2909D893F90E20064B1B68FC
:102250009A42B8BF00207047002070471046704770
:102260001037002050040020DC4A0020044BC01A24
:10227000044BC0105843044B01221A54704700BF4E
:1022800050390020ABAAAAAA2291002070B50C4BAD
:102290000C4D1E7CFFF7CAFF182303FB06550446AE
:1022A00028460AF0D5FC084B00229A553CB1621E24
:1022B00028460649BDE87040D31700F0C1B870BD8C
:1022C000AC4A002050390020229100206D220100EC
:1022D00038B5EFF31185402383F31288BFF36F8F76
:1022E0000F4B104A9C681068A04206D1FFF7CEFF42
:1022F00085F31188BFF36F8F38BD00211B7C1160FF
:10230000094AD35C002BF3D02046FFF78FFF00284B
:10231000EED0237CDB0601D1FFF7BAFC2046E5E7CF
:10232000AC4A0020D84A002022910020EFF311810E
:10233000402383F31288BFF36F8F0A4A136A8342E4
:1023400007D1DB6F136281F31188BFF36F8F704782
:102350001346002BF7D0DA6F8242F9D1C26FDA67E9
:10236000F1E700BFAC4A0020F8B505460E46EFF392
:102370001187402383F31288BFF36F8F064B1C6ACB
:1023800024B987F31188BFF36F8FF8BD204631461B
:10239000A847E46FF4E700BFAC4A0020F8B5064652
:1023A0000F46EFF31183402282F31288BFF36F8F41
:1023B0000B490C6A154624B983F31188BFF36F8F5C
:1023C000F8BD83F31188BFF36F8F39462046B047BD
:1023D000EFF3118385F31288BFF36F8FE46FEAE7A1
:1023E000AC4A0020024B1868984208BF0020704792
:1023F00054040020034B1B680BB9F8F77BBE002088
:10240000704700BFE04A002030B570B10B4B5B68ED
:1024100098420AD0036843B1D3E90421D0E90445C6
:10242000121941EB0501C3E90421D0E90032136020
:102430005A600023C0E9003330BD00BF54040020BF
:10244000B3F1FF3F08BFB2F1FF3F2DE9F84F04465B
:10245000994615461F467AD08160EFF311884023D4
:1024600083F31288BFF36F8FB9F1000FDFF8E4A098
:1024700020DBFFF7BFFFDAE90027013549F100094A
:102480002D1849EBE073C4E90453AD18064643EB3D
:1024900007074FF00109FFF7A5FFDFF8BCE0DEF802
:1024A00004A00346EBB9C4E900EACAF80040CEF83C
:1024B000044028E0DAE900126FF001035B1A4FF0E4
:1024C000FF3161EB02025B1B62EB0902012B72F12F
:1024D0000001BCBF01230022C0E904324FF0000913
:1024E000D9E7D3E9041CD4E904208A4270EB0C0B31
:1024F00024DA891A5A686CEB0000C3E90410C4E9B5
:10250000003214605C60FFF76DFF84420ED1134B04
:102510001B685BB9B9F1000F02D1FFF76BFF0646EC
:1025200030460AF07EFB0021F8F7B6FD88F31188EB
:10253000BFF36F8F28463946BDE8F88F521A60EB1B
:102540000C005345C4E90420ADD01B68AAE7002560
:102550002F46EFE76839002054040020E04A0020AD
:102560002DE9F047DFF8A890DFF8A880C9F800004F
:102570000246FFF737FF0D4600260027D8E9001373
:102580004FEAE27E50B1D0E9044CA2427EEB0C0A45
:102590001BDAA41A6CEB0E06C0E9044652184FF081
:1025A000000443EB0E032046C8E90023C9F80040AD
:1025B0000AF037FB2146F8F76FFD85F31188BFF36A
:1025C0006F8FBDE8F047FFF783BE611843EBE473FC
:1025D000C0E90467C8E90013FFF716FF01224FF0B6
:1025E0000043C0E9042385F31188BFF36F8F83682C
:1025F0009847EFF31185402383F31288BFF36F8F61
:10260000D9F80020121BC9F80020FFF7EBFEB5E750
:10261000E04A00206839002010B5EFF31184402310
:1026200083F31288BFF36F8FFFF7E4FE054A03467A
:10263000D2E90001181841EBE37184F31188BFF36C
:102640006F8F10BD68390020F8B50446EFF311878D
:10265000402383F31288BFF36F8FD0E90423B3F1D3
:10266000004F08BF012A04D087F31188BFF36F8F92
:10267000F8BDD0E90A566A1C46F10003022A73F13C
:10268000000334D3013D46F1FF36002EBCBF0025C8
:102690002E460AF016FB013041F10001401946EBCD
:1026A0000101012871F1000148DB0AF00AFB013049
:1026B00041F100016FF00203401946EB0101834232
:1026C0006FF000438B413EDB0AF0FBFA013041F131
:1026D00000016FF00102401946EB0103121A4FF09E
:1026E000FF3161EB03031A492046FFF7A9FE236B74
:1026F00001332363236A63B187F31188BFF36F8FBC
:1027000020469847EFF31187402383F31288BFF3E5
:102710006F8F54F8185FA542A6D0002DA4D028468C
:102720000AF072F90023C5F8B83087F31188BFF3B7
:102730006F8F2846BDE8F8400AF03DB96FF00102FE
:102740004FF0FF33CFE700224FF00043CBE700BF4D
:10275000492601002DE9F04105461C4690461F46DA
:10276000EFF31186402383F31288BFF36F8FB4F128
:10277000FF3F08BFB2F1FF3F05D186F31188BFF3D9
:102780006F8FBDE8F081002C09DB012A74F1000392
:10279000BCBF0122002412F1FF3844F1FF37284664
:1027A0000AF056FADDE906010023C5E90A012B63A8
:1027B00042463B4628460249FFF742FEDDE700BF9E
:1027C0004926010070B50546EFF31184402686F3D3
:1027D0001288BFF36F8F0AF03BFA20B184F311889F
:1027E000BFF36F8F70BD6B6A63B184F31188BFF361
:1027F0006F8F6B6A28469847EFF3118486F312882F
:10280000BFF36F8F05F118000AF033F90028E5D007
:102810000AF0D1F821460248BDE870400AF047B9F5
:102820002391002010B50346EFF31184402282F378
:102830001288BFF36F8FC1600121816000688342FD
:1028400005D184F31188BFF36F8F002010BDD0E94C
:10285000003213605A600023C0E900330AF085FAA1
:10286000024821460AF023F9EFE700BF2391002038
:1028700073B50446EFF31186402383F31288BFF348
:102880006F8F8368594003EA02050A405340009362
:1028900000226B46084901920AF08FF9DDE9003207
:1028A00023EA020304F10C00A36031460AF0FFF8AA
:1028B000284602B070BD00BFB5CE0100F8B507468E
:1028C0000C4616460AF023F808B10020F8BD0E4B5E
:1028D0009B68D3F8AC50002DF7D0221DF5D2EFF352
:1028E0001184402383F31288BFF36F8F47F00401F4
:1028F0002846B04784F31188BFF36F8F0028E4D0D7
:1029000040F8045BE2E700BFAC4A00200146024AFF
:102910000020FFF7D3BF00BFFB5F010007B5074BE7
:102920000093074907484FF0FF334FF48062FEF7EA
:10293000F7FE002003B05DF804FB00BF08E30100D0
:1029400040B6002070390020036803F01F025B09C5
:10295000026004D0012B034818BF002070474FF0DD
:10296000A04070470003005010B4094C236833B1F5
:102970000B6000232360007810BC0AF0D7BA0B6804
:10298000C3F30F22D2019B1A22600B6010BC704768
:10299000E44A002042684378D2F810151B01CB406E
:1029A000D2F8001241F00101C2F80012C2F840351D
:1029B000C3789B0003F1804303F5C043D3F810159F
:1029C00041F00301C3F8101581780448012303FA8C
:1029D00001F1C0F80415D3601360704700F00140A6
:1029E000D0F8003223F00103C0F800324FF48033F6
:1029F000C0F8083301230361024B93F9000008F08B
:102A00007FB800BF239100204368D3F81015D3F896
:102A1000002242F0010210B5C3F80022F022CA40A1
:102A2000C3F840254FF48032C3F80423054B044615
:102A300093F9000008F062F863680122DA601A6016
:102A400010BD00BF23910020436873B5D3F8002266
:102A500022F00102C3F8002201254FF48032C3F8AE
:102A600008231D61067804460AF093FA0196D8B946
:102A700001A8FFF769FF019B05FA03F3C0F80C35C5
:102A8000E3789B0003F1804303F5C043D3F810259E
:102A900022F00302C3F81025A27801239340064ACE
:102AA000C2F8083502B070BD01A8FFF74DFF019BC9
:102AB0009D40C0F80855E3E700F0014010B500F074
:102AC000F1F850B1054C2378012B06D1044B0022BC
:102AD0001A70FFF75FFF0223237010BD25910020BD
:102AE0002491002010B500F0DDF830B10C4C2378B3
:102AF000022B0FD002D8012B08D010BD033B012BB5
:102B0000FBD84068FFF76CFF01232370054B0022C0
:102B10001A70F2E7FFF798FF01232370EDE700BF7B
:102B2000259100202491002038B500F0BBF8044620
:102B300050B1064D2B78022B06D1FFF785FF2046BA
:102B4000FFF762FF03232B7038BD00BF25910020E3
:102B500010B500F0A7F830B10B4C2378022B0ED043
:102B600003D8012B08D0002010BD033B012BFAD85D
:102B70004068FFF735FF04E0044B1878F4E7FFF7EF
:102B800063FF01232370EEE72591002024910020AC
:102B900010B50A4B1B7813B1012B04D010BD084BA4
:102BA00002221A70FAE7074B054C1B781BB10AF09A
:102BB000F0F92070F2E702232370EFE7259100205F
:102BC000500500202491002038B500F06BF8044631
:102BD00088B10D4D2B78012B0ED0033B012B0AD869
:102BE0004068FFF7FDFE094B00221A702046FFF7F0
:102BF000D1FE02232B7038BD044B1A78002AFAD07C
:102C000000221A70F3E700BF2591002024910020D4
:102C100070B5054600F046F8044630B1104E3378E2
:102C2000022B19D002D8012B0ED070BD033B012B13
:102C3000FBD84068FFF7D4FE0A4B00221A7001232C
:102C400033702946204603E0064B00221A702946BD
:102C5000BDE87040FFF788BEFFF7F6FEEFE700BF64
:102C60002591002024910020024B1868003818BFDD
:102C700001207047E44A0020014B00221A6070478F
:102C8000E44A0020054B1B78012B05D1044B187832
:102C9000022801D00AF05EB9704700BF25910020DC
:102CA00050050020034B04481B78002B08BF002070
:102CB000704700BF26910020E84A002018B1012883
:102CC00004D000207047024B18787047014BFBE797
:102CD0002A9100202991002018B1012804D0022057
:102CE0007047024B18787047014BFBE72891002092
:102CF00027910020014B1860704700BFF04A002068
:102D000010B506490246002351F8040B046C9442A6
:102D100003D00133042BF7D1002010BDF44A00206A
:102D2000EFF3108272B6054B9969814200D008B961
:102D30000021996182F31088704700BF503A00204B
:102D400010B50346EFF3108272B6104884691CB1C7
:102D500082F31088002010BD836182F31088022264
:102D600002774FF0FF32596B4262D3E90A235218BF
:102D700043F10003C0E9042300F0AAFA18B1204689
:102D8000FFF7CEFFE6E70120E5E700BF503A00205D
:102D90002DE9F041264D27480AF078FA00283ED068
:102DA0002E780AF0CFF9244BDFF890E0D3F80080BA
:102DB00000239C465EF8042B92F83A40012C09D17E
:102DC000D2E90A74B7EB080764F10004B84271EB6A
:102DD000040426D392F8382093420CF1010C38BF3A
:102DE0001346BCF1040FE5D1154A164F14789C42E6
:102DF00038BF1C46E4B2A64207D02C709CB92046CE
:102E000000F0A8FCEFF78CFE7C707B7813B12046B5
:102E100000F0A0FC07480AF048FA0028BBD1BDE842
:102E2000F0810022D8E7002EEFD1EFF701FFECE7A9
:102E30002E910020044B00205C040020F44A002066
:102E40002D9100202F91002010B58469FFF7A0FF7D
:102E5000D4E90A23C4E904230A4A226294F8302000
:102E6000A4610123237742B184F849302046FFF75B
:102E700067FF10B9042384F849302046BDE81040AC
:102E800000F026BA6FD00100F8B5EFF719FE012067
:102E9000EFF7C8FE2348244D244E0AF0F4F92448E5
:102EA0000AF0F1F9234B2448306000241C70234BB6
:102EB00080F838401C70224B80F848401C70214B31
:102EC00004221A704FF0FF3702225C7007649A7078
:102ED0000AF03FF9284685F838402F6485F84840C5
:102EE00075600AF036F905F15000B06085F8884049
:102EF000C5F8907085F898400AF02BF91248F060F8
:102F000080F83840076480F848400AF022F90F48FA
:102F10000AF01FF92046FFF703FFBDE8F84000F074
:102F20000DBC00BF084B0020C83A0020F44A002026
:102F3000044B002032910020683B00202D9100209E
:102F40002E9100202F910020783A0020503A002046
:102F5000074B10B500241C700AF01CF9054B1A78B9
:102F600022B11C70BDE81040EFF7FEBD10BD00BFE0
:102F70002B9100202C91002010B51C4C1C480AF00D
:102F800085F918B32378032B98BF207863788CBF1A
:102F90000420C0B2984288BF6078A37888BFC0B2CE
:102FA0008342144B38BFA0781A7838BFC0B282422F
:102FB0000DD01870104AB0FA80F35B09137000F05E
:102FC0001DF90B480AF071F90028D7D110BD1B7804
:102FD000002BF6D1084B1B78002BF2D1074B1B7846
:102FE000002BEED0FFF7B4FFEBE700BF2F910020DE
:102FF000084B0020329100202B9100202C910020C2
:1030000008B5054B1870BFF35F8FFFF7C1FEBDE831
:103010000840FFF7B1BF00BF2D9100202DE9F0411E
:10302000437C012B07463AD0022B3BD0002B65D1C5
:103030003E48012109F0DAFF044600285ED0002353
:1030400080F8493097F81280B8F1000F58D0B8F1E5
:10305000010F4FD1364D0AF075F8D7E900322D68CF
:10306000B3EB050C62F1000E604571EB0E051CD24E
:103070003E460FCE04F128050FC596E80F0085E8FF
:103080000F00C4E904CE2B4BA46184F81C8023629A
:10309000204600F01DF968BB0120BDE8F0812648FC
:1030A0000221C7E725480121C4E7254D2D780DB33E
:1030B000984291411ED23E460FCE04F128050FC51D
:1030C00096E80F0085E80F00D7E90023C4E9042340
:1030D0001C4B2362A46184F81C80FFF759FE94F80E
:1030E0003030002BD4D084F849802046FFF728FEEA
:1030F0000028CDD10121204609F096FF0020CCE721
:103100003E4600F128050FCE0FC596E80F0085E872
:103110000F00D7E90023C4E9042301232377094BD7
:10312000A4612362FFF734FEB2E700BF683B0020D2
:103130005C040020492E0100C83A0020783A0020A3
:103140002E9100206FD001000146094810B5846916
:103150004CB194F84930022B05D10AF001F820B1A6
:10316000052384F84930002010BD0120FCE700BF92
:10317000503A0020034B185C884234BF00200120E5
:10318000704700BF2F91002008B500F00BFB054BE6
:1031900004225A70FFF7FCFDFFF7EEFEBDE8084081
:1031A000FFF7F6BD2F910020034B01221A70034B4D
:1031B00000225A70FFF7E0BE2C9100202F910020D2
:1031C00008B5044B04229A70FFF7E2FDBDE8084001
:1031D000FFF7D2BE2F91002008B5044B02229A704F
:1031E000FFF7D6FDBDE80840FFF7C6BE2F910020CF
:1031F000014BFF221A7070473391002037B5114DF3
:103200002B681B68044698470F4B58B11A78FF2A61
:1032100008D12046F8F7FCFE2B685B6803B0BDE8D8
:1032200030401847D3E84F2FD2B28DF807209DF8D1
:103230000720C3E8424F002AF4D10028ECD103B0A4
:1032400030BD00BFF04A002033910020064AFF2322
:10325000D2E84F0FC2E8413F0029F9D1C0B2FF28A0
:1032600001D0F8F7D5BE704733910020024B187893
:10327000FF3818BF012070473391002008B50A4875
:103280000AF004F860B1094809F0FBFF48B1D0E941
:103290000001F8F751F904480AF007F80028EED1C8
:1032A00008BDF8F751F9F6E7144B00200C4B00204D
:1032B00008B5064809F076FF044B03F1080009F051
:1032C000E2FFBDE80840F8F709B900BF0C4B002049
:1032D00010B5044640B3037FDA0701D5036A1BB378
:1032E000BFF35F8F00232372BFF35F8F0122D4E906
:1032F000040107F02EFC0B460246C4E90023237F9D
:103300009B0707D5626AF8F789F901280ED00228D1
:103310000ED078B90848094B0C22214609F046FF27
:10332000FFF7ACFF002010BD0120FCE70220FAE708
:103330000320F8E70420F6E70C4B00200BD1010036
:1033400010B5044670B101460C22084809F056FF3A
:1033500050B1237F9B0701D5F8F7F4F9FFF78EFFF3
:10336000002010BD0120FCE70520FAE70C4B0020EF
:1033700037B50F4ACDE900016B460E480C2109F024
:103380005DFF0446FFF77AFF7CB1257FAA0707D5CA
:10339000BFF35F8F01232372BFF35F8FF8F7D2F97A
:1033A000EB0702D5236A2046984703B030BD00BF23
:1033B0002FD101000C4B0020F0B5430B174C43EA12
:1033C000C1434D0BA3FB043604FB05661B0F43EA08
:1033D0000613360F43F6095C740244EAD3545D02C7
:1033E000A3FB0C37C01A0CFB067661EB060140F21A
:1033F00031430B4E524200FB03F306FB0133A0FBAB
:10340000060661EB010133448018C1F30E0143EB62
:103410000100C00B401944F10001F0BDD07B6308EE
:103420007B2DE8BD084A08B500231370074A1360D6
:10343000074A1370F7F7E0FF064AD2F8083843F45A
:103440008043C2F8083808BD36910020184B002090
:103450003491002000F0014010B5F8F7D3F804468D
:10346000F7F7EAFF0A4B4FF40052C3F87845C3F868
:103470007C05C3F80425074B00221A70F7F7D0FF2C
:10348000F7F7DEFFF8F7A2F8034B01221A7010BD20
:1034900000F00140359100203691002010B50B4B13
:1034A00000241C70F7F7C2FFF8F7A6F8084B4FF49A
:1034B0000052C3F88045C3F88445C3F84849C3F8AF
:1034C0000825C3F87845C3F87C4510BD3691002027
:1034D00000F0014038B50A4C0023C4F88035C4F828
:1034E0008435C4F848390568F7F7CEFF054BC4F8B2
:1034F0008055C4F88405C4F848390123236138BDD8
:1035000000F0014014F00140274B1B782DE9F041F9
:10351000064603F0FF08002B37D0244FF7F7B8FF1B
:10352000BB68C51A224B187828B3224B1968CB17F1
:1035300011F58002A5FB01EC05FB03CC43F1000370
:1035400011F5800FACBF00210121B1EBDC7F4FEA08
:10355000D3741DD0A41843F10001640844EAC17477
:1035600064424FEA610161EB410114EB0E004CEB48
:103570000101EFF719FCD7E90023AD1843F100036F
:103580002D1A63EBE073C6E900534046BDE8F081B5
:10359000A41843F10001640844EAC17414EB0E005E
:1035A0004CEB6101E5E700BF35910020B83B0020FE
:1035B00034910020184B00202DE9FF4710220021F4
:1035C000684609F0B2FE404B1B786D46002B74D064
:1035D00002A8F7F745FF002872D03C4E3C4C3378E8
:1035E000002B0CBF4FF4800A4FF0807AF8F710F8E8
:1035F00007F0B1FADFF8DCC09CF80030CDE900013B
:1036000023B32268A768C2F50011D21B029F3A4477
:103610000144101A90EA91524FEA91534FEAD15166
:103620004BBF401A091890FBF3F091FBF3F033788D
:10363000294A43B11368C3EBC303181829D5031FE4
:1036400048BFC31CD810012310603370EFF3108EF5
:1036500072B695E80F0084E80F008EF310884FF0E3
:1036600001098CF80090F7F7EBFE09F06BFDD4E947
:103670000023851A61EB030807F07DFAAAEB4007E7
:10368000AF424FF0000373EB080305D2F7F79EFF3C
:1036900013E00430C010D6E73378D4E90001002BE2
:1036A0000CBF4FF480034FF08073C0184A4641F1BD
:1036B000000107F04EFAF7F797FF04B0BDE8F08776
:1036C000F7F7BEFEE2E700BF3691002034910020FC
:1036D000B83B002035910020184B002037B500235F
:1036E000134C144D8DF80730134809F0CFFDA0B1ED
:1036F0000DF10700EFF7B4F89DF8073013F004035D
:103700000DD0237823B9012328782370FFF758FDC3
:10371000094809F0CAFD0028E6D103B030BD22787F
:10372000002AF5D028782370FFF756FDF0E700BF98
:1037300037910020389100201C4B002008B5034829
:1037400009F0A1FD024B00221A7008BD1C4B00209D
:1037500037910020032807B5114A09D801280BD852
:103760001BD00023137003B05DF804EBEFF772B8C1
:103770000428F6D1022301E0012302201370012363
:103780008DF804008DF8053001A800238DF806306F
:10379000EFF75AF803B05DF804FB0346EEE700BF0D
:1037A0003891002008B50448EFF760F8BDE80840FC
:1037B0000020FFF793BF00BFDD36010010B50C4CB1
:1037C000236813B10B4B1B682BB900F02FFF30B9E6
:1037D000084B01221A6001232360002010BD01382C
:1037E000062801D9044810BD044B53F8200010BD31
:1037F000244B0020204B0020FE8FFFFF14E301002C
:10380000BFF34F8F0549064BCA6802F4E0621343C9
:10381000CB60BFF34F8F00BFFDE700BF00ED00E0BE
:103820000400FA0510B4094B09490A4C4FF0FE3266
:10383000C3F800244968C3F80424C3F80824C3F873
:103840000C240023C4F8003510BC084700B0025017
:103850006004002000A00250D0E90012014BC3E92F
:10386000001270476004002070B58CB01446064604
:103870000D4603AA202104A800F0B6F9002835D18E
:10388000039B202B32D11A484FF0FF3100F082FF0A
:1038900040BB002000F0AEFF00BB00942B4620226E
:1038A00006F1100004A900F091FC0446012000F08C
:1038B000A1FF78B90E4800F075FF38B9B4B92021DE
:1038C00004A800F045FF20460CB070BD0948FFF782
:1038D000A9FFF3E70848FFF7A5FFEBE70648FFF766
:1038E000A1FFDAE70348FFF79DFFD2E7034CEAE7C1
:1038F000EC04002030E3010048E30100FE8FFFFFED
:10390000F0B50F468FB015460446002859D03E4BFF
:1039100002689A4264D00DB1002969D026464FF45E
:10392000A071304600F014FF05AA202106A800F07F
:103930005BF900285FD1059B202B5CD133484FF009
:10394000FF3100F027FF70BB002000F053FF30BBB9
:1039500000230295CDE90037202206A906F11000C8
:1039600000F0D8FA0546012000F044FF98B9274836
:1039700000F018FF58B9002D41D1202106A800F011
:10398000E7FE214B33609CB128460FB0F0BD2048C4
:10399000FFF748FFEFE71F48FFF744FFE7E71D4841
:1039A000FFF740FFD4E71A48FFF73CFFCCE70025BC
:1039B000194800F0F7FE0028E6D01548FFF732FF5F
:1039C000E2E715484FF0FF3100F0E4FE60B9134B19
:1039D0000D4A1B689342EAD005B197B10F4E9EE79E
:1039E000002528460FB0F0BD0948FFF71BFFEEE7A2
:1039F0006FF4E045C8E7202106A800F0A9FE084DB5
:103A0000C1E76FF4E045D3E7A5BCC95AEC04002038
:103A100030E3010048E30100D8040020284B0020D7
:103A2000FE8FFFFF2DE9F04F83B0002B00F0C78021
:103A30001D4600230446884617462B608AB100299C
:103A400000F0BD80002800F085805E4B02689A423D
:103A500044D1B7F5806F0AD95B4E304603B0BDE85C
:103A6000F08F002876D0574B02689A4236D1A14693
:103A7000D9F838311BB1D9F83020934235D95348A1
:103A80004FF0FF3100F086FE00287CD1002000F0CE
:103A9000B1FE002873D1002309F1100A4FEAC70BC9
:103AA000009342465946504600F098FA06460120D7
:103AB00000F0A0FE00285ED1444800F073FE00280C
:103AC00055D11F2E1AD076B92F6044B9404800F066
:103AD00069FE20B13F48FFF7A5FE00E03E4E3046AC
:103AE00003B0BDE8F08F3D4EEFE700221146484697
:103AF000FFF7BAFE06460028C1D0E6E70022484696
:103B00001146FFF7B1FE06460028DED12F484FF0E0
:103B1000FF3100F03FFE00284DD1002000F06AFE8A
:103B2000002844D10023424659465046009300F0F5
:103B300055FA0646012000F05DFE002833D12348E7
:103B400000F030FE0028BED02248FFF76BFE002EAA
:103B5000BAD0C8E71E484FF0FF3100F01BFED8B9BD
:103B60001F4B1A68174B9A4211D01B4EAEE71948EB
:103B7000FFF758FEA5E71B48FFF754FE9CE71948DE
:103B8000FFF750FE87E71348FFF74CFE7EE7B7F5D7
:103B9000806F05D90C4E99E70E48FFF743FEDFE72B
:103BA000DFF83C9064E70F48FFF73CFEC7E70D489D
:103BB000FFF738FEB6E70748FFF734FEADE76FF4CE
:103BC000E0468CE7A5BCC95ADE8FFFFFEC0400205D
:103BD000D804002030E30100E88FFFFFFE8FFFFFD5
:103BE000284B002048E301002DE9F047DFF8A0A0B2
:103BF0000D4680464FF0FF31DAF80000914600F0A4
:103C0000C9FDB0BB002000F0F5FD70BBCDB1214F68
:103C1000002603E000F09AFD2D1B13D0182D4FF065
:103C2000180138462C4628BF182400F025FB03460F
:103C3000224608EB060039462644002BEAD0164CF3
:103C400003E02E46C9F8006000241248182100F055
:103C50007FFD012000F0CEFDA8B9DAF8000000F0E9
:103C6000A1FD50B92046BDE8F0870C48FFF7DAFD0A
:103C7000CCE70B48FFF7D6FDC4E70948FFF7D2FDB4
:103C80002046BDE8F0870548FFF7CCFDE5E700BF1B
:103C9000DC040020684C0020FE8FFFFF48E3010099
:103CA00030E3010010B5044650B1636813F0685F5B
:103CB00005D0064A934202D000232360626010BD03
:103CC000034B04485B689847EFE700BF2C5F5CA993
:103CD0006004002068E30100C8B143680D4A9342C4
:103CE00013D013F0685F0ED0012350E8002F19465F
:103CF00040E8001C9CF0000FF7D1012AF5D0BFF37B
:103D00005F8F0020704704487047044870476FF485
:103D1000E04070472C5F5CA9E98FFFFFEA8FFFFF4F
:103D200080B14368094A93420AD013F0685F05D016
:103D3000BFF35F8F00230360184670470448704745
:103D4000044870476FF4E040704700BF2C5F5CA9E7
:103D5000E98FFFFFEA8FFFFF10B5044620B1044B47
:103D600063600022226010BD0248FFF75BFDF6E7AA
:103D70003A00003A90E3010010B5D0E90023194C55
:103D80006360D0E90230C4E902302260164BD1F8FA
:103D900000C0C3F800C0D1F804C0C3F804C0134881
:103DA000D1F808C0C3F808C0D1F80CC00969C3F83D
:103DB0000CC01961436813F0685F04D00C490023FC
:103DC000C0E9003190470B48436813F0685F07D0A3
:103DD000074923680022C0E90021BDE810401847C8
:103DE00010BD00BF7C040020680400209C0400205B
:103DF0002C5F5CA994040020F0B585B00446C07F18
:103E0000A37F94F81DC094F813E0451C03EB152321
:103E10000CEB132CA377237FE07E84F81DC003EB0B
:103E20001C2300EB13202377A37E94F819C0E076BF
:103E300003EB10230CEB132CA376237EE07D84F898
:103E400019C003EB1C2300EB13202376A37D94F809
:103E500015C0E07503EB10230CEB132CA375237D29
:103E600084F815C003EB1C2394F812C023750EEBE5
:103E7000132E637CE5770CEB1E2C03EB1C2384F8DC
:103E800012C094F810C084F813E020460CEB132CF9
:103E9000637400F810CF10234FF0000CCDE900C080
:103EA00004AF02930E461546234662466046022141
:103EB00000F01EFE10B10437BD46F0BD20212046A3
:103EC00000F0ACFE0028F6D12946304600F0A8FEEE
:103ED0000028F0D11F2D14D8C5F1270323F00703C4
:103EE0006E46ADEB030DC5F1200504AC01462A4634
:103EF000204609F01AFA2946204600F091FE38B90A
:103F0000B5460021084600F0C7FE0437BD46F0BDA7
:103F1000B546D0E7F0B589B005460F9C109E002C41
:103F200047D02022684609F0D9F966B3731E022BE8
:103F300051D926F00300214620446A4651F8043B3B
:103F40001768814283EA070342F8043BF6D1B307BE
:103F500019D026F003031DF80310E25C4A400DF867
:103F600003205A1C96420ED91DF80200A15C0233B0
:103F700041409E420DF8021005D91DF80310E25C85
:103F80004A400DF8032024220021284609F0CDF9EB
:103F9000202269462846FFF72FFF044610B9012367
:103FA0002B6200240821684600F01CFB204609B063
:103FB000F0BD0F462422214609F0B7F920223946E8
:103FC0002846FFF719FF04460028EFD101232046B9
:103FD0002B6209B0F0BD0023BDE700BF2DE9F0431F
:103FE0009046026ABDB01D4601324FF00003CDE994
:103FF0000433CDE90633CDE90833CDE90A3370D077
:1040000004460E46002D6AD0449A2946FFF7F4FE76
:10401000002861D1E27FA17F637F501C01EB10215A
:10402000227FA17703EB112302EB13226377E37E58
:10403000227703EB1223A27EE37602EB1322637E48
:10404000A27603EB1223227E637602EB1322E37D3A
:10405000227603EB1223A27DE37502EB1322637D2C
:10406000A27503EB1223227D637502EB1322E37C1E
:10407000227503EB1223A27CE37402EB1322637C10
:10408000A27403EB1223227C637402EB13232374C8
:104090000022102304F11007E0770221CDE901731B
:1040A00010460092234600F023FDA8B94046F108CF
:1040B00000F0B4FD80B95FEA162916D04FEA09294D
:1040C000804601E0C84510D0202104A808F580787A
:1040D00000F0A6FD0028F5D03DB0BDE8F08304ADAA
:1040E00098E71F203DB0BDE8F083B14507D0A6EBAF
:1040F0000901C90804A800F093FD0028ECD10CA820
:1041000000F05EFD0021084600F0C6FD0028E3D166
:10411000102212A9384609F0E1F8E17FA37F627FFF
:104120000139A3EBD1739BB2A2EBD332A377237FE8
:10413000E17792B2E17E6277A3EBD2339BB2A1EB3F
:10414000D3312377A37E627E89B2A3EBD1339BB2B6
:10415000A2EBD332A376237EE17692B2E17D627642
:10416000A3EBD2339BB2A1EBD3312376A37D627D47
:1041700089B2A3EBD1339BB2A2EBD332A375237DDB
:10418000E17592B2E17C6275A3EBD2339BB2A27C63
:104190002375A1EBD33189B2637CE174A2EBD132F8
:1041A00092B2A3EBD233A274227C9BB26374A2EBD3
:1041B000D3332374202229462046FFF71DFE002812
:1041C0008AD1236A0133236286E700BFF0B589B044
:1041D00005460E9E002B43D0684617461C4609F044
:1041E0007DF866B3731E022B44D926F003022244E5
:1041F000A646EC46DCF800305EF8041B59409645B4
:104200004CF8041BF6D1B30719D026F003031DF8B0
:104210000310E25C4A400DF803205A1C96420ED966
:104220001DF80200A15C023341409E420DF80210CD
:1042300005D91DF80310E25C4A400DF803203A4608
:1042400069462846FFF7D8FD044610B901232B62C2
:1042500000240821684600F0C5F9204609B0F0BDE9
:10426000FFF7CAFD04460028F7D1012320462B6240
:1042700009B0F0BD0023CAE72DE9F04FC24C8FB062
:10428000237800AFC7E901012BB9204600F066FF93
:10429000204601F0ADF8BD4BBA68A3FB02231B0911
:1042A0004FF0000B3B61C7F814B0B74800F0BCFFFB
:1042B0008246002852D1B64C237C002B40F0AD80C2
:1042C0004FF08053E946D3F80C2C013200F07A818C
:1042D000D3F80C2CAD4B172AA3FB02134FEA13168D
:1042E00040F29980FE604FF000084E46C7F800A0EB
:1042F000A548062207F1200100F0D8FF002840F071
:104300006481A44BD4E90215986807F1200C07F1E9
:10431000380EDCF800301F22994603E0A8420ED088
:10432000531C20D04B46D34013F0010315BF00218E
:10433000013101351D46884202F1FF32EED1964827
:10434000C4E902154FF00E0AFFF76CFAB54600F00B
:10435000A3FF8D4801F050F80028A6D150463C3705
:10436000BD46BDE8F08F0CF1040CE645D1D1894B78
:104370002068C4E90215D3E9009A07F1200E18223B
:104380004FF0000B41460346C3F5806C4FEA5C1CBE
:104390004FEA8C0C944528BF94465FEA9C0826D0CF
:1043A000C7E9063EAEF10400656800EB880850F8E6
:1043B00004EF4FEA5E0303F05533AEEB03034FEA1D
:1043C000930E0EF0333E03F03333734403EB1313B9
:1043D00003F00F3303EB032303EB03431B0EC3F183
:1043E000200380451D44E2D1D7E9063E656003EB1A
:1043F000CC03B3F5806FA2EB0C024BD0E644002A4D
:10440000C2D12360FB6801F101089845FFF470AF49
:10441000D7F800A0B54601232374BB68172B40F2E0
:10442000A0807B687A69FA6103EB820100239846D9
:104430008946D34654480622494600F037FFCC4609
:10444000002840F0C580534BD4E902569968FB69B7
:10445000A9F1040E9A465EF8040F1F2203E0B14250
:104460000ED0531C21D020FA02F313F0010315BF24
:104470000025013501361E468D4202F1FF32EED194
:104480004548C7F814A0C4E902564FF00E0AFFF7DA
:10449000C9F95CE763684B4580F08A80534540F278
:1044A0008780C4F804B00023A8E709F1140373451A
:1044B000C4E90256CFD1374BC7F814905246D3E91E
:1044C00000EA2368FA6118214046C3F580684FEA84
:1044D00058184FEA8808884528BF88465FEA980937
:1044E00026D0ACF104056668C7F818C005EB890949
:1044F00055F804CF4FEA5C0202F05532ACEB0202F1
:104500004FEA920C0CF0333C02F03332624402EB7F
:10451000121202F00F3202EB022202EB0242120EE2
:10452000C2F1200216444D456660E1D1D7F818C0AB
:1045300003EBC803B3F5806F2360A1EB080117D02C
:10454000C4440029C1D1FB69D7F814900633FB613C
:104550003B6900F10108984509F11809FFF46AAFB9
:10456000DA4600F099FE50463C37BD46BDE8F08F74
:104570006368734512D2534510D900230022C4E961
:1045800000230023DCE700BF984C0020ABAAAAAAB6
:10459000C83B0020C4040020B4E30100FB691048BC
:1045A0007B614FF00D0AFFF73DF900F075FED0E694
:1045B0004FF480630A4823604FF00D0AFFF732F989
:1045C000B546C4E64FF404768CE68246B546BEE6B0
:1045D000FB697B610546AA4600F05EFEB9E600BFB6
:1045E000B4E30100890000F047B900BF3AB101EB24
:1045F000820251F8043B40F8043B9142F9D17047E4
:1046000008B500F037F830B900F03EF828B9064A8E
:10461000C2F80C0A08BD032008BD00F02DF800F018
:104620006DF8042008BD00BF00B0025030B583B063
:10463000FFF7E6FF044610B90B4D2B6813B1204677
:1046400003B030BD02460146FFF75AF950B9074999
:1046500001AB6822FFF7E6F920B9054B2B60204635
:1046600003B030BD0524EAE7A84C0020AC4C002084
:104670005AEA5A5A0020704700207047014BC3F88D
:10468000040A704700B0025010B5154800F06EF8EB
:1046900000B110BD134800F069F80028F9D1124CA0
:1046A000204600F063F80028F3D1104B10481C603E
:1046B00000F05CF80028ECD10E4800F057F8002814
:1046C000E7D10D4800F052F801460028E1D100F092
:1046D00039F8044608B900F06FF8204610BD00BF55
:1046E000EC040020E8040020E4040020DC040020A6
:1046F000E0040020D8040020D404002008B50B48B2
:1047000000F03EF80A4800F03BF80A4800F038F89C
:10471000094800F035F8094800F032F8084800F080
:104720002FF8BDE8084000F00FB800BFEC040020EF
:10473000E8040020E4040020E0040020D804002065
:10474000D404002000207047704700BF08F0D4BD9B
:1047500082B0019041B100239C461A460198013372
:10476000994200F802C0F8D102B0704708B5034B77
:1047700002681B6810689847002008BD7C04002070
:1047800008B5034B02685B6810689847002008BDB5
:104790007C040020024B02689B681068184700BF29
:1047A0007C04002008B5034B0268DB68106898475A
:1047B000002008BD7C04002070B5094C094D20691B
:1047C000AB68984718B1084B08485B689847084A97
:1047D000EB68206900211160BDE87040184700BFF8
:1047E000680400207C04002060040020C0E3010075
:1047F000144D0020F8B51A4D1A4E0446B2682869C7
:104800009047E8B9184F3B684CB1A3B1012B19D0C0
:10481000013B3B602869F36898470020F8BD43B925
:10482000124A0121C2F800151149D1F81029002AB5
:10483000FBD101333B60F368286998470020F8BD3D
:104840000C48F8BD0A4AD2F81039002BFBD1074AB0
:104850006FF07E40C2F80035FFF710FF3B68D7E7E6
:10486000680400207C040020144D002000A00250A9
:1048700000B00250E98FFFFF2DE9F0410E4682B0F3
:10488000002879D000296FD03E4C0546012755E01D
:10489000D4E901E1D4F80CC020684FEACE524B09AC
:1048A00080EAC05842EA502243EACC638EEA020012
:1048B0004B404FEA984E4EEA803E83EA08038CEA6A
:1048C0005C1283EA0E03424011EB030E82EA90422F
:1048D0004CEB0200082EC4E90232B04628BF4FF06C
:1048E000080815F00303C4E9001CCDE900E032D14B
:1048F000072E3DD8032E2CD9B8F10402C5F800E0EC
:1049000018D0042303F108016944012A11F8081C96
:10491000E9540FD003F109006844591C10F8080C41
:104920006854032A06D103F10A026A44023312F8DA
:10493000082CEA54B6EB0806454415D0237E002B1C
:10494000A6D118212046FFF797FC0028F9D1277639
:104950009EE74246D6E728464246694608F0BEFC36
:10496000B6EB08064544E9D1002002B0BDE8F0816D
:10497000C5F800E06860DDE70029F5D0142002B03A
:10498000BDE8F081E03B002031B10138002300F8A0
:10499000013F01339942FAD1704700BF70B5504CC6
:1049A000504D0120C4F8100800F0C4FB0023C4F8E7
:1049B0004034C4F84434C4F84834C4F84C34C4F81F
:1049C0006034C4F86434C4F86834C4F86C34C4F88F
:1049D000BC34D4F8C03423F00103C4F8C0346B688D
:1049E000D4F8C02403F001031343C4F8C0342A6888
:1049F000072A05D1D4F8C03423F00103C4F8C03429
:104A0000374CD4F8C01421F01C01C4F8C014D4F8F9
:104A1000C014930003F01C030B43C4F8C034D4F853
:104A2000C03495F89C1023F00203C4F8C034002968
:104A3000A96B2D4B08BF002300293DD1D4F8C00439
:104A400020F44050C4F8C00495F83400D4F8C06491
:104A5000C4F8C064A0B91A68C4F800245A68C4F83D
:104A600004249A68C4F80824DB68C4F80C342A6863
:104A7000072A03D11A4B0122C3F87C24002070BD01
:104A80000328F5D11868194E00F0D6FCB0B9336888
:104A90001B68C4F8003433685B68C4F804343368B6
:104AA0009B68C4F808343368DB68C4F80C3400F041
:104AB000D1FC18B92A68DBE7062070BD3268084BC4
:104AC0001268C3F8002432685268C3F804243268BC
:104AD0009268C3F808243268D268C3F80C2470BD09
:104AE00000B00250184D0020B84D0020D004002026
:104AF0002DE9F84F2F4E304DDDF828A000248346D5
:104B00000F4691462146C0223046984608F00DFCDB
:104B1000C5F84044C5F84444C5F84844C5F84C4479
:104B2000C5F86044C5F86444C5F86844C5F86C44E9
:104B300000F0F8FAC5F8C044204600F0FBFAC5F8CA
:104B40001048C6E9007B86F83490C6F838A0B8F162
:104B5000000F0AD00AF102020123D200414606F1F9
:104B6000A00086F89C3008F0B9FB102000F0CCFAC9
:104B7000FFF714FF40B9022F08D0072F04D01FB150
:104B80000E48FEF74FFE0620BDE8F88F0B9A0A4B41
:104B90001268C3F860240B9A5268C3F864240B9A15
:104BA0009268C3F868240B9AD268C3F86C24BDE8F5
:104BB000F88F00BF184D002000B00250B4E3010090
:104BC00010B51349C022044608F088FB114B124966
:104BD000D3F84024A260D3F84424E260D3F84824F8
:104BE0002261D3F84C246261D3F86024A261D3F827
:104BF0006424E261D3F868242262D3F86C346362DF
:104C000004F13C006022BDE8104008F067BB00BF23
:104C1000184D002000B00250284E002000F07ABA53
:104C200070B51B4C2368072B17D0A36A06460D46A8
:104C3000B3B1012000F07EFAA36A2B440F2BA362CC
:104C40001CD9012301222946304600F0BFF9034652
:104C500020B9104B1B6C102B16D00023184670BDCA
:104C6000E36A002BE5D0012000F032FA2368072B1D
:104C7000DFD1A36A2B440F2BA362E2D82368012B58
:104C800094BF00230123DDE700F022FAE5E700BF2F
:104C9000184D0020284E00202DE9F041554CDFF83A
:104CA0005881564A84B0A36AD8F84050C2F8BC5420
:104CB00000AF06460D46B3B32368072B7ED1002014
:104CC00000F006FA4D4B0022C3F8BC2415B1D8F809
:104CD00058302B602368072B2FD000260024474D27
:104CE0004448C022214608F020FBC5F84044C5F8DE
:104CF0004444C5F84844C5F84C44C5F86044C5F878
:104D00006444C5F86844C5F86C4400F00BFA2046CA
:104D1000C5F8C04400F00EFA30461037C5F8104808
:104D2000BD46BDE8F081E36A002BCBD02368072B9A
:104D300057D0012000F0CCF9C4E7E36A1BB92F4B30
:104D40000122C3F824252D4B256BD3F840243A606B
:104D5000D3F844247A600335D3F848246168BA60F4
:104D6000AD08EA1DD3F84C04F86022F007030129CE
:104D70006C46ADEB030D2CD129466846FFF704FEC7
:104D800065B3691E0DF1FF306944002210F8013F40
:104D900007F1100505EB830556F8233055F8105C34
:104DA0006B40134314BF012200228842EED1ABB105
:104DB0001348FEF737FD1226A5468FE7012000F0C5
:104DC000B9F92368002B7FF47AAF012000F080F955
:104DD00078E72A4639463046FFF708FC0026A54604
:104DE0007CE7012000F0A6F92368072B3FF467AFAA
:104DF0009FE700BF184D0020284E002000B0025051
:104E0000B4E30100F0B56E4B6E4A0124C3F82048AC
:104E100092F85C5092F84870A54286463CD04FF418
:104E2000FE64C3F8044AD3F8084A44F47F64C3F824
:104E3000084A002F3BD1002D61D1634B1C7C14B17B
:104E40001C68844261D993F824401CB15C69844297
:104E500040F2818093F838401CB19C6A844240F251
:104E6000918093F84C401CB1DC6B844240F29180FD
:104E7000534BC3F828ECC3F82C1C002F43D08021DF
:104E80004F4AD2F8003A31EA0303FAD10023C2F8BC
:104E9000081AC2F82038F0BD4FF47664C3F8044A0B
:104EA000D3F8084A44F47F64C3F8084A3FB3464B3A
:104EB000D46C1F7C17B11F68BC4237D293F82470A2
:104EC00017B15F69BC424DD293F8387017B19F6A31
:104ED000BC424FD293F84C7017B1DF6BBC4260D22A
:104EE00027460C44D464946D0C449465344CC4F847
:104EF000287DC4F82C1D002D5CD101279EE7C3F846
:104F0000300CC3F8341C4021BAE75D682544854263
:104F100099D9002505EB850503EB8503556D9A6846
:104F2000DE68121B104405FB060EA1E75E6807EB66
:104F3000060C6445C2D24FF0000C0CEB8C0C03EB5A
:104F40008C0CDCF80860DCF80CC0F71B566D2744AD
:104F500006FB0C77C5E79D69254485427FF67AAF4D
:104F60000125D7E79E6907EB060C6445ACD24FF0EC
:104F7000010CE2E7DE6A07EB060C6445AAD24FF0AB
:104F8000020CDAE7DD6A254485427FF66AAF022526
:104F9000C0E71D6C2544854288BF03257FF668AFB6
:104FA000B8E71E6C07EB060C644538BF4FF0030CE6
:104FB00096D2C2E7C4F8300CC4F8341C5FE700BFD7
:104FC00000B00250284E0020D84D0020B0F1005F04
:104FD00055D32DE9F84314464218B2F1804F0546E7
:104FE0000F4669D8DFF8E090D9E9101274B3002BAE
:104FF0004ED0D9F85030BB4261D3DB1BC9F85030DA
:10500000002947D1FFB1D9F8401089F84840C1BB09
:10501000D9F844307E1EB6FBF3F603FB06F646B124
:10502000B6F5803F28461CD23146FFF7EBFEBF1B8A
:10503000354425483A46294608F050F9D9F8403019
:105040003B44C9F840300020BDE8F8830029D9D09E
:1050500099F84830F3B14846FFF7D4FEC9F840400C
:10506000D0E7D9F84440C4F580384146FFF7CAFE7E
:10507000A4F58033F6181F444544D1D1D9E70A205E
:1050800070471148FFF7BEFE0023C9F84030BFE764
:105090000029B7D0521ABA4209EB01002946164638
:1050A00028BF3E4608F01AF9D9F840303344354459
:1050B000BF1BC9F84030A5E70A20BDE8F8830348C4
:1050C000FEF7B0FB1320BFE7284E0020B4E3010039
:1050D00010B50C4C216C29B128B90A48FFF792FE93
:1050E0000023236410BDC1F140026018002108F0C4
:1050F0001CF9616C03482164FFF784FE00232364DC
:10510000F0E700BF284E0020014B5864704700BFF5
:10511000284E0020024BC3E913010020704700BF56
:10512000284E002002486022002108F0FEB800BF8F
:10513000284E0020074AD2F81039002BFBD1064B2D
:105140000449C2F800091870D1F81039002BFBD1BE
:10515000704700BF00B002503991002010B44FF0EA
:105160008053D3F8102C013222D0D3F8102CFAB986
:10517000D3F8142C013230D0D3F8142C6ABBD3F8F6
:10518000182C013237D0D3F8182CA2BBD3F81C2C22
:10519000013203D0D3F81C3C002B3ED04FF080539B
:1051A000D3F81C2C013234D0D3F81C4C032108E076
:1051B0004FF08053D3F8102C01320AD0D3F8104CA2
:1051C00000210023C0E9013401220270017310BCE8
:1051D0007047002141F25C24F3E74FF08053D3F88D
:1051E000142C013203D0D3F8144C0121E9E701213A
:1051F00041F66414E5E74FF08053D3F8182C0132E0
:1052000003D0D3F8184C0221DBE7022140F6D86422
:10521000D7E7032141F28834D3E7024810BCFEF7F8
:1052200001BB00BFB4E3010038B5037853B3184B9A
:1052300090F80CC00124D0E90152C3F8C441C3F86E
:105240004041C3F8C441C3F83021D3F830118A4239
:10525000F7D100203F22C3F82C01C3F8082A1E22F0
:10526000C3F800210422C3F8040AC3F80C21D3F8C0
:105270000C214CEA0202C3F80C21C3F83851C3F8E0
:105280002C4138BD0348FEF7CDFA0C2038BD00BFD5
:1052900000B00250B4E30100034B0020C3F82C011E
:1052A000C3F8C401704700BF00B002502DE9F84FA9
:1052B0004FF0000C4C4B86460E46644601204FF0E2
:1052C000FF354FF03F094FF01E080427D3F80421A3
:1052D00012F00E0F55D0D3F80C21D3F83011C3F8CB
:1052E0002C4102F00302032AC3F8BC01C3F80851A1
:1052F0006BD0013242F0040AD2B2C3F80CA1C3F859
:1053000030118EF80C20CEF80810D3F80C11D3F819
:105310003021D3F838A1C3F8C40101F0030BC3F85E
:105320004001C3F8C401C3F83021D3F830118A42D8
:10533000F7D1C3F82C41C3F8089AC3F80081C3F829
:10534000044AC3F80C71D3F80C214BEA0202C3F8EB
:105350000C21C3F838A1C3F82C01D3F80421D107DC
:105360000CF1010C11D4BCF1640FAFD11E4B1F48DE
:105370000022C3F82C21C3F8C421FEF753FA1020F1
:1053800021E0D3F80421D207A0D5BCF1640FEDD001
:10539000154B4FF0FF320121C3F8BC11C3F80821AF
:1053A000D3F814213260D3F818217260D3F81C218D
:1053B000B260D3F82021F260D3F824213261D3F80F
:1053C000283173610020BDE8F88F4A1C9DD0491830
:1053D00044EB04028D4274EB020238BF4FF0FF3100
:1053E00000224FF0040A88E700B00250B4E3010045
:1053F0000A234360704700BFC368032B05D0022B0C
:1054000015D80133C3600120704783685A1C10D03F
:10541000DB184FF0000242EB020191424FF0FF3CDB
:105420000CBF19466146C0E902120120704783682B
:10543000EEE70020704700BF29B9044B002814BFD5
:105440001846002070470248704700BF0100F7006F
:105450000300F700034B00200122C3F8380AC3F809
:105460007824704700B00250F8B5504A0D4600232A
:10547000D0E90001EDF798FC002AAEBF4C4B4D4B34
:1054800002F5A8320446B8BF02F5C072E41841F133
:1054900000064FF46161B2FBF1F301FB13223C21E2
:1054A000E01CAB60B2FBF1F301FB13226B602A60DE
:1054B00046F1000107220023EDF776FC002A55DAB9
:1054C0000732AA613C483D4A20184FF0000366F1BC
:1054D0000001EDF769FC394B03FB104448F6AC6161
:1054E000B4FBF1F1214440F2B457B4FBF7F3C91A0D
:1054F000334BB4FBF3F3C91A48F69463B1FBF3F3EF
:10550000234440F26D16B1FBF6F2B1FBF7F15B1AE2
:1055100006FB1233992103EB830402345E1CB4FBB7
:10552000F1F7794302314FF0050CB1FBFCF1761A2B
:1055300040F2F9518C428CBF6FF0090102214FF407
:10554000C874394404FB0020012998BF0130B3F529
:10555000997F13D3A3F59973EB61A0F26C700023CC
:10556000C5E90410EE602B622846F8BD002EAA6142
:10557000A8DB124A002320463146AAE7970710D13C
:105580004FF0640C92FBFCF70CFB17275FB992FB02
:10559000F4F704FB1722B2FA82F252093B331344A8
:1055A000DAE70022FAE70122F8E700BF80510100A4
:1055B0006CFA0A006BFA0A0050C5FDFFB13A02000E
:1055C000B03A02000CB430B58BB004460D46202230
:1055D000002102A807F0A9FE02238DF80A30002D51
:1055E0000C4B0393069412DB01D06B1E1C440FAAD4
:1055F0000E99079402A8019200F074F915B1069B68
:1056000000221A700BB0BDE8304002B07047002491
:10561000EDE700BFB9D40100242A2DE9F041054689
:1056200001D8012A0AD1F1F70BFC344B16221A508B
:1056300001B10D600020BDE8F0813046064616F845
:10564000014B202CF9D0A4F10907042F2346F4D9EB
:105650002B2C32D02D2C33D14FF0010C3378861CFB
:10566000302B34D1307840F0200078282BD132F024
:10567000100028D173783546102202360CF100470D
:10568000013F0020B7FBF2FE02FB1E78392B82BFE0
:1056900003F1FF3343F02003263B303B9A421DD9F0
:1056A000704502D817D1984515D24CF0020C3446FB
:1056B000354614F8013B2646E8E74FF0000CCDE7ED
:1056C0004FF0000CCCE7002A08BF0822D6E7002ADA
:1056D00008BF0A22D2E700FB0230E8E701B10D6003
:1056E0001CF0010F18BF40421CF0020FA3D0F1F7CD
:1056F000A7FB024B22221A5038469CE70C00000000
:10570000242AF0B5044601D8012A40D1F1F798FBCC
:105710002D4B16221A5001B10C600020F0BD2F460F
:105720003D4615F8010B2028F9D0A0F10906042EFA
:105730000346F4D92B282CD02D282CD101262B78E8
:10574000BD1C302B2DD1287840F02000782824D1A2
:1057500032F0100021D16B782C4610220235002047
:10576000392B82BF03F1FF3343F02003263B303B4C
:105770009A421AD9A0FB02040CB9C01801D346F012
:1057800002062F462C4617F8013B3D46E8E7074640
:10579000C6E70026D3E70026D3E7002A08BF082281
:1057A000DDE7002A08BF0A22D9E701B10C60F20741
:1057B00048BF4042B307B1D5F1F742FB024B22226A
:1057C0001A504FF0FF30A9E70C000000242AF0B572
:1057D00007460D4601D8012A0AD1F1F731FB404BAB
:1057E00016221A5005B12F6000200146F0BD304648
:1057F000064616F8011B2029F9D0A1F10904042C52
:105800000B46F4D92B293DD02D293ED14FF0010C68
:105810003378861C302B3FD1317841F02001782934
:1058200036D132F0100133D1737837461022023668
:1058300000200146392B82BF03F1FF3343F02003E0
:10584000263BA3F13004A24236D94FF0000E39BBFB
:10585000A0FB027338461946BEF1000F0AD13F196A
:1058600053F1000328BF4FF0010E38461946BEF130
:10587000000F01D04CF0020C3446374614F8013BBF
:105880002646D7E74FF0000CC2E74FF0000CC1E707
:10589000002A08BF0822CBE7002A08BF0A22C7E770
:1058A000A2FB0131A0FB02701B1841F1000100298D
:1058B000D0D04FF0010ECDE705B12F601CF0010FE5
:1058C00002D0404261EB41011CF0020F8ED0F1F793
:1058D000B7FA034B22221A504FF0FF3085E700BF82
:1058E0000C0000002DE9F04F8BB0436800938378E3
:1058F0009C078046924640F1F980002508780028F0
:1059000000F0F68025280AD04B1C01930135414652
:10591000009B98470028C0F2E3800199EEE74E789B
:105920008B1C252E0193F1D00027B9463C460A2254
:105930001F2C22D8A6F12003102B20D8DFE803F07B
:10594000141F1F1A1F1F1F0B1F1F1F121F171F1FA0
:10595000090044F00104019B13F8016B0193002E30
:10596000E6D13AE044F0020444F00404F3E744F0E2
:105970000804F0E744F01004EDE77F2C24D8A6F1EA
:105980003003092B08D860064EBF02FB073702FB25
:10599000093944F02004DEE72A2E0DD161065AF8B9
:1059A000043B53D4002BA7BF44F020049946C3F115
:1059B000000944F02804CEE72E2E05D1630600F13D
:1059C000978044F04004C6E76C2E2ED028D8682E6D
:1059D00032D06A2E37D04C2E35D0002F46F020031F
:1059E000B8BF24F04004A3F16502BCBFA4B20027F5
:1059F000022A01D9612B2BD10AF1070A2AF0070AE2
:105A00009C4E0AF1080A0727210760D506EB070B11
:105A100034465C455DD1AE1BA219A9EB070959E1DB
:105A2000742E98D07A2E96D0D7E7260648BF44F435
:105A3000007444F080048EE7E00548BF44F400742D
:105A400044F4807487E744F4207484E71F4682E7B7
:105A5000A6F16302122A00F2D880DFE812F01300E8
:105A60004D00D600D600D600D6004D00D600D60098
:105A7000D600D600D600E800D100D600D6001A0025
:105A8000D600A0005AF8043B8DF81030012704AE70
:105A9000BAE75AF8046B784B002E08BF1E4614F084
:105AA000400F14BF39464FF0FF31304607F08BFCF2
:105AB0000746A9E7009B41462020984700280FDBB6
:105AC000013CA742F6D34D442D1BA1469EE74C4610
:105AD000F7E714F8010B009B41469847002898DA35
:105AE00098F8023043F0040388F802304FF0FF3595
:105AF00028460BB0BDE8F08F220630D5A3052AD585
:105B00000AF1070A2AF007039A4659685AF8080B5F
:105B100024F0100B00291FFA8BFB2FDA404261EBB7
:105B200041014BF4806B04AC0A23224607F06DFC64
:105B30001BF0400FA0EB040200F08E802BF001045C
:105B40009742A4B240F38F80002E40F08E802BF05D
:105B50001104A4B21DE05AF8040BC117D8E7E00500
:105B60005AF8041B01D40846F7E7A2054BBF48B218
:105B700008B241F3C01141F3C031C9E750EA010353
:105B8000D1D16306CFD5002FCDD124F01104A4B21A
:105B90003A463B4640F206410C4262D124E024F0F2
:105BA0001004A4B20A2314F0800243D014F400714C
:105BB0001FBF0AF1070A2AF007029246516814BF74
:105BC0005AF8080B5AF8040B50EA01023ED124F0AF
:105BD000160B62061FFA8BFB3CD5002F3AD124F03E
:105BE0001704A4B23A463B4621075AD4E10705D52B
:105BF000994572DDA9EB03039F184B469B464AE08B
:105C000044F0100410237826CDE7782B04D1C6F198
:105C1000780343F01003C6E7009B414625209847D0
:105C20000028FFF65DAF02354146304670E6082396
:105C30000026B8E714F480715AF8040BC4D014F4A9
:105C400000711ABFC0B2114680B2BDE724F006044D
:105C50001FFA84FB04AC68E713465C46E10699D55D
:105C60002EB90133C0E71346F8E73B46F6E70233A7
:105C7000BAE700BFB3FC0100ACFC0100CDE9023281
:105C80004146009B202098470028FFF629AFDDE918
:105C900002320BF1010BD945F0DCEB1A03EB0B05DB
:105CA0005B46E10627D5CDE902324146009B302014
:105CB00098470028FFF614AFDDE902327EB90135BE
:105CC0002F44791B8A4229DB144604AE9CBB2A442C
:105CD000A9EB03091546914442E017468EE7CDE94A
:105CE0000232023541463046009B98470028DDE9E4
:105CF0000232E5DAF4E640F206410C42E0D014F05C
:105D0000020F14BF2B20202014F4806FCDE9023243
:105D100005F10105414618BF2D20E5E7CDE9023226
:105D20004146009B302098470028DDE9023205F10A
:105D30000105C6DAD4E6013CCDE90232305D009BB4
:105D4000414698470028DDE90232BFDAC8E6009BE9
:105D5000414620209847002805F10105FFF6C0AE16
:105D6000A9EB0503002BF2DCD7E500BF704702204A
:105D7000704700EBC100408840087047F8B5034603
:105D8000FFF7F7FFB0FA80F0C0F11F0003EB800CC3
:105D9000CA00DCF81060171D0C4606328DB256B9E9
:105DA000012101FA00F0D9680143D960CCF8104014
:105DB000DD539D52F8BDF1000431585AD85303EB1E
:105DC000C0009E52C5805D52F4E710B500EBC104DF
:105DD000E388994202F104010AD1012303FA02F295
:105DE000C36823EA0203C360002340F8213010BDDA
:105DF000A28840F8213000EBC20100EBC300CB8049
:105E00008280F4E708B50346FFF7B3FFB0FA80F2EB
:105E1000C2F11F021846BDE80840FFF7D6BF2DE9C2
:105E2000F843B1FA81F3C3F11F0200EB8209064681
:105E3000D9F810700D4687B9C3F120034FF0FF3435
:105E40009C40F3681C4014D094FAA4F2B2FA82F297
:105E5000131D56F82340214608E03C464FF0030846
:105E600021463046FFF785FFA84205D33046FFF7AD
:105E7000ACFF2046BDE8F88306EBC404B8F1010886
:105E8000E488C9F81040D7D0A742E9D1D4E738B5A3
:105E90000446FFF76EFF0D46034611462046FFF706
:105EA00068FF03449BB204EBC5055A006A80204694
:105EB000FFF75FFF014424F8313038BD70B5044668
:105EC000FFF757FF0B4604EBC305511A9B1A89B223
:105ED00003444E009BB204EBC2006E805D0045801F
:105EE00024F8321020461146FFF743FF014424F8FE
:105EF000313070BDF8B5002951D004680D1F2D1B3D
:105F0000EE0825F007056219538813F0010306D146
:105F100083F31188BFF36F8F0423184602DF3146E5
:105F20002046FFF726FF304434F83030C01A86424E
:105F300007D0002383F31188BFF36F8F0423184623
:105F400002DF538823F00103538031462046FFF7D8
:105F500010FF371804EBC7035B88DA0708D439460B
:105F60002046FFF74FFF3A4631462046FFF78FFFA6
:105F7000655B751B04EBC5035B88DB0709D4294609
:105F80002046FFF73FFF324629462046FFF77FFFB6
:105F90002E4631462046BDE8F840FFF7EFBEF8BD7B
:105FA00070B509B9002070BD056801F007030B3317
:105FB000CC0804EBD304AB689C4228BF1C462146A6
:105FC0002846FFF72CFF06460028EBD0014628465E
:105FD000FFF7CFFEA04207D932192846FFF76EFF20
:105FE00011462846FFF7CAFE05EBC6021046538845
:105FF00043F0010353800430D5E71146FFF7D0BFCB
:106000002DE9F84314464A4202EA010931EA020244
:1060100003460BD04A46042A4F4628BF0422A1EB70
:1060200009096CB900252846BDE8F883042904D87D
:106030002146BDE8F843FFF7B3BF00270422F0E78D
:106040001E68A9EB020204F0070302F007010B33FC
:106050000B44E10801EBD20101EBD301B368994293
:1060600028BF19463046FFF7DAFE80460028D9D00F
:106070003D1D05EBC00509F1FF3335441D44B5FB5B
:10608000F9F509FB05F5ED1B2C442B1F07349B1B71
:1060900024F00704A41BB0EBD30F4FEAD3074FEA59
:1060A000E40408D201463A463046FFF707FF41466E
:1060B0003046FFF763FE39463046FFF75AFE384454
:1060C000844207D230462246FFF7F8FE214630468A
:1060D000FFF754FE06EBC706738843F00103738095
:1060E000A1E7043A2DE9F843CC1D114424F007043C
:1060F00021F00706A6EB04084FEAD807B7FA87F2A3
:10610000C2F12405AD004FF000090735C2F12002AD
:10611000ED0804604946A760C4F80C90920004F1B1
:10612000100007F002F9AAB2530043F001036380A4
:106130007B1B9BB204EBC5015800A4F8009048807B
:1061400024F83520A6F8029024F8083004EBC703A1
:1061500029465A8842F001025A802046BDE8F84399
:10616000FFF70CBEF0B4D0E90032002AD1E90054A8
:1061700016DA002C08DA5F424FF0004666EB0206A2
:10618000BD4274EB06061ADB5B1942EB0402C0E960
:10619000003283688A6813448360F0BCEDF734BD35
:1061A00053EA0206F0D0012D74F10006ECDBDE4369
:1061B000AE426FF00046A6EB0206A641E3E70020E0
:1061C000F0BC7047002070470FB407B504A951F820
:1061D000040B0191EDF75EFC03B05DF804EB04B035
:1061E0007047092803D830300870002070470F2806
:1061F00001D85730F8E76FF015007047F8B54E003A
:106200000C46711C994217D8034615460719BB4224
:1062100004D1002302F814303046F8BD187829461E
:106220000009FFF7DEFF13F8010B691C00F00F00F7
:10623000FFF7D7FF0235EAE70026EDE70368002203
:106240000BB9184670478B4210D10B6842B94268AF
:106250000360914200D1436000230B60012070472E
:1062600013604368994208BF4260F5E71A461B680D
:10627000E6E7038B13F0070306D10368002B18BF72
:10628000032008BF00207047022B05D1408BB0FAD5
:1062900080F0400980007047012B04D10368002B77
:1062A00018BF0520EDE70020704710B50C4600B17F
:1062B00011B96FF0150010BD081D00F0C6F80028D8
:1062C000F9D1A368032BF6D9F3E72DE9F0410D4688
:1062D00007461946281D90461E4600F0CAF8044697
:1062E00038B13346424629463846A446BDE8F04117
:1062F0006047BDE8F08110B4EFF31182402484F3CD
:106300001288BFF36F8F416110BC0121EDF782BD90
:1063100038B50C46054658B151B10B6843B14B68CE
:1063200033B11C22002107F000F82C61002038BD99
:106330006FF01500FBE7F8B504460E46FFF7B5FF12
:10634000051E3BDBEFF31182402383F31288BFF37A
:106350006F8F638B278B4FF6FF718B4207F0070718
:106360002ED0062F2FD8DFE807F0182E082E18049D
:1063700018006FF08505002303E0013363830225D5
:10638000012382F31188BFF36F8FBBB100233A461C
:1063900031462046FFF799FF10E000233360636821
:1063A00023B9C4E9006627B13D46E4E71E60666094
:1063B000F9E702212046EDF72DFD3D462846F8BDC0
:1063C0006FF00A05D7E76FF00405D4E710B5EFF3D7
:1063D0001182402383F31288BFF36F8F048B04F084
:1063E0000704022C0AD0012C0CBF6FF004006FF0E0
:1063F000850082F31188BFF36F8F08E0438B013B68
:106400009BB2438323B92146EDF704FD204610BD1E
:106410002046EEE738B5A8B1A1B1EFF311854022CF
:1064200082F31288BFF36F8F048BFFF707FF30B141
:1064300004F0070085F31188BFF36F8F38BD6FF04C
:106440007700F7E76FF01500F8E7034640B14268C0
:1064500002F00302022A06D0032A04D0012A05D042
:106460006FF0150070471A68002AF9D00020986074
:10647000704710B54268816002F00302022A0346A9
:106480000AD0032A0BD10468002000225A6008B108
:10649000FCF7C8F9204610BD00680024F5E7002489
:1064A0002046F2E770B50C8806468888241A3069C1
:1064B000A4B2844285B224BF641BA4B22D1BA8B22F
:1064C000984228BF18463368234413600B8803445E
:1064D0000B8070BD70B4838985880669ED1AADB2F2
:1064E000731B934228BF134670BC0A46011DFFF779
:1064F000D9BF70B40E460146C58831F80A3FEC1A80
:10650000A3B2934228BF1346324670BCFFF7CABFFE
:1065100010B54B880C88E41AA4B294420ED31A44E6
:1065200092B28B884A800A800069D21A92B2824263
:1065300001D2002010BD03448B80FAE76FF01500F4
:10654000F8E72DE9F34106460F4615464FF00008DF
:106550002A4601A93046FFF7BDFF044640B1024676
:106560003946019806F0BAFE2D1BA0442744EFD10E
:106570004246311D3046FFF7CBFF404602B0BDE832
:10658000F0812DE9F34107460E4615464FF000080D
:106590002A4601A93846FFF7ACFF044648B12EB1A0
:1065A00002460199304606F099FE26442D1BA04470
:1065B000EED1424607F10A013846FFF7A9FF4046EF
:1065C00002B0BDE8F08170470B68834204BF01232D
:1065D0000B71704783685B6903B118477047836824
:1065E0009B6903B11847704708B54368197311B127
:1065F0001868FFF7F4FF002008BD10B5406824308C
:106600001C46FFF7BEFF2060002010BD07B5836861
:106610009B6C1BB9012003B05DF804FB01AA0421A7
:10662000984710F1580FF5D08630F3D00198003814
:1066300018BF0120EFE72DE9F04145681E462B7B8E
:106640000C46174693B101EB0208A04507D137600D
:10665000D5E90131012098470020BDE8F081286884
:1066600014F8011B83685B689847EEE705F110009A
:10667000FFF767FF05F1B80330600121BFF35B8FBF
:1066800053E8002F43E800100028F9D1BFF35B8FD7
:10669000002AE1D12868FFF79DFFDDE710B54068CB
:1066A00050F8804BFCF78EF82046FFF798FFA36860
:1066B0005B6A0BB120469847002010BD38B50446F0
:1066C000456B2868FFF7A2FF38B12046FCF77AF83F
:1066D0002868BDE83840FFF77DBF38BD2DE9FF478A
:1066E00005460C468368DB6B03B19847AB68DB6AF1
:1066F000002B32D14FF0000804F1240904F1280ADC
:10670000218E238D626B5B1A9BB2D31A934228BFF2
:106710001346514603AA4846FFF7C4FEAB68074636
:106720001B69002836D003997BB302462846984758
:106730000646002818BF48F0010832465146484630
:10674000FFF7E6FE0EB1BE42DAD0B8F1000F08D076
:10675000D4E901310020984703E0284698470028F3
:10676000C8D1AB68DB69F3B92846FFF74FFF08BB18
:106770002846FFF734FF40F6CD420023CDE9002341
:1067800004F18000FBF7E6FF11E06FF057064FF0D1
:106790000108D2E7002BD8D001220DF10B012846C9
:1067A00098470646CEE7284698470028DCD104B033
:1067B000BDE8F087628BE38A9B1A226A9BB2934200
:1067C00004F1100704F11A0828BF1346414603AA32
:1067D0003846FFF767FE064698B1AB680399DB6859
:1067E00063B1024628469847024641463846FFF7BD
:1067F0008FFED4E9013101209847D8E76FF05702A6
:10680000F3E72846FFF7EBFEC4F8B860F1E78268CB
:10681000002382F85C308268A2F856308268A2F8C1
:106820005430704710B50346BFF35B8F53E8000F39
:1068300040EA010243E80024002CF7D1BFF35B8F4C
:1068400010BD10B50346BFF35B8F53E8000F00EA9D
:10685000010243E80024002CF7D1BFF35B8F10BD89
:106860000EB403B503AA52F8041B0192EFF7C8F85F
:1068700002B05DF804EB03B0704708B510B1ECF757
:1068800028FC80B208BD00F52470FAF7A3BD4FF0D4
:10689000FF324FF0FF3300F52470FAF7D5BD00F555
:1068A000207019B14FF40061FFF7BCBF6FF40061B5
:1068B000FFF7C7BF00F5207019B14FF48061FFF7F3
:1068C000B1BF6FF48061FFF7BCBF08B500F51F7062
:1068D00029B10121FFF7A6FF00F0010008BD6FF00C
:1068E0000101FFF7AEFFF7E773B5044680680E4677
:1068F000154600F5217000220023CDE9002306F0A3
:1069000004FB58B1A06800F52170314606F0F9FA91
:1069100020462B4602B0BDE87040184702B070BD5B
:1069200038B50C46051EA06814BF0821012100F5EA
:10693000217006F0E3FA012D08D1A0684FF4007130
:10694000BDE8384000F52070FFF76CBF38BD08B5D2
:1069500000F52470FAF778FDB0FA80F0400908BD20
:1069600010B5044680684FF4807100F52070FFF781
:1069700059FFA3681B7D022B02D12046EEF7C2FB14
:10698000A0686FF48071BDE8104000F52070FFF73B
:1069900058BF10B504468068037D012B16D140F224
:1069A00067620023FFF7D3FF10B96FF00F0010BD2F
:1069B000204600F051FD6069EEF7C4F92046EEF77D
:1069C0007BFBA068FFF75FFF0020F0E76FF085001A
:1069D000EDE7F8B5044680681F46037D022B0D469F
:1069E000164607D0BDE8F8404FF4805100F52070FE
:1069F000FFF718BF40F267620023FFF7A8FF48B314
:106A0000A368D3F88022100508D49A6C32B9D3F861
:106A10007C32990602D5204600F03EFC3B463246C9
:106A20002946204600F097FCA368D3F8802212057F
:106A300008D49A6C32B9D3F87C329B0602D5204632
:106A4000EFF7D8F9606900F097F8A068BDE8F84062
:106A5000FFF719BFF8BD0CB407B504AB53F8042B0E
:106A60000193FFF7B6FF03B05DF804EB02B0704787
:106A70000EB403B503AB022153F8042B0193FFF7C7
:106A8000A8FF02B05DF804EB03B070470EB403B585
:106A900003AB082153F8042B0193FFF79AFF02B0D0
:106AA0005DF804EB03B070470EB403B503AB0321EC
:106AB00053F8042B0193FFF78CFF02B05DF804EB51
:106AC00003B070470EB403B503AB012153F8042B98
:106AD0000193FFF77EFF02B05DF804EB03B070474F
:106AE00070B504460D4699B10846FFF7C6FE40F260
:106AF000676206460023A068FFF729FF10B96FF010
:106B00000F0070BD731C142B05D9A068FFF7BBFEE6
:106B10006FF01500F5E72946A068ECF7D2FAA368F4
:106B200083F83C60A068FFF7AEFE0020E9E710B5EF
:106B300040F26762044600238068FFF708FF38B11F
:106B40002046EEF7C7F8A068BDE81040FFF79BBEEF
:106B500010BD18B18368D3F8AC0270476FF0150010
:106B6000704710B48468A1648368DA6411B910BCFA
:106B7000FFF74DBE10BC704710B5026983681268FC
:106B800001680446C0689847236900221A6010BD56
:106B900038B5CB681B7C022B05460C4604D10A286D
:106BA00002D10D20FFF7F4FF236922681B68D5543A
:106BB000226913680133136023691A6863689A4273
:106BC00002D12046FFF7D8FF002038BD08B510B12C
:106BD000ECF77FFA80B208BD2DE9F74F824601A895
:106BE0000D4616461F46FAF785F8804601984FF085
:106BF000000900EB4818804501D8002028E04FB973
:106C0000DDF804B0DBF8004084B9019C04F12000F9
:106C10000190F0E7012F04D005F01CFC0028EFD014
:106C2000F3E705F017FC0028EAD1EEE72378002B04
:106C3000EBD04DB12846ECF74CFA214602462846E7
:106C400006F09CFB0028E0D12EB9D14508D101986F
:106C500003B0BDE8F08F5846B0470028F5D1D4E71F
:106C600009F10109D1E710B5047B4389224421448D
:106C7000B2FBF3F003FB1022B1FBF3F003FB1010A7
:106C8000101A10BD10B5047B438921441019B1FBC3
:106C9000F3F1B0FBF3F0401A10BD30B5057B43892A
:106CA0002944B1FBF3F403FB141101312A440134EC
:106CB0000180B2FBF3F103FB1122848001324C1CF2
:106CC000C480428030BD2DE9F74F00260746884634
:106CD000144699460660B2462378002B00F09F8048
:106CE000202B23D0093B042B20D93B685A1C3A6047
:106CF00048F823403B684B4500F0918000262578FA
:106D0000002DE9D0002E7BD1272D03D05C2D10D093
:106D1000222D6BD12046FFF759FF611C0246204609
:106D200006F0EAFA2E46A3465C46E8E704F801AB13
:106D3000D2E704F1010B2046FFF748FF594602460F
:106D4000204606F0D9FAEFE75C2D56D162789642DC
:106D5000F1D0302A21D102230025E25CA2F13001DA
:106D6000C9B2072916D8ED000133EDB2052B45EA6B
:106D70000105F2D1591E2144204601930091FFF7ED
:106D800025FF019B0099023BC21A204606F0B4FA87
:106D90002570C9E7DBB2022BECD1782A2DD1022174
:106DA0000025635CA3F13002D2B2092A08D82D0174
:106DB000EDB215434B1C042B4FF00301DAD0F0E782
:106DC000A3F16102052A05D82D01EDB2573B1D4301
:106DD000EDB2EFE7A3F14102052A03D82D01EDB290
:106DE000373BF4E7022908D00323C3E7202D3FF403
:106DF00073AF093D042D7FF66FAF04F1010B93E7EC
:106E0000B54204F1010B9FD12046FFF7DFFE594642
:106E10000246204606F070FAA346002684E7304674
:106E200003B0BDE8F08FF8B50E461146074615468B
:106E300006F0D5FA0446E0B12846FFF7C7FEA742A0
:106E4000054607D214F8013C202B02BF0135ADB234
:106E500004F1FF342046FFF7B9FE3388421C5B1B68
:106E6000521B33806119204692B2BDE8F84006F00B
:106E700043BAF8BD2DE9F0410F4686B016460446E8
:106E800070B1034601AC00F110051868596822463C
:106E900003C20833AB421446F7D11868106001AC46
:106EA0004FF00008414632462046EEF7BDFD08F19E
:106EB0000108054628B129683846ECF7F8F800289B
:106EC000F0D1284606B0BDE8F0812DE9F0471C4618
:106ED000DDF820809DF8249000230F46164623609D
:106EE0002368BB4205461BD256F8230000F06DFC18
:106EF0002368824618B1013323602846F0E756F82C
:106F0000231042462846FFF7B5FF48B123685A1CB4
:106F10002260B9F1000FE3D08045E1D123605546EE
:106F20002846BDE8F08770B50546FFF74FFE0446DA
:106F300028B12B460026621E591B8A4200DC70BD18
:106F400013F8012B202A02D0093A042AF3D8591B3E
:106F500089B28AB29442EED96A5C202A02D0093AF8
:106F6000042A03D80136B6B20131F2E7002EE2D08E
:106F70008AB2A21A18460132294406F0BDF9A41BB0
:106F80000346A4B2D6E7F8B5846894F85C300646A8
:106F90002BB9B368B3F85420A3F85620F8BD04F118
:106FA0005C00B4F85430C21812F8012C202A1CD00E
:106FB000093A042A19D90022C25413461D46013346
:106FC000425D202A9BB200EB0501F7D0093A042A62
:106FD000F4D9002DDDD0B4F854707A1C521B7F1BFD
:106FE00006F08AF9A4F85470D3E7013B9BB2A4F8E9
:106FF0005430002BD5D184F85C30CAE700231A4600
:10700000FFF7EABD02230022FFF7E6BD2DE9F74FA7
:10701000054601A8F9F76EFE019C04EB40180DBB74
:107020000024204603B0BDE8F08F266876B13046D4
:10703000ECF74FF807462846ECF74BF8874205D1A6
:1070400031462846ECF733F80028EAD0E3693BB133
:107050001B682BB1D3F800909A4600264E4504D108
:1070600020340194A045E0D8DAE75AF804BF584626
:10707000ECF72FF807462846ECF72BF8874205D1A6
:1070800059462846ECF713F80028CAD00136E5E740
:107090000EB403B503AA52F8041B0192EEF7B0FC3C
:1070A00002B05DF804EB03B0704710B50446ECF78E
:1070B00010F8B4F8543013FA80F038B1638FB0FB95
:1070C000F3F203FB1200B0FA80F0400910BD38B5AE
:1070D00084682046EBF7FDFFD4F87C52B4F85630B4
:1070E000C5F3400580B205FB0300638FB0FBF3F2EC
:1070F00003FB1200B0FA80F0400938BD10B5044619
:10710000FFF7E5FF18B9A068FFF7CFFF20B160696E
:10711000BDE81040EEF7F6BC10BDF8B58468054632
:10712000B4F85420B4F8561004F13000FFF7B5FD60
:10713000A868A78EE68EFFF7B8FF10B16869EEF772
:10714000E1FCB74207D1218E638E2846C91ABDE8FB
:10715000F840EEF7F3BCE18EA38E2846C91AEEF78D
:10716000D7FCF0E7F8B5044680680D46B0F8561035
:10717000B0F8542030300D44FFF78FFDA068ADB259
:10718000B0F856102A463030FFF77CFD0746A0685D
:107190002A46B0F856103030FFF765FD79420646B2
:1071A0002046EEF7B5FC31462046EEF7C7FCA36853
:1071B000A3F85650F8BD2DE9F0410C1E064633DA0F
:1071C000644224B24FF0FF35A4B2AFB213E0B3680B
:1071D000B3F856C0B3F8548003F15C0E6146002248
:1071E00069B96B1C22D1A1EB0C0109B23046FFF743
:1071F000B9FF013CA4B2002CE9D1BDE8F08188457B
:1072000001D1012DEFD01EF8013023F020004138CC
:10721000192807D9303B092B04D9002AE3D1394476
:1072200089B2DDE70122FAE70125CDE7B8F1000FC9
:10723000E9D1D8E78368B3F85610494209B2FFF79D
:1072400091BF8368B3F85410B3F85630C91A09B225
:10725000FFF788BF8368B3F856301BB14FF0FF319A
:10726000FFF780BF70478368B3F85620B3F85430F7
:107270009A4202D20121FFF775BF70478268B2F8C7
:107280005610A2F854108368B3F856201344002215
:1072900083F85C20EEF72ABC10B504468068B0F88D
:1072A0005420B0F856103030FFF7F7FCA368198E61
:1072B0002046C1F10101EEF741FCA368998E2046FA
:1072C0000139EEF725FC2046BDE81040EEF70EBC74
:1072D0002DE9FF4105460F4614460026A4B904B027
:1072E000BDE8F081D3F880229205FBD5BFF35B8F18
:1072F00003F5207353E8001F21F4007143E80012E6
:10730000002AF7D1BFF35B8F686803682246D3F881
:107310000C80B91903ABC047039A1644A41A002A7B
:10732000DCD1AB68197D0329EED00229DAD84FF001
:10733000FF304FF0FF31CDE90001082103F5217046
:1073400005F0E3FDA86800F52170082105F0D9FDDE
:10735000DAE7FFF7BDBF114640691A46EEF750BBAA
:107360000CB407B504AA406952F8041B0192EEF769
:1073700047FB03B05DF804EB02B070472DE9F04124
:107380008768B7F85460B318FF2B05468846144643
:1073900026DCB7F85630F61A5C331F44B6B23246D4
:1073A0003946381905F0A8FF22464146384605F00F
:1073B00095FFAA68B2F854302344A2F85430AB6861
:1073C000B3F854201344002283F85C20AB68D3F850
:1073D0007C12890706D4B3F856201444A3F856400B
:1073E000BDE8F08131462846BDE8F041EEF75CBCCF
:1073F000FFF7C4BF38B505468068B0F85620B0F82E
:107400005440A41AA4B29CB15C321044411C2246E0
:1074100005F072FFAA68B2F85430013BA2F854306C
:10742000611E28460122BDE8384089B2EEF73CBC17
:1074300038BD10B58368B3F8542004465AB1B3F888
:10744000563043B14FF0FF31FFF78CFE2046BDE8C8
:107450001040FFF7CFBF10BD70B592B000230546B6
:1074600001934FF47A746868036840221E6902A988
:1074700001ABB047019B13B108B9013CF3D112B085
:1074800070BD78B10378C42B0BD143780B2B08D196
:107490008378D22B05D1C078A0F186035842584199
:1074A0007047002070470EB403B503AA52F8041BBE
:1074B0000192EEF7A5FA02B05DF804EB03B0704755
:1074C0002DE9F843054688461746002418F804308D
:1074D000202B21D0093B042B1ED94046EBF7F9FDA8
:1074E000AB68598F80B2001BCB1B984208EB040994
:1074F00014D94846002610F8012B202A06D0A2F104
:10750000090CBCF1040F02D80A2A2DD03346BA194F
:10751000914228D90136EEE70134D7E74B460026E1
:10752000B04208D168694946FFF7BDFF6869BDE808
:10753000F843EEF779BC13F8012B0A2A11D16869D8
:10754000FFF71AFB324649462846FFF7C1FE0134D1
:1075500034446869EEF768FC39462846EEF7EEFADF
:10756000BBE70136DCE71E466869FFF705FB3246DC
:1075700049462846FFF7ACFE344418F80430202B67
:1075800002D0093B042BE4D80134F6E70020704711
:1075900083690020186070470EB403B503AA52F83F
:1075A000041B0192EEF72CFA02B05DF804EB03B075
:1075B000704708B50168FFF793FA002008BD83689B
:1075C000BFF35B8F03F51F7353E8001F41F0020107
:1075D00043E80012002AF7D1BFF35B8F0020704709
:1075E0008368BFF35B8F03F51F7353E8001F21F01F
:1075F000080143E80012002AF7D1BFF35B8F002097
:1076000070478368BFF35B8F03F51F7353E8001F58
:1076100021F0100143E80012002AF7D1BFF35B8F7D
:10762000002070478368BFF35B8F03F51F7353E837
:10763000001F21F0200143E80012002AF7D1BFF318
:107640005B8F002070478368BFF35B8F03F51F7368
:1076500053E8001F21F0020143E80012002AF7D18D
:10766000BFF35B8F002070478368BFF35B8F03F528
:107670001F7353E8001F41F0080143E80012002A7D
:10768000F7D1BFF35B8F002070478368BFF35B8F38
:1076900003F51F7353E8001F41F0100143E8001287
:1076A000002AF7D1BFF35B8F002070478368BFF3D8
:1076B0005B8F03F51F7353E8001F41F0200143E87F
:1076C0000012002AF7D1BFF35B8F00207047002320
:1076D000C360704770B51546C4681E46F1B13CB929
:1076E000034653F8044F9C4209D10020308070BDFE
:1076F0008368A34202D10023C360F6E72468C46014
:10770000002CF2D0228904F10A01284605F0E6FD9A
:10771000238933800022EA540120E8E7002CE4D0DA
:1077200043689C42E7D06468E9E72DE9F843002309
:1077300004468846C360164622B3071D4068874248
:1077400000D0B8B906F10A09206800220023494692
:10775000F9F71EFC0546B8B963689F4212D0A168CC
:10776000D1E9003213605A60C1E90000206804F0DA
:10777000D1FEE9E703899342E4D10A3005F0E1FD47
:107780000028DFD1BDE8F8830681324641460A3041
:1077900005F0A4FD6368C5E900375D606560F1E749
:1077A00070B50446061D00256368B34202D100236C
:1077B000E36070BDA168D1E9003213605A60C1E98D
:1077C0000055206804F0A6FEEEE710B5044628B187
:1077D000EBF77FFC002380B2984201D8002010BD57
:1077E000E25C3F2A03D02A2A01D00133F4E70120CA
:1077F000F5E710B5044680684FF48072002100F56B
:10780000AE7005F092FDA068B0F8542000F15C0164
:1078100000F5AE7005F062FDA06800F5AE70FFF7F0
:1078200082FBA46804F5AE70EBF753FC0130A4F8BA
:10783000580010BD10B504468068B0F8582000F517
:10784000AE715C3005F04AFDA368B3F85820A3F888
:10785000542010BDFEE7704705F067BD05F03EBD42
:1078600001460068EEF7C6BE08B5EEF7F3FEBDE8C8
:107870000840EFF76FBA00210120EEF7BBBE38B524
:1078800004460D4611461A46EEF77EFE2046049A3F
:107890002946EFF7C9F9204638BD6FF085007047DB
:1078A00061B662B680F31188BFF36F8F704772B60E
:1078B000002383F31188BFF36F8FBFF34F8F30BF67
:1078C00062B6BFF36F8F704772B6002383F31188DF
:1078D000BFF36F8FBFF34F8F20BF80F31188BFF3CB
:1078E0006F8F62B67047202809D9B0F1004F08D8D1
:1078F0000138B0FA80F0C0F11F0040007047082046
:1079000070473E20704708B5EFF722FC08B5D1E973
:1079100004319847002008BD0B0704D5A0F14103AE
:10792000192B98BF2030704707B5134640220092AC
:107930000A46EFF72DFC03B05DF804FB7047002307
:1079400003824369C3607047416A8968EFF7F0BEFC
:10795000027A013202727047034618465B68002BB8
:10796000FBD17047426810B52AB10B461C465B68D4
:10797000002BFBD16260416010BD10B508B14B68AF
:1079800043604C68002308464B60EFF74FFF2046EA
:1079900010BD83680B4403607047838802681944F4
:1079A0008180D018704730B484880568A31883801C
:1079B000281930BC05F092BC10B5838802685C1CA5
:1079C0008480D154D01810BD30B5838802689D1CC6
:1079D000D4188580D154090A617030BD83885B1A40
:1079E0009BB283800068184470478288521A03460D
:1079F000828000680844186070474FF0FF324FF0F3
:107A0000FF330430F9F7F2BBF9F762BC90F86C0071
:107A1000C0F341107047F8B504461E460D461746A0
:107A2000FFF7EBFF94F86C309B0715D425B1012DBF
:107A300010D06FF0150508E0216F0029F9D09DF8EE
:107A400018300F714E718B710025201DFFF7DCFF80
:107A50002846F8BD616FF0E76FF07705F5E790F81D
:107A60006C00C0F38000704738B50446FAF760FA3E
:107A70002046FFF7C2FFA06940B96FF01205201D34
:107A8000FFF7C2FFFAF768FA284638BD94F86C3061
:107A9000DB0716D404F0DEFC0028EED02046F0F719
:107AA0003DFD05460028EAD10146242204F12800C4
:107AB00005F03BFC94F86C3043F0010384F86C3023
:107AC000DDE76FF07705DAE770B50446FAF730FACC
:107AD0002046FFF792FF94F86C30DA0731D5C3F3F4
:107AE00040019B0730D4A06901F078FE0646A069EA
:107AF00001F004FF0546B0B9A36F4BB131462046F3
:107B000000F08DF90546A8B1A06901F023FF0AE055
:107B1000A06901F09BFEA0670028EFD1A06901F0E9
:107B200019FF6FF00B05201DFFF76EFFFAF714FA2F
:107B3000284670BD94F86C3043F0020384F86C3032
:107B4000F1E74FF0FF35EEE76FF07705EBE7024620
:107B5000034652F8640F90420BD100207047027A1E
:107B60008A42FBD09A6E8242F7D000680028F6D194
:107B700070470028F3D1704738B504460D46FFF72B
:107B80003CFF94F86C30DB0718D42B690BB9EB6819
:107B9000BBB1636E1BB904F16403C4E919332B68EC
:107BA00093B9A26E04F16401C5E900121560A566DF
:107BB0001D46201DFFF728FF284638BD4FF0FF3532
:107BC000F7E76FF01505F4E76FF07705F1E710B50B
:107BD0000446034654F84C0FA0420DD100200DE09E
:107BE000447D8C4204D1032909D1047A944205D002
:107BF0001C6D8442F2D000680028F1D110BD0F291D
:107C0000F5E72DE9F04105460C46061D4FF0FF3221
:107C10004FF0FF333046F9F7E9FA2F6F002F6DD0A0
:107C200095F86C30DB0769D4EB6C1BB905F14C039C
:107C3000C5E913332368002B63D1637D0F2B09D172
:107C4000237A012B0CD02B6D05F14C02C4E90023E3
:107C50001C602C65637D032B0FD04FF0000806E0FD
:107C6000E1682846FFF788FF80460028EBD03046C1
:107C7000F9F72EFB4046BDE8F081EA6C05F14C00B7
:107C800090421ED1002329E091F815C0BCF1030FEA
:107C900010D0013323724B68C4E900131C604C60A0
:107CA000637A022B24D0032B25D0012BD5D1237A44
:107CB000BB73D2E791F808C00CF1FF3C6345E8D1F3
:107CC0001268002ADED0517D2B6D03290DD19A4216
:107CD000137A02D011680029D6D1013323722B6D9B
:107CE000C4E900031C602C65DAE79342E8D1C9E7D8
:107CF000237AFB73B1E7237A3B74AEE74FF0FF388A
:107D0000B5E76FF07708B2E70346006800B1187A6C
:107D100070478388C2888168D21A03685B1AD01AB8
:107D200070470346C08808B11878C009704770B51D
:107D30000C46154600F0ECFA40B1406883681B68B9
:107D400023B12A462146BDE87040184770BD38B5BA
:107D500080210446806901F09CFD054650B1014632
:107D6000204600F07EFC044610B12846EFF75EFD89
:107D7000204638BD6FF00B04FAE738B50446806F33
:107D8000FFF7E6FD0546FFF7DAFD2046294600F03D
:107D900068FC044610B12846EFF748FD204638BD80
:107DA000F8B50446866803690D461746BFF35B8F36
:107DB000D3F8A030BFF35B8F9B070ED5B36A7BB1BE
:107DC000F36B9847B36A29463A4620469847336C86
:107DD0000546204698472846F8BD4FF0FF35FAE79C
:107DE0006FF08505F7E770B50446866803690D46B0
:107DF000BFF35B8FD3F8A030BFF35B8F9B070BD52E
:107E0000F36B9847736A294620469847336C0546BA
:107E100020469847284670BD4FF0FF35FAE710B569
:107E2000044619B9002084F8300010BDFFF7A5FF03
:107E30000028F7D0F9E738B590F83030022B0D461E
:107E400004D100F060F908B1C46804B938BD2B78DA
:107E5000032B05D0052B0ED0022B08D02468F4E7A5
:107E6000606883685B69002BF8D09847F6E7606824
:107E700083689B69F7E760688368DB69F3E7012241
:107E800070B515460B685BB302F07F04103423FA1B
:107E900004F6F60710D5036823FA04F6F60702D4B1
:107EA0006FF0150070BD05FA04F423EA04030360C3
:107EB0000B6823EA04030B60D340DE070DD503688B
:107EC00023FA02F4E407EBD505FA02F423EA0403EB
:107ED00003600B6823EA04030B600132102AD1D13E
:107EE0000020DFE72DE9F04F8369026F1B6993F8EB
:107EF0008030C3F34113022B8FB081460ED0032B89
:107F00000ED0012B0CBF10230823D371D9F8548055
:107F10000026B8F1000F05D14046AEE02023F4E77B
:107F20004023F2E7D8F80430D8F80C4003930C96BD
:107F300004967CB9049B039A09339BB293701B0A85
:107F4000D3701671D8F80C40002C40F0B080D8F8EF
:107F50000080DDE7606883681B6B00250D95002BB2
:107F600000F0A38029469847002800F09E80C4E9CD
:107F70000355A0F1040B35465BF8043F0BB11A78AA
:107F800022B9B5427CD86FF0150076E05A780B2AFA
:107F900008BF9D70DBF800305A78042A10D1E268DF
:107FA0000D990A43E260DA78002A57D19D7023695F
:107FB0000122AA40134301352361EDB200230D9342
:107FC000DBF800707B78052BD6D1D9F818300893F0
:107FD0006FF012004FF0010A7A793B7943EA0223ED
:107FE000ADF82E300C9B069397F90230069A002BC1
:107FF0005FFA8AF1BBBF41F080014BB24FFA8AF3BE
:108000000793B9BF21F08003103307935346DA403A
:10801000D2072AD40D9A059222FA03F3DB0724D45F
:10802000BB79FA78089800930DF12E03099101F0BD
:1080300056FA0999C8B9079BB970002BBCBF21F04B
:108040008001103101238B4006980599BDF82E2040
:10805000BA8019430343CDE90C318DE76A1E9A704B
:108060000DA90CA8FFF70BFFA8E70AF1010ABAF166
:10807000100FB1D100283FF47FAF0FB0BDE8F08FF3
:10808000E3680D9A1343E360606883689B6AD3B129
:1080900098470028F1D10146606800F000F9049B80
:1080A0002468034404932E4643E73546ECE7E3682F
:1080B000A36004F10C010CA8FFF7E1FE00287FF497
:1080C00062AF246840E76FF08500D6E74FF0FF32DB
:1080D0004FF0FF330430F9F789B8F9F7F9B821B157
:1080E00001290DD000231B68FFDE5430006848B121
:1080F00043685B79934205D000680028F8D1704747
:108100005C30F3E7704710B590F83030022B04462E
:1081100009D1FFF77BFC94F8382001462046BDE8E2
:108120001040FFF7DCBF002010BD08B5FFF7D7FFF8
:10813000003818BF012008BD2DE9F04104460E4665
:10814000FFF764FC94F838308046CBB9002E3BD062
:10815000324641462046FFF7C2FF0746A8B1024615
:10816000204600F0D4F9054688B984F83860FC68E8
:1081700064B3606883681B6A03B198472468F7E7B3
:108180002046FFF7C0FF074620B96FF03C052846A0
:10819000BDE8F0810146204600F08FF91022054627
:1081A000002104F13A0005F0C0F8002384F83830CB
:1081B000FF6817B9002DC9D0E9E7786883685B6A62
:1081C00003B198473F68F4E784F838600025DEE79C
:1081D000F8B504460E4657681546FFF777FF94F842
:1081E0006C30D9074BD4012E4CD0FB799A0605D5BB
:1081F000A3691B6993F880309B0743D5002E41D1BA
:10820000E36D53B9626D62B9236F6A685B7C0133B9
:10821000DBB25371226F53740EE09D4235D01B6860
:10822000EFE7954225D12A68EBB9A36D62659D42BF
:1082300000D1A26500232B60A96841B12046FFF759
:10824000E0FC064650B9A868FFF75EFDB871002350
:108250002B60A36D83B9C4E915550026201DFFF7D7
:108260003CFF3046F8BD1A60A26D954208BFA36579
:10827000E0E713461268C6E71D60A565EDE76FF0FD
:108280000F06EBE76FF08506E8E76FF01506E5E708
:108290004FF0FF324FF0FF330430F8F7A7BF08B5B7
:1082A00083681B6B0BB198470346002023B153F83A
:1082B000042B0AB1127802B908BD1044F6E710B5D4
:1082C0001C46FFF70CFF48B10122C06802FA04F314
:1082D00020B10269134201D10068F9E710BD10B561
:1082E0000C46FFF710FF48B10123C06803FA04F100
:1082F00020B10369194201D10068F9E710BDD1F836
:108300001A0083681B6903B118476FF08500704736
:1083100070B501F07F0311F0800F18BF10330125F5
:108320009D4090F83030022B044601D0002070BDF3
:1083300090F83860FFF76AFB324601462046FFF7A7
:10834000CEFE0028F2D0C0680028EFD083681D421E
:10835000EDD10068F8E738B50C46FFF7D4FE80B1E0
:10836000C06870B14368DA681AB111790023994284
:1083700001DC0068F5E71568ED5CA54201D001332A
:10838000F5E738BD2DE9F04105461E460846002AAE
:1083900045D1F0F7DBF80446002840D02846FFF727
:1083A00077FF95F86C30DA0730D4676804F1140869
:1083B000BFF35B8F6369BFF35B8FDB0729D47B68F7
:1083C0000BB19D4225D1324600212846FFF787FE9A
:1083D00010B3002323600369ABB9C0E90344BFF3C2
:1083E0005B8F58E8003F43F0010348E80032002A61
:1083F000F7D1BFF35B8F00247D60281DF8F768FF7D
:108400002046BDE8F0811C600461E8E76FF00F04CE
:10841000F3E76FF07704F0E76FF03C04EDE76FF0FF
:108420001204EDE72DE9F8434C689DF820900D46C5
:10843000984606461746FFF7E9FAA3681B6B014604
:108440001BB96FF01500BDE8F88320469847002857
:10845000F7D0041F0C35002054F8041F09B10B7825
:108460002BB9002814BF00206FF03C00EBE74B78DD
:10847000042B0BD1F8B98B784345EDD1CB784B4524
:10848000EAD10B79002BDED00120E5E7052BE3D103
:108490000028E1D0012F07D0022FF5D18978B069EB
:1084A0002A4600F0C3F803E0B0692A4600F0A2F8BB
:1084B0000028E9D0C7E70020C5E7F8B5CC68064634
:1084C0000CB9204622E004F10C070125E268AAB1AC
:1084D00065F07F03D9B203F07F031033DA40D2078F
:1084E0000ED4E368EB40DB0705D5B0693A46E9B244
:1084F00000F09CF850B90135102DE7D12468DFE772
:10850000B0693A4600F092F80028EAD0F8BD2DE9AB
:10851000F3475768002497F8058005460E46A146A4
:108520003B79A34203DC002002B0BDE8F0875FFA8C
:1085300084FA3146534642462846FFF7C0FE0146BC
:1085400050B1CDF80090534601222846FFF76AFF4C
:108550000028E9D10134E3E76FF03C00E4E72DE9BE
:10856000F74380460D461746FFF7B9FE064628B981
:108570006FF00104204603B0BDE8F0830F2DF7D85B
:1085800008EB0509014699F83A4000972B4600226E
:108590004046FFF747FF0028EAD100942B4602220D
:1085A00031464046FFF73EFF04460028E2D10097DF
:1085B0002B46012231464046FFF734FF044600288F
:1085C000D8D1706883685B6813B13A4629469847EA
:1085D00089F83A70CEE711F0800F18BF21F08001C2
:1085E00002684FF0010318BF10318B4022EA0303E9
:1085F0000360704737B58B7900938B880C4615461E
:10860000CA78897800F0E4FF70B994F90230A17853
:108610002A68002BB8BF21F080014FF00103B8BFDA
:1086200010318B4013432B6003B030BDF8B50646C4
:108630000D46174601F014F8044658B92946384645
:10864000FFF7C9FF2946304601F0DFF8044608B9B4
:10865000F9F7B4FC2046F8BD0A468069802101F094
:1086600004B92DE9F0410B7E0C46590605462ED182
:1086700023B3FFF7F4F970BB2846D5F87080268A3B
:10868000EF8DFFF7C3F9F8B1421E534253419B01EE
:10869000228A9AB1BE42E98D324628BF3A469142BB
:1086A0000CD9B2FBF3F103FB11223AB994F918305B
:1086B000002BBEBF637E43F008036376A8692146A2
:1086C000BDE8F04101F044B898F80730E0E76FF0FA
:1086D0001500BDE8F0814FF0FF30FAE74368986974
:1086E000F0F74CB970B591F918304668002B054683
:1086F0000C4607DBC4F81A50B0692146BDE870404B
:1087000001F026B83046FFF7AAF90028F2D04FF062
:10871000FF3070BD806901F0CDB838B5054680697D
:108720000C4600F0B9FF60B914F0800F18BF24F0B8
:1087300080046A6B4FF0010318BF1034A340134349
:108740006B6338BD70B5054680690E4600F0CFFFFB
:10875000044620B9314605F13400FFF73CFF2046BE
:1087600070BD0B0648BF21F08001406B48BF10313F
:10877000C84000F00100704782B0C3698DF8001056
:1087800001922BB102AB13E9060002B0EFF738BF3C
:1087900002B0704782B0C3698DF8001001922BB10E
:1087A00002AB13E9060002B0EFF72ABF02B0704730
:1087B000704703695B68D868704743680361037A50
:1087C00063B1012B0CBF022303234375437A5A1E66
:1087D000032A05D8DFE802F0050505050123F4E7C3
:1087E00000230375837A062B09D0072B09D0052BAC
:1087F0000CBF002303238375837EC3757047012359
:10880000F9E70223F7E7036993F8400030B1DA6B28
:108810009388918910695B1A9BB2C01A70470369EB
:1088200093F838007047036993F8402012B993F821
:1088300038007047012070470369C3E90712704789
:108840000229036907D0042907D0012907D11B6930
:108850001360002070471B7EFAE75B7EF8E76FF03D
:1088600085007047BFF35B8F0068BFF35B8F0841E3
:1088700000F00100704703691B69BFF35B8F883309
:1088800053E8001F41F0020143E80012002AF7D12B
:10889000BFF35B8F704710B50469606BFDF771FE25
:1088A00010B1012384F8393010BD10B50469606B34
:1088B0004289C3889A4202D14FF0FF3010BD012295
:1088C000FDF75FFE0028F7D004F17800F8F722FFEB
:1088D0000020F3E738B50469EFF31185402383F3F3
:1088E0001288BFF36F8FE06BFDF72BFE85F31188C5
:1088F000BFF36F8F10B1012384F8413038BD38B514
:10890000034640681B695D68AC68A37A84F822302E
:1089100094F82D3084F82330696841B1237C33B951
:10892000FFF76FF918B96868FFF7EEF920740020B7
:1089300038BD01238B40DB43BFF35B8F50E8002F32
:108940001A4040E800210029F8D1BFF35B8F70473F
:10895000006902218830FFF7ECBF006903218830ED
:10896000FFF7E7BF08B50369186900218830FFF7F2
:10897000E0FFBDE808400121FFF7DBBF036918698C
:1089800001218830FFF7D5BF2DE9F04750F8483C6A
:1089900000F140045B68064600212046D3F80090B1
:1089A000FFF760FF002850D001212046FFF75AFF53
:1089B0000746002849D1BFF35B8F54E8003F43F0DE
:1089C000200244E800210029F7D1BFF35B8F9B060A
:1089D0003BD4D9F810305B689B68402293F836107E
:1089E0004846FFF77BFE054650B920460521FFF7B4
:1089F000A0FF30462122BDE8F0470023F8F7FABE79
:108A00008246428A5AF80C1F56F80C0CFDF7B9FD45
:108A1000804601465046FEF7C0FFB8F1000F04D073
:108A200008F03F08B8FA88F77F0906F82D7C294638
:108A30004846FFF757FE40B12846EEF7F7FE2046BE
:108A40000521BDE8F047FFF774BFBDE8F087402976
:108A50007FB534D00DD8102933D006D801296BD07A
:108A6000082930D06FF0150426E02029FAD104231C
:108A700008E0B1F5807F28D0B1F5007F27D08029AC
:108A8000F0D1102304699BB2E18912B30B4342F287
:108A9000A1014FF40032E381CDE901120669ADF87E
:108AA0000C3043681C6806F1880300211846FFF764
:108AB000D9FE88B96FF00C04204604B070BD0823BD
:108AC000E0E70223DEE70123DCE72023DAE74023A7
:108AD000D8E721EA0303DAE701211846FFF7C2FECF
:108AE0000028E7D123695B689B680A2293F8261067
:108AF0002046FFF7F3FD0546D8B10A2201A90C3044
:108B0000FEF751FF20462946FFF7ECFD044618B159
:108B10002846EEF78BFECFE74FF0FF324FF0FF33E2
:108B200006F18C00F8F790FC0B3008BF6FF08B0457
:108B3000C2E76FF00B04BFE70024BDE7F8B50D46B0
:108B4000016947680C6949682B7E8968064691F877
:108B50003D102AB3994204D1042104F18800FFF7A3
:108B6000E8FE33692A7E5B689B6893F836309A4248
:108B700004D1052104F18800FFF7DBFE33692A7E6A
:108B80005B689B6893F826309A4203D104F18C000D
:108B9000F8F780FC29463846BDE8F840FFF7BABD33
:108BA000994214D12A8AE968606BFDF7CAFC28B1A2
:108BB000E3691BB104F12400F8F7ACFD04F188006F
:108BC0000421FFF7B6FE04F17800F8F7A3FD33693E
:108BD0002A7E5B689B6893F836309A4215D1E36928
:108BE0001BB104F12400F8F795FD052104F188007C
:108BF000FFF79FFEE36B5A89DB889A4205D000227B
:108C0000002304F14800F8F7F5FD33692A7E5B681C
:108C10009B6893F826309A42BCD104F18C00F8F797
:108C2000D9FBB7E738B550F8083C0446002B4FD0C5
:108C300050F8243C5B6800F164051A6800238382C5
:108C4000838302212846FFF70DFEB8B154E90231B3
:108C500010699847637D1BB104F15400F8F75AFD81
:108C600005212846FFF7FEFD98B9637F6BB100220E
:108C7000002304F12400F8F7BDFD0AE00321284693
:108C8000FFF7F0FD0028E1D1E4E714F8093C002BE0
:108C9000EDD102212846FFF7E5FD38B123695A8955
:108CA000DB889A4202D02046F8F734FD032128469B
:108CB000FFF7D8FD60B1A2699388918912695B1AA8
:108CC0009BB29A4204D02046BDE83840F8F722BD56
:108CD00038BD38B550F8783C5B681D6800F110036A
:108CE000024600211846FFF7BDFD002836D00121BD
:108CF0001846FFF7B7FD88BB52F8441C8A8888895C
:108D00000969121A92B28A1A3F2A27D9BFF35B8FD8
:108D100053E8002F42F0100143E800100028F7D17B
:108D2000BFF35B8FD30619D42B695B689B68402225
:108D300093F83D102846FFF7D1FC044670B1438AF2
:108D4000402B28BF4023438201462846FFF7CAFC38
:108D500020B12046BDE83840EEF768BD38BD08B503
:108D6000036903F1880202211046FFF77BFD28B159
:108D7000596BC8884989401A18BF012083F8380008
:108D800003211046FFF76EFD40B1DA6B90889189A0
:108D90001269401A80B2801A18BF012083F840007F
:108DA000012008BD0069BFF35B8F00F1880353E821
:108DB000001F41F0080143E80012002AF7D1BFF379
:108DC0005B8FC26B9388918912695B1A9BB29A423E
:108DD00002D02430F8F79EBC704738B50469BFF361
:108DE0005B8F04F1880555E8003F43F0040345E834
:108DF0000032002AF7D1BFF35B8F636B5A89DB889F
:108E00009A4203D004F12400F8F784FC0421284698
:108E1000FFF728FD28B904F17800BDE83840F8F7DD
:108E200079BC38BD70B503691C69BFF35B8F04F171
:108E3000880555E8002F42F0010245E8002100298D
:108E4000F7D1BFF35B8F02212846FFF70BFD10B16E
:108E50001846FFF7C2FFE36B5A89DB889A420AD1B2
:108E600003212846FFF7FEFC68B104F12400BDE8A9
:108E70007040F8F74FBC04F148000022BDE8704094
:108E80000023F8F7B7BC70BD816149B10B682BB105
:108E90001B7C80F8343080F83C3070471B78FFDE54
:108EA000704710B5C3685B68C3600BB9036110BD40
:108EB00049B1DA685C69141B5A8A121B92B2002A03
:108EC000F1D0DB68F2E71A8AF9E72DE9F74F82461D
:108ED00017466846DDE90C230D4603F0F4FEDDE994
:108EE000008900242646DDE90C235046FEF72CFDC0
:108EF000A346044618B9002E2FD1002629E076B9E2
:108F0000BBF1000F08D17FB92646638A9D423CBF62
:108F1000ABB26382ED1A11E0CBF80400F5E7B04282
:108F2000CBF80400F1D1EEE7638A3D449D423DBF9A
:108F3000658226460025ED1A28BF264642464B4646
:108F4000684603F0E5FEDDE90023CDE90C23002DA2
:108F5000C9D1304603B0BDE8F08F3046EEF766FC6D
:108F6000CBE70346002003B970471A8A5B681044B8
:108F7000F9E790F8463013F0010CF0B40F461146B3
:108F8000C26819D1C1B1D36854691C1B538A1B1B19
:108F90009BB20569D4682E1B3E449E420FD1BCF1A2
:108FA000000F06D05669A61B548AA41BA4B29C428B
:108FB00005D8F0BCFFF775BF138A0021E9E73D44EF
:108FC0000561F0BC7047C26810B482B169B1D36862
:108FD00054691C1B538A1B1B9BB20469D268A41AD8
:108FE0009C4204D110BCFFF75CBF138AF5E710BCAC
:108FF00070472DE9F8439DF8208006460F46154638
:109000009946F3688BB195B196F8464004F0010497
:1090100084F0010108EA01013046FFF7D4FFF3684C
:109020003BB96FF06800BDE8F883002DF9D1284600
:10903000F9E7B8F1000F35D0002C33D1DA6859695F
:109040005C8A521AA41AA4B23069DB68C31AE41A03
:10905000E7D0AC4228BF2C4667B1B9F1000F25D04C
:10906000B8F1000F20D00346384601462246184684
:1090700004F034F9B8F1000F08D096F84630DB0759
:1090800004D4F06821460C30FEF787FC42462146A6
:109090003046FFF76EFFB9F1000F01D007B127444A
:1090A0002D1BAEE71C8ACFE73B46DEE73968224638
:1090B00004F03BF9DEE708B1EEF7B8BB704710B536
:1090C000044610B304F13002BFF35B8F236BBFF390
:1090D0005B8FD3B1BFF35B8F591E52E8000F9842EC
:1090E00004D142E8001CBCF1000FF6D1BFF35B8F46
:1090F000E8D1012B09DCA06808B1FFF7DCFF60684C
:109100002146BDE8104003F050BA10BD10B530B193
:109110008068002103461BB9FFF723FF081A10BD22
:10912000DA685C69141B5A8A5B68121B11FA82F1B7
:10913000F1E78368C36003B1DB680361704710B572
:1091400082680C4622B98160BDE81040FFF7F1BF8C
:109150001046FEF701FC2146BDE81040FEF702BCB8
:109160002DE9F04F85B0DDE910670446154602A8E9
:1091700032469A463B468B4603F0A5FD20463246D2
:109180003B46DDE90289EFF723FB0446D8B1594697
:10919000FFF77AFE90F846306AF3061380F84630FF
:1091A000424602A84B4603F0B3FDDDE902679DF895
:1091B0003820CDE9006729462046EFF78FFB18B12C
:1091C0002046FFF77CFF0024204605B0BDE8F08F65
:1091D00007B50123009300230A461946FFF709FF4C
:1091E00003B05DF804FB38B590F8465005F0010572
:1091F00085F00101FFF7E7FEC36873B1006920B194
:1092000025B11A8ADB68C01A101A38BDDA685969A4
:10921000511A5A8A521A92B2F4E71846F5E773B512
:109220000369994204460E4615460AD1FFF7DBFF53
:10923000854206D82946204602B0BDE87040FFF7B7
:10924000C7BF012300932A4631462046FFF7D1FECF
:1092500002B070BD38B50446807AEEF73FFA616916
:10926000054649B1637ADB0704D4436A1B6820468C
:109270009B6898470023636121462846BDE8384033
:1092800003F09ABA30B50906847E054614D414F06A
:10929000400016D0298BC3F30A00C1F30A018842AB
:1092A00022D802F00300022809D003280AD001289E
:1092B00011D004F0010004E014F02000E9E7C4F349
:1092C000800030BD14F00200FBD013F4C05F09D061
:1092D000C4F30010F5E714F0080205D013F4C05FE2
:1092E000EFD0F5E70120ECE70020EAE7BFF35B8F62
:1092F000D0F8A000BFF35B8F00F001007047BFF310
:109300005B8FD0F8A000BFF35B8FC0F340007047C5
:10931000026902F1A003BFF35B8FD2F8A020BFF374
:109320005B8FBFF35B8F51B153E8001F41F0040125
:1093300043E80012002AF7D1BFF35B8F704753E870
:10934000001F21F0040143E80012002AF4D0F6E7E0
:1093500001F00F030906026948BF103352F82300D9
:109360007047007FC0F300107047037F61F3041360
:109370000377704708B502691046FFF7B7FF68B971
:1093800091F8200000F00F03000648BF103342F8A8
:109390002310084603F0F9F9002008BD6FF00C0017
:1093A000FBE700220023F7F7E3BF03F00FBA03F057
:1093B000F8B9407EC0F3C0007047437E23F0080335
:1093C000437670471FB504698DF80410CDE902207B
:1093D000D4F8983001A9984704B010BD1FB50469AE
:1093E000034606208DF804002046CDE90213FFF75E
:1093F0007DFF40B1C1F81E20D4F8982001A918467D
:10940000904704B010BD4FF0FF30FAE738B505467D
:109410000C462046FFF7C5FF014600B938BD6FF086
:1094200070022846FFF7DAFFF3E72DE9F8430669F3
:109430000746D6F80090D6F840800D464FF0FF3230
:109440004FF0FF3306F18400F7F7D0FE4046FFF7F8
:10945000A8FF014618BB4846FFF7A3FF044620BB00
:1094600099F81C3023F0100389F81C3098F81C3050
:1094700023F0100388F81C3024BB012286F8B020AA
:10948000EDB12B68C6F8A8306B68C6F8AC3086F82A
:10949000B12038698430BDE8F843F7F719BF6FF0A1
:1094A00067023846FFF79AFFD0E7637EDB07D7D421
:1094B0006FF0670221463846FFF790FFCBE786F84A
:1094C000B150E6E72DB10822294604F10C00FEF761
:1094D0006AFA002221463846FFF780FFD9E72DE9D6
:1094E000F8430546D0F80890884614461F46FFF713
:1094F0002FFF0646002835D0D9F83C30284698473B
:1095000041463B8822463046FFF7BCFE804690B17C
:109510008BB92B6993F88030DB0758BF402204F0E9
:10952000030446BF4FF480624FF400711146022CD1
:109530000DD0032C11D02846D9F840309847B8F107
:10954000000F14BF00206FF08500BDE8F883338B57
:109550008B4228BF0B463B80EDE7338B934228BFFD
:109560001346F8E76FF01200EFE72DE9F0470546E4
:10957000D0F808A0894690461F46FFF7E9FE04464A
:1095800018B3067FF3071DD43B4642464946FFF712
:1095900079FED0B19DF8203084F8218026F00606AF
:1095A000678484F824302677DAF818302146284674
:1095B0009847227FB0FA80F35B0963F300022277B9
:1095C000BDE8F0876FF07700FAE76FF01200F7E779
:1095D0002DE9F3411F464B06D0F8088004460D469E
:1095E00016461BD0D8F83C3098472069FFF787FE15
:1095F00088B19DF82030009329463B4632462046EC
:10960000FFF7B3FF0546D8F8403020469847284674
:1096100002B0BDE8F0814FF0FF35F4E76FF01505BB
:10962000F5E770B505468668FFF792FE044688B1F7
:10963000037FDB0711D50146F3692846984738B107
:10964000237F03F00103227F63F30002227770BDC2
:109650000346F8E76FF01200F9E76FF07700F6E7DE
:1096600070B54B06866804460D4612D0F36B9847DA
:109670002069FFF73BFE48B129462046FFF7D1FF9E
:109680000546336C20469847284670BD4FF0FF359D
:10969000F7E76FF01505F7E770B586680546F36BD9
:1096A0000C4698472869FFF72AFEB8B1214628469C
:1096B000FFF74EFE0146A0B1037FDB0711D590F8FE
:1096C000213003F00303012B0ED0F368284698479E
:1096D00004462846336C9847204670BD4FF0FF344F
:1096E000F7E76FF01204F4E76FF08504F1E7F8B5DF
:1096F00087680646FB6B0C4698473069FFF7FFFD0D
:10970000E8B121463046FFF723FE0546D0B1037F7E
:10971000DB0717D590F8213003F00303012B14D099
:1097200001463B6930469847044618B92B7F60F3E1
:1097300041032B7730463B6C98472046F8BD4FF0ED
:10974000FF34F7E76FF01204F4E76FF08504F1E7F8
:109750002DE9F04186680769F36B05460C4698478A
:109760002869FFF7CCFD98B394F818802846414645
:10977000FFF7EEFD014670B3037FDA072BD518F033
:109780007F0F20D197F8B030EBB1637EDB0717D5A0
:1097900097F8B13033B1082207F1A80104F10C00A9
:1097A000FEF701F9002287F8B02021462846FFF78E
:1097B00015FE04462846336C98472046BDE8F081E4
:1097C0006FF06702F1E77368224628469847F0E792
:1097D0004FF0FF34EEE76FF01204EBE770B58668E8
:1097E00005460C46F36B984721462846FFF7B0FD27
:1097F00048B102F0EBFFB0FA80F464092846336CFC
:109800009847204670BD0124F8E770B58668054684
:10981000F36B0C4698472869FFF768FD80B1214635
:109820002846FFF795FD014668B104681CB1B3688E
:109830002846984704462846336C9847204670BD12
:109840004FF0FF34F7E76FF01204F4E708B503694F
:109850001B6800215A8CEFF791F828B1437E23F062
:10986000070343F00103437608BD08B539B903691E
:109870001B685B8C013A1A44B2FBF3F25A43EFF7D0
:109880007DF828B1437E23F0070343F002034376BB
:1098900008BD08B561B903691B685A8CEFF76EF80B
:1098A00028B1437E23F0070343F00403437608BD49
:1098B0000022F3E770B586680D46F36B04469847BF
:1098C0002846EDF7B3FF2046336C9847002070BD63
:1098D00070B586680546F36B98472869FFF70FFD5A
:1098E000044620B133683BB12846984704462846D1
:1098F000336C9847204670BD0124F8E7F8B58768B7
:109900000669FB6B044698472069FFF7EFFCD8B166
:109910002069FFF7F4FCD0B9FB6A2046984705465A
:1099200068B9BFF35B8F06F1A00353E8001F41F055
:10993000020143E80012002AF7D1BFF35B8F2046F3
:109940003B6C98472846F8BD4FF0FF35F7E76FF0BE
:109950007705F4E7F8B587680669FB6B0446984716
:109960002069FFF7CCFCB0B13B6B20469847BFF3B2
:109970005B8F054606F1A00353E8001F21F00201AA
:1099800043E80012002AF7D1BFF35B8F20463B6CFF
:1099900098472846F8BD6FF07705F7E72DE9F041C5
:1099A0000546D0F80880066914460F4631B32AB33D
:1099B000D8F83C3098472869FFF798FCD8B9C6E931
:1099C00026742846D8F834309847044660B9BFF367
:1099D0005B8FA03656E8003F43F0010346E80032B3
:1099E000002AF7D1BFF35B8FD8F84030284698475C
:1099F0002046BDE8F0816FF07704F5E76FF01504BD
:109A0000F6E7F8B587680669FB6B04469847206956
:109A1000FFF775FCD0B92069FFF768FCC8B1BB6BD4
:109A200020469847BFF35B8F054606F1A00353E835
:109A3000001F21F0010143E80012002AF7D1BFF313
:109A40005B8F20463B6C98472846F8BD6FF00F05AA
:109A5000F7E76FF07705F4E74FF08053D3F8302144
:109A6000082A05D1D3F83401003818BF0120704707
:109A700000207047C343C3F3C01300F00F0000EB96
:109A80000310704708B502F0ECFBF6F7D7FD002095
:109A900008BD01238B40BFF35B8F50E8002F1A43B2
:109AA00040E800210029F8D1BFF35B8F70470069BF
:109AB0008430F7F70DBC006984304FF0FF324FF06F
:109AC000FF33F7F793BB10B5807A0C46EDF706FE2F
:109AD000436A21465868BDE8104002F01BBDF7B547
:109AE0000D46807A17461E46EDF7F8FD2C68436A4E
:109AF000033424F0030258682A600421CDE900767B
:109B0000F7F754FA00B9286003B0F0BD0369C9B291
:109B10000C2202FB0133186C00F00700704770B58F
:109B20000346C9B20069EFF31186402484F312881A
:109B3000BFF36F8F0C2505FB0104246C14F0C004E7
:109B400001D0A24210D105FB0100012202640020D5
:109B500086F31188BFF36F8F28B95B6803EBC103ED
:109B60005B689847002070BD4FF0FF30F0E780221F
:109B7000FFF7D5BFF8B5069F04690546C9B2EFF3F4
:109B8000118C402080F31288BFF36F8F0C2606FBE8
:109B90000146306C00F0070EBEF1010F11D13764A1
:109BA00000268CF31188BFF36F8F46B90C2000FBA1
:109BB0000144C4E90E236B6853F8313098473046AE
:109BC000F8BD00F0C00087420CBF6FF077064FF081
:109BD000FF36E6E713B580240094FFF7CBFF02B011
:109BE00010BD10B40069CBB21C2404FB030000219B
:109BF00010BC10471046F7F7EDBB00F056BFF1F769
:109C000035BB4FF4AF607047002208B511461046CF
:109C1000F9F776FE002818BF6FF0150008BDF7B5FC
:109C20004FF480630F4616460024A64203D816D090
:109C3000162003B0F0BD351BB5F5806F28BF1D465B
:109C40002A4601AB39190020F9F7ECFE20B9019B37
:109C5000AB4201D11C44E8E76FF01500E9E70020B2
:109C6000E7E743685B68D3F810350B600020704766
:109C700043685B6802EA010021EA0201C3F80805B3
:109C8000C3F80C150020704743685B680020C3F8D8
:109C90000815704743685B680020C3F80C157047CF
:109CA00043685B68D3F8042521EA02001140C3F839
:109CB0000805C3F80C150020704730B503695868D3
:109CC00000B30024884219D108688CB99C68586098
:109CD000A14200D19860002008602AB15A680A6049
:109CE0009A68596002B9996000200FE02846E9E7B8
:109CF00020609868814208BF9C60ECE705680446D4
:109D0000002DF3D1002AE9D16FF0150030BDF6F730
:109D10007DBB13B54FF080520829136E526E28BFD9
:109D2000082112BA00921BBA0C460A4669460193F2
:109D300003F0D4FA204602B010BD02780B69012A64
:109D400007D0022A08D052B9DA6503F14400F7F7C8
:109D500041BB6FF00D02F7E76FF00A02F4E76FF016
:109D60000402F1E738B5044605690122114605F100
:109D70002C0002F02FFD012205F14400002102F029
:109D800029FD2046BDE8384000F025B900692C3097
:109D9000F7F75ABB00692C30F7F71CBB2DE9F04FE1
:109DA00087B0D0F810B004934368D3F820809B8A22
:109DB000039317464FF0FF334FF0FF3205460C4632
:109DC000FFF7E4FF0BF144030293002300220BF1A1
:109DD00044000026F7F738FB3346BE4201D3002388
:109DE00035E0207A01077BD40136BE4221680BD2D0
:109DF000820709D4227D80EA020C0CF0010C02F0EB
:109E000004025CEA020C2BD0002B45D101F0604229
:109E1000B2F1005F43D1D4F800A0A3884FF000094D
:109E2000049ACBF860A00092217A5246284600F0AE
:109E3000A0F8031E0BDB4FF4804202980023F7F7D3
:109E400003FB70B3284600F063F86FF073032846F5
:109E50000293FFF79FFF029B184607B0BDE8F08F03
:109E60004FF001096268DDF80CE003EB020CF445E9
:109E700039D8C00705D408EB0300059303F02EFA88
:109E8000059B62681A4493B2B9F1000F11D1002BFF
:109E9000C1D09946C246C3E74FF00009E2E79946B0
:109EA000E0E7DBF85C30002B20DB237ADB0702D411
:109EB00000230C3491E7C245FAD1A24609E0A9EB90
:109EC00002011FFA81F9DAF80C0018FA81F103F0A7
:109ED00005FADAF804209145AAF10C0AEFD2E7E777
:109EE0006FF08503B3E76FF01B03B0E76FF0040377
:109EF000ADE713B501AA044600F004F9002805DB1C
:109F0000019B226819791868F0F70EFD02B010BDA8
:109F100070B54568A86A0368D3F80845D3F80C659E
:109F2000F6F734FC31462046F6F776FE002104466B
:109F3000E869FFF7DEFFA86A02F052FA204670BD1A
:109F4000CA07436805D4C1F34201012904D002299C
:109F50000AD06FF0150070479B6A1B684FF0CC72F7
:109F6000C3F82425002070479B6A4FF0C8621B6825
:109F7000F6E7F0B587B047680C4616460021122276
:109F80000DF106001D4603F0D0F904F001038DF831
:109F90000430BDF830308DF80530BB8C0295AB42F3
:109FA00004960AD3C4F3400282F00102B86A520157
:109FB00001A9F6F70FFC07B0F0BD6FF01B00FAE740
:109FC00010B544680021E069FFF793FFA06ABDE87F
:109FD000104002F005BA38B54568AB6904469847A9
:109FE000E8690121FFF785FF2A69A86A2346294607
:109FF00002F0D3F9002804DB2046FFF7E1FF002040
:10A0000038BD6FF00400FBE732207047704708B599
:10A0100000F039FE4FF47A73A0FB030203FB012129
:10A0200008BD08B500F0CBFD00280CBF6FF00400A0
:10A03000002008BD08B5A1F10B030F2B06D90A2992
:10A040008CBF6FF015006FF0850008BDC8B200F03E
:10A0500094FD0020F9E782B0E0B10368D3B11B683A
:10A060001B69F4221A71CE225A714FF080513622A8
:10A070009A710A6E496EC3F80710DA72CDE90012C0
:10A08000026822B1BFF35B8FD268BFF35B8F1860A9
:10A0900002B0704700231B69FFDE07B5C9B132B9B2
:10A0A000186800F084FD002003B05DF804FB012A6D
:10A0B00006D11B88ADF8043001A800F07CFDF2E762
:10A0C000022A06D11B88ADF8043001A800F06BFD10
:10A0D000E9E76FF08500E7E710B5046900F08BFD54
:10A0E00010B96FF00F0010BD4FF0FF334FF0FF328B
:10A0F00004F6DC70F7F7A8F994F8F43F002BF0D0E1
:10A100000020F0E730B543681360057A446804EB3B
:10A11000C504A34202D36FF0010030BD5C798C42CC
:10A1200003F10803F0D10020F7E783689B68184724
:10A1300010B484686468A44610BC60477FB50646C6
:10A14000684602F0C0FDDDE90045706801230DF1AD
:10A150000F02F321FFF7ECFF002814DB9DF80F300E
:10A1600013F009000FD022462B46684602F0D0FDBE
:10A17000DDE90023134304D00021632002F0C1FC79
:10A18000E3E76FF00A0004B070BDF0B5064607695A
:10A190004068836889B01B689847041EC0F29D80A0
:10A1A0000021422002F0ADFC7068012307F1280273
:10A1B000D021FFF7BDFF041EC0F28F8097F8283032
:10A1C000563BDBB20A2B00F2938040F2054222FAA2
:10A1D00003F3DB0740F18C80B622E0217068FFF7C3
:10A1E000A4FF40F6CD4200233046FFF7A7FF044608
:10A1F000002872D170683569182302AA8821FFF7F8
:10A2000097FF002801DA044667E0BDF808302B808C
:10A21000BDF80A306B80BDF80C30AB80BDF80E3055
:10A22000EB80BDF810302B81BDF812306B81BDF88A
:10A230001430AB81BDF81630EB81BDF818302B829D
:10A24000BDF81A306B82BDF81C30AB82BDF81E30F1
:10A25000EB8295F82830602B29D17068012305F135
:10A260001802A121FFF764FF0028CCDB70680723E8
:10A270006A46E121FFF75CFF0028C4DBBDF800302F
:10A280006B839DF802302B779DF804309DF8031006
:10A2900003F00F0242EA0112EA839DF805201B0930
:10A2A00043EA02132B849DF8063085F8223097F894
:10A2B0002830602B14D07068A822F521FFF735FFF5
:10A2C0000028A0DB70685722F421FFF72EFF00283A
:10A2D00099DB2120002102F014FC204609B0F0BDDA
:10A2E00070680522F221FFF720FF0028E3DA8AE7F1
:10A2F0006FF08504F1E72DE9F04F002385B090461B
:10A3000041F2343204690546FFF718FF074600287A
:10A3100040F0288194F828306868602B0CBF08232F
:10A32000062302AAF721FFF703FF0028C0F22081CD
:10A330009DF8083001939DF80C309DF80B209DF896
:10A340000D109DF809A09DF80A501B0143EA023345
:10A35000228843EA1111C2EB13135200C2EBD1025F
:10A36000B4F902105B434A43B4F904101B134B4386
:10A370009B1303EBE223636203EB830380331B1223
:10A38000C8F80030616AB4F908E0CE17B1F5FA31C7
:10A3900046F1FF36A1FB01C001FB06F300EB4300D1
:10A3A0000EFB06F24FEAEE7301FB0322AEFB01E364
:10A3B0001A44B4F90A304FEAE37B03FB00F90CFBC3
:10A3C0000B99A3FB0C3BCB4412031B0A42EA1E521F
:10A3D00043EA0B634FEA0E3E13EB0E03B4F806900C
:10A3E00042EB2B2202F50042A3FB093E09FB02EEE1
:10A3F0004FEAEE734FEA6E0253EA6E0E00F0B6803B
:10A40000B4F910E04FEAEE790EFB00F00CFB090006
:10A41000AEFB0C9C6044B4F90EC00CFB06FE4FEA88
:10A42000EC7B01FB0BEEACFB01C18E442D090199C5
:10A4300045EA0A1545EA01354FEA4E4E4EEADC3E42
:10A44000C5F580154FEA4C4C1CEB090C05F000419A
:10A4500040EB0E0641EA5501E807B4F90C5017EB42
:10A460000C0CB0EB0C0006EBC50640F6354561EB75
:10A470000601A0FB050605FB0161E8F795FCB4F9B0
:10A48000163084464D134FEA5C3242EAC142084618
:10A490004FEAE37E03FB05F102FB0E11A3FB023E34
:10A4A00071445D4302FB0155A3FB023215445B0E70
:10A4B000B4F91420664643EAC5139B1940EB656561
:10A4C000D117504301FB0C00A2FB0C263044D20CE8
:10A4D00042EA40329B1845EBE045B4F912201B0AD2
:10A4E00043EA056303EB0213C8F8043094F82830FC
:10A4F000602B37D1BDF80E20B4F91E30606A94F994
:10A50000221052BA92B21B05C3EB8233B4F9202059
:10A51000A0F5963000FB123303F58043DA13237F56
:10A520004343DB124143891203F500434B439B1223
:10A53000B4F91A1003F500134B4303F500539B13B2
:10A540005343DA13217E5243D2114A43A3EB221321
:10A55000B3F1C85FA8BF4FF0C85323EAE3731B13DE
:10A56000C8F80830384605B0BDE8F08F3B46BBE779
:10A570000746F7E702692C32FFF7BDBE08B5006851
:10A5800001F068FF00280CBF6FF01200002008BD2A
:10A5900030B589B004468DF807100DF107011D464E
:10A5A00002910121CDE905250391072200210068D0
:10A5B000A3888DF810108DF81C209DF81C20816850
:10A5C00042F002028DF81C208C68022202A9A047EA
:10A5D00009B030BD1FB503468DF801200222006886
:10A5E0009B888DF80010CDF804D002928DF80C20D5
:10A5F0009DF80C20816842F002028DF80C208C68D6
:10A60000012201A9A04704B010BD43681B68D3F81C
:10A610008004C3F88004704742681368D3F81001BF
:10A6200050B1D269002012780A70C3F81001D3F833
:10A63000102101221A6070474FF0FF307047002A46
:10A640000FDD42681368D3F8100158B10020C3F839
:10A650001001D269D3F8100112780A700120186035
:10A6600070470020704710B543681C680369EFF31A
:10A670001180402282F31288BFF36F8F1A68D17B5A
:10A6800039B991731B680122DA734FF48003C4F85F
:10A69000043380F31188BFF36F8F10BD03691A680C
:10A6A000D17B21B1012191731B680022DA737047BD
:10A6B000026911680346C87B40B15B681B68D3F828
:10A6C000580118B100230B611368988970474368DB
:10A6D0001B68D3F81001003818BF01207047436889
:10A6E0001B68D3F80423D2065CBF1022C3F80423EE
:10A6F000704743681B68D3F80423D20644BF102276
:10A70000C3F80823704743681B684FF40072C3F80E
:10A710000423704743681B684FF40072C3F8082392
:10A72000704738B543681D68D5F804335B020446AA
:10A7300005D4D5F8040310F0100006D138BDFFF79A
:10A74000B7FF0028F5D00120F8E72046BDE83840E3
:10A75000FFF7BDBF012070470369186801601B68DF
:10A760005A60704702680346D2F8580140B95B68E6
:10A77000DB0706D4D2F82001003818BF012070474B
:10A780000120704710B4436802691B68D3F80413B2
:10A79000C90517D5D3F82011A1B1EFF311814024D9
:10A7A00084F31288BFF36F8FD3F8204134B10024B3
:10A7B000C3F82041D3F820410124DC6081F31188E3
:10A7C000BFF36F8F1168D3F8584171B17CB1002489
:10A7D0000C611168C97B19B94FF48001C3F80813E3
:10A7E00011688C7B1CB100238B7310BC7047D3F8AD
:10A7F000241121B10021C3F82411D3F824311268A7
:10A800001368002BF1D0516810BC184713B501AA8A
:10A810000446FFF777FC002805DB019B22681979C5
:10A820001868F0F781F802B010BDF8B500220546AF
:10A8300001210220ECF7F8F90220ECF7C5F96C6869
:10A840000121E068FFF7E2FF6B681A682369C2F82C
:10A850002435617D237D0B43A17D0B43C2F86C350C
:10A860006E68D6E9004313F001030ED02F6904F19E
:10A870000C0107F10C0204F5907001F0E6F90028D4
:10A880003ADB387BF5F722FD01230822C4F80025C6
:10A89000B269C4F8442501210022C4F84825A1600A
:10A8A0006BB9D4F82031002BFBD0C4F82021D4F8A8
:10A8B00020310123E3604FF48073C4F80433D4F8EB
:10A8C0005831002BFBD00021C4F800156D682C68AE
:10A8D000E868FFF79BFF0823C4F800352A7A52B9CD
:10A8E000EB69C4F834350123C4F83835C4F81021B5
:10A8F000D4F8102123600020F8BD2DE9F04106694D
:10A9000033689C89BFF35B8F94420546A8BF144609
:10A910001033012753E8002F002A03D143E80070C9
:10A920000028F7D1BFF35B8F0CBF3B4600232BD130
:10A9300033682246986802F0D1FCEFF31188402377
:10A9400083F31288BFF36F8F69680846FFF70AFF29
:10A95000326840B91061044688F31188BFF36F8FE5
:10A960002046BDE8F0810B689268C3F844250022B8
:10A97000C3F84845C3F82021D3F82011C3F8582163
:10A98000D3F858219F60E7E71C46E9E700F1500340
:10A990009B009BB203F1804303F5883300221A60C9
:10A9A0001B687047F0F70EB9F0F75EB91FB50021CC
:10A9B00002910799019106990091F0F7DDF905B030
:10A9C0005DF804FB1FB501210291079901910699D9
:10A9D0000091F0F7D1F905B05DF804FB08B5F0F788
:10A9E000A9F908BD70B403460C46DA8800681979E5
:10A9F0002243056986682B6801248C4012F0010F00
:10AA000014BF2343A3432B60336870BC1847012352
:10AA100003FA01F103691B68194203D022B183686C
:10AA20001B6903E0002AFAD08368DB68184708B581
:10AA30004FF0FF314FF0FF30F0F786FBE8F721FBD6
:10AA4000BDE80840F0F788BB684620F007018D4656
:10AA500001B5E6F74DFFBDE8014085467047684601
:10AA600020F007018D4601B5E6F736FFBDE801404D
:10AA700085467047684620F007018D4601B5E7F727
:10AA80003BFCBDE801408546704708B5E8F7F6F99C
:10AA9000002008BDF8F792BE08B5EBF789FCEBF78C
:10AAA0005DFDBDE80840F8F789BE7047012802D176
:10AAB0000020E5F743BF70477047E5F73DBD002034
:10AAC000704710B521F040010C29046904D1E7F763
:10AAD0008FFD2060002010BD6FF08500FBE7704700
:10AAE00007B50029ACBF002301230093B8BF0021A4
:10AAF0000023FCF7C4FE03B05DF804FBECF764B878
:10AB0000ECF770B808B5ECF781F8003818BF0120F1
:10AB100008BD7047002383F31188BFF36F8F0423B0
:10AB2000184602DF704773B500210191016800915A
:10AB30000446006916461D46FFF738FFEFF3108301
:10AB400072B6C4E9026583F3108802B070BDF0F7F5
:10AB5000F1B8F8F731BC43F60952A0FB020302FB3F
:10AB6000013140F2FF13C01841F10001400A40EAF0
:10AB7000C150490A70471F20704738B50446F2F7A4
:10AB8000B5FC05462046F2F7B7FCA54204D0BDE867
:10AB90003840002000F0AEBC38BDF2F7A7BCF2F799
:10ABA000B9BC00F0C2BC08B1F2F7BEBC704708B136
:10ABB000F2F7C6BC704708B1F2F7D0BC704701206D
:10ABC00000F0C1BB08B5002000F0BDFB80F0010023
:10ABD000C0B208BD07B56FF0010300930022012346
:10ABE0001146184600F0CAFB03B05DF804FB0146AD
:10ABF000002000F02BBC002000F046BC10B590F8FF
:10AC0000803004460BB1FFF785FF204600F057FC6B
:10AC100018B9BDE81040FFF77DBF10BDF2F732BC98
:10AC2000F2F73EBCF2F74ABCF2F758BCF4F7A6BF05
:10AC300010B4DBB214469DF804200193234610BCE7
:10AC4000F4F780BEF4F710BFF4F750BFF4F764BE1A
:10AC500007B5002300931A46F4F774FE03B05DF8BD
:10AC600004FB0022F4F700BF0021F4F73FBF08B552
:10AC700002F0A3F900F00703400000F05000184371
:10AC800040F0080008BD02F05DBA704770B5044698
:10AC90001E46E568A388084600FB03551146284672
:10ACA000228802F01BFB628832B12088314628449A
:10ACB000BDE8704002F012BB70BD38B50D46828809
:10ACC000C168044602FB05114069103402F006FB1E
:10ACD000BFF35B8F54E8003F44E80052002AF9D1EB
:10ACE000BFF35B8F38BD10304FF6FF73BFF35B8F40
:10ACF00050E8002F40E800310029F9D1BFF35B8F05
:10AD0000704770B504460E461546FFF7D6FFA28879
:10AD10002388E06806FB023329466288184402F063
:10AD2000DDFA2046BDE87040FFF7DDBF70B505468F
:10AD30004C1C2B89A4B2A34200D870BD661EB6B2CB
:10AD400031462846FFF7B9FFAA88E86802FB0401EC
:10AD500002FB060002F0C2FA2846FFF7C4FF0134E6
:10AD6000E7E72DE9F843B0F808800546894617461D
:10AD700000263446B04503D800203C80BDE8F88367
:10AD80002B69A8EB060406EB54049BB2A4B29C42C8
:10AD90001BBFAA88EB68696904FB023148462A8810
:10ADA00002F0CFFA002805D002DB0134A6B2E0E7BA
:10ADB000A046DFE70120E0E72DE9F84FDDF8289015
:10ADC0000D4617469846044608B9FFF7A3FE6A1ECB
:10ADD0004FF6FE739A4201D9FFF79CFEB7F5803F0C
:10ADE00001D3FFF797FEB8F5803F01D3FFF792FE3E
:10ADF0001FFA87FA1AFA85F6B6B2AE421FFA85FB39
:10AE000001D3BE4201D2FFF785FEB9F1000F01D197
:10AE1000FFF780FE00234FF6FF72C4E90423A4F875
:10AE200000B0A4F802A0A680A4F806802381C4F88C
:10AE30000C90A361BDE8F88F73B516460DF10602BC
:10AE40000446FFF78EFF054690B1628882B17EB15D
:10AE50002369BDF806109BB299421BBFA088E36826
:10AE6000636901FB003321883046194402F036FA49
:10AE7000284602B070BD2DE9F743174643610DF136
:10AE8000060204468846FFF76CFF68B163882BB161
:10AE9000BDF806103A462046FFF733FF0120002395
:10AEA000636103B0BDE8F0832389E2889A42F6D952
:10AEB000BDF806904B4509D83B46424649462046D8
:10AEC000FFF7E4FE238901332381E7E7A288E068E6
:10AED0005D1EADB202FB050102FB030002F0FEF9AC
:10AEE000238901332381AEB2B1450DD349462046B3
:10AEF000FFF7E3FE20463B4642464946FFF7C6FEC3
:10AF00002046FFF7F0FEC9E731462046FFF7D5FEA1
:10AF1000013EA288E068B6B202FB060102FB050012
:10AF200002F0DCF92046FFF7DEFE013DDBE773B5FA
:10AF300016460DF106020446FFF713FF054650B111
:10AF4000BDF8061066612046FFF7F0FE2389013B3D
:10AF5000238100236361284602B070BD836970B508
:10AF600005460C4616460BB1FFF7D4FD0CB9FFF7AA
:10AF7000D1FDAC613EB92B89013B236000232671D2
:10AF80006371A56070BD0023F7E70346806848B190
:10AF90001B68002B05DB00898342ACBF0020012029
:10AFA00070470020704730B404460846A3685A88AA
:10AFB0008AB124681969A5B289B28D421DBFA5B2B4
:10AFC0009988DC685C6918BF05FB01441988214435
:10AFD00030BC02F083B930BC704710B584680B46B2
:10AFE000618839B10188626120461A46FFF789FEFF
:10AFF0000023636110BD38B5856803886961044624
:10B0000019462846FFF792FE2B89013B2B8100232E
:10B010006B610123637138BD03793BB1437913B987
:10B020000368013303600023437170470368013BE9
:10B03000F8E7826812B10023936183607047EFF7ED
:10B040002BBCEFF733BCEFF73BBCEFF74BBCF0F793
:10B0500057BCEFF7A7BBEFF7DDBBEFF70BBC08B5AD
:10B06000F0F774FCBDE8084002F04DB837B5002495
:10B0700000256846CDE90045F8F746FA28B9CDE93C
:10B080000045DDE9000103B030BDDDE900321343C6
:10B09000F7D101220023CDE90023F2E708B500F043
:10B0A00089F820B1F0F7EEFC10B9F1F779FF002034
:10B0B00008BDBFF35F8F50E8003F013340E8003226
:10B0C000002AF8D1BFF35F8F7047407800F0070384
:10B0D000052B14BFC0F340100020704708B5F2F7ED
:10B0E000D9F918B9BDE80840F0F79CBC0220F0F788
:10B0F00099FC0021BDE808400846F0F79FBD10B557
:10B100000446F3F7CFF8082C19D8DFE804F01C1830
:10B1100005180B0B181014000021BDE8104008465C
:10B12000F0F78CBDBDE810400020F0F7C3BDBDE8CE
:10B130001040F0F725BEBDE81040F0F7DDBCBDE8DB
:10B140001040FFF7E7BC10BD0020F0F76BBC10B556
:10B150000446FFF7C3FFF1F7B7FF204600F083F87E
:10B16000BDE81040F1F746BFFFF7D4BC38B505463F
:10B17000FFF794FF044668B1012211462846F0F714
:10B18000A5FE044620B10820F0F74CFCF0F7B4FC13
:10B19000F1F706FF204638BD00207047F4F748BBA2
:10B1A000F4F766BB7047F4F705BBF4F7B3B8F4F7F0
:10B1B00053BB70470020F1F757BF08B50120F1F7E6
:10B1C00053FF18B9BDE80840FFF7A4BC08BD01F063
:10B1D000F6BE70B500232826012406FB0305D5E83A
:10B1E0004F2FD2B242B1BFF32F8FBFF35F8F013326
:10B1F0009942F2D1FF2070BDC5E8424F002AEED13E
:10B20000BFF35F8FD8B2F6E708B5F1F797FF18B92B
:10B21000BDE80840FFF77EBC08BDF1F7ADBF08B53B
:10B22000F1F7D2FF18B9BDE80840FFF773BC08BDBD
:10B2300008B5F1F7EDFF18B9BDE80840FFF76ABCA3
:10B2400008BD08B5F2F70CF818B9BDE80840FFF7DB
:10B2500061BC08BD08B5F2F71FF818B9BDE8084091
:10B26000FFF758BC08BD08B5F2F730F818B9BDE8CB
:10B270000840FFF74FBC08BD08B5F2F741F818B910
:10B28000BDE80840FFF746BC08BDF8B50F461546B7
:10B290001E46044608B9FFF73DFC0FB9FFF73AFC1C
:10B2A000731EFE2B01D9FFF735FCB5FBF6F5AB1E7F
:10B2B000FD2B01D9FFF72EFC0023A37127606571D8
:10B2C0002671E371F8BD81790279006801FB020003
:10B2D0007047837942790133DBB29A4298BF0023E9
:10B2E00083717047C1790279006801FB02007047E1
:10B2F000C37942790133DBB29A4298BF0023C3710C
:10B30000704783794279C0790133DBB29A4298BFA2
:10B310000023C31A58425841704710B5F1F77EFE1A
:10B3200004461420F0F71AF884428CBF0020012054
:10B3300010BD08B51420FFF7E5FB18B9BDE80840BB
:10B34000FFF7E8BB08BD37B50446FFF7E6FF054643
:10B3500040B12046F1F73CFC8DF807009DF807004E
:10B3600003B030BDFFF7E5FFF2F734F90DF1070246
:10B3700005700472C260F2F743F9EFE72DE9FF416F
:10B38000DDF8288007460E4615461C46FFF7C5FF28
:10B3900070B1CDF8008023462A4631463846F1F791
:10B3A0002FFC8DF80F009DF80F0004B0BDE8F08170
:10B3B000FFF7BFFFF2F70EF9022303700DF10F0341
:10B3C0000773467385608473C0F810804361F2F799
:10B3D00017F9E8E773B506460D461446FFF79DFFDB
:10B3E00050B1224629463046F1F734FC8DF807006B
:10B3F0009DF8070002B070BDFFF79BFFF2F7EAF877
:10B40000032303700DF10703067245720461436163
:10B41000F2F7F6F8ECE713B50446FFF77EFF40B10C
:10B420002046F1F797FC8DF807009DF8070002B061
:10B4300010BDFFF77EFFF2F7CDF8042303700DF186
:10B4400007038460C360F2F7DBF8EEE737B5054623
:10B450000C46FFF762FF48B121462846F1F7B4FCDD
:10B460008DF807009DF8070003B030BDFFF761FFBE
:10B47000F2F7B0F8052303700DF1070305720461BC
:10B48000C360F2F7BDF8EDE713B50446FFF745FFDB
:10B4900040B12046FFF76AFE8DF807009DF80700CF
:10B4A00002B010BDFFF745FFF2F794F806230370D2
:10B4B0000DF107030472C360F2F7A2F8EEE713B5CB
:10B4C0000446FFF72AFF40B12046F1F7A1FC8DF8B2
:10B4D00007009DF8070002B010BDFFF72AFFF2F742
:10B4E00079F8092303700DF107038460C360F2F754
:10B4F00087F8EEE713B50446FFF70FFF40B120468B
:10B50000F1F7ACFC8DF807009DF8070002B010BD04
:10B51000FFF70FFFF2F75EF80A2303700DF1070340
:10B52000C3600472F2F76CF8EEE707B5FFF7F5FEBB
:10B5300040B1F1F7B7FC8DF807009DF8070003B0A4
:10B540005DF804FBFFF7F5FEF2F744F80B230370F8
:10B550000DF107038360F2F753F8EEE737B50546C0
:10B560000C46FFF7DAFE48B121462846F3F77AFC8D
:10B570008DF807009DF8070003B030BDFFF7D9FE36
:10B58000F2F728F8142303700DF10703C0E9025401
:10B590000361F2F735F8EDE708B5EFF727FF10F193
:10B5A0001D0F11DB10F1090F10DB0A2810DD1E281A
:10B5B00010DD322810DD462811DD5528CCBF6FF094
:10B5C00003006FF0020008BD0320FCE70220FAE749
:10B5D0000120F8E70020F6E74FF0FF30F3E76FF0C7
:10B5E0000100F0E710B50446FFF7D6FF2044C0B2D3
:10B5F00010BD10B50446FFF7CFFF201AC0B210BD32
:10B6000010B50446FFF7C8FF201A00B210BDFFF7BF
:10B61000F0BF08B5FFF7F4FF5C3840B208BD5C30FE
:10B62000C0B2704708B5F3F76DF9F1F795FEBDE8C4
:10B630000840F2F709B808B504200121F3F7F0F942
:10B64000BDE808400C20F3F785BAF2F71FBAF2F70D
:10B6500097B9F2F76DB908B500F003F808BD704767
:10B660007047062070478000002200F0FC00F3F7CE
:10B670006FB98000002100F0FC00F3F7D1B900BFE2
:10B6800000BF00BF00BF00BF00BF704737B5ADF8B7
:10B690000410C9B20446154641B19DF905102A4669
:10B6A000204603B0BDE83040E7F7FFBBF1F72CFFC1
:10B6B0000146F4E738B50546F1F718FF0446F1F7FF
:10B6C00023FF2A4601462046BDE83840E7F7EDBB98
:10B6D000012998BF002814BF01200020704708B539
:10B6E00003210220F3F7DCFA18B9BDE80840FFF7A0
:10B6F00011BA08BD10B50446EFF704FE4FF0FF3352
:10B70000A34020EA0300C0B210BD0120704770477B
:10B7100008B5037A012B12D8BFF35F8FD0E84F3FF3
:10B72000DBB28B4203D0BFF32F8F002006E0C0E8CE
:10B73000432F002BF2D1BFF35F8F012008BDFFF72D
:10B74000E9F9F2E738B502220D4601210446FFF778
:10B75000DFFF50B9022D06D158342A460121204678
:10B76000FFF7D6FF08B9002038BD2046FCE738B502
:10B77000044610464FF0FF3240F8382C0D460122A7
:10B7800004213C38FFF7C4FF08B9FFF7C3F9294685
:10B790002046BDE83840FFF742BD70B516464FF071
:10B7A000FF3204460D4643F8382C04210122A3F150
:10B7B0003C00FFF7ADFF08B9FFF7ACF93246294668
:10B7C0002046BDE87040FFF733BDF8B5846901F04D
:10B7D000B9FCD4E91067BFF35F8F94F8483094F850
:10B7E00049205B0192B9C0339D1947F10002A8427C
:10B7F00091410ED2C4E90852A36304F11000F7F797
:10B8000067FD00B3BDE8F840FFF784B903F538736E
:10B81000EAE7616800220820FFF7FFFC08B9FFF79C
:10B8200079F94FF0FF336360012204212046FFF7CE
:10B830006FFF08B9FFF76EF9F1F72CFE18B9BDE8F4
:10B84000F840FFF780BDF8BD08B54FF0FF33436007
:10B8500001220221FFF75CFF18B9BDE80840FFF79D
:10B8600059B908BD38B50546F3F74CFB044608B98D
:10B87000002038BD2846002101F01DFC054604F1DA
:10B880001000F7F75DFD0DB90028F1D14FF0FF333F
:10B890006360BFF35F8F01202070BFF35F8FE8E725
:10B8A00038B50546F3F72EFB044668B1002128465B
:10B8B00001F001FC50B14FF0FF336360BFF35F8FC5
:10B8C00001232370BFF35F8F012038BDBFF35F8F6B
:10B8D0002378BFF35F8F012BEDD0F6E72DE9F3411D
:10B8E0000E46F107044636D5036893F801809D782B
:10B8F0001F7803790BB9FFF70DF9053F7A2F00F296
:10B900009F8008F00707052F05F0300563D022D887
:10B91000042F03D1012002B0BDE8F081B5F130025F
:10B9200018BF0122002AF5D0102D03D0202D56D0AB
:10B93000002DEFD123689B781A070CD413F00C0F5D
:10B94000E8D1F1F7C3FD08B9002F77D1236893F947
:10B950000230002BDEDAB30763D52379012B01D83F
:10B96000FFF7D8F8A6792368E57993F80180FF2ED0
:10B9700014BFF6180026FF2D14BFED18002508F09F
:10B980000708F6B1F1F7CCFD02220146304601F07E
:10B99000D8FCB0B14FF6FF77022201A93046ADF8CE
:10B9A000047001F0CEFC60B1B8F1000F46D1F1F7A0
:10B9B000B7FD02226946ADF8007001F0C2FC002814
:10B9C0003CD1A5B3647C022C10D0082C2BD074B3CE
:10B9D000FFF7A0F89EE7B5FA85F25209A2E718F042
:10B9E000040F97D1E37CFF2BB5D193E7F1F7B2FDBC
:10B9F00022460146284601F0A4FC90B14FF6FF73A1
:10BA0000224601A92846ADF8043001F09AFC40B165
:10BA1000F1F7ACFD014688B12246284601F091FCC1
:10BA200060B9002077E7F1F787FD0146F4E7F1F709
:10BA30004DFD0028F5D1B8F1000FF2D003206AE7E0
:10BA4000092068E703785A0607D14278DB0943EA00
:10BA500042037E3BDBB2012B04D9884234BF002075
:10BA60000120704701207047837AFF2B12D00268B3
:10BA7000D35C012003F00703984010F0220F0BD194
:10BA800010F0440F0AD100F08800003818BF0120E0
:10BA9000000170470020704704207047082070475D
:10BAA000022804D0C31E58425841C00070470420E9
:10BAB000704710B40C461146A0B1802C12D8186003
:10BAC00000224FF0FF30C3F811005C71C3F806008C
:10BAD000C3F80A00D8811874586110BC1A7118464E
:10BAE000F3F740BC002010BC70470B46802B11467A
:10BAF00005D842799A4238BF4371F3F733BC00202E
:10BB00007047012070477047FFF789BBFFF790BB74
:10BB100010B5034690F8210098B10C785A7EA242E5
:10BB200010D172B1486860B103F11001531E022BAD
:10BB30009ABF9200033A002201F003FCB0FA80F0B1
:10BB4000400910BD0020FCE708B5F4F76FFABDE826
:10BB5000084000F02BB808B500F029F8BDE808400F
:10BB6000F4F752B838B503685B7803F00702052A8A
:10BB700004460D4601D09B0601D4FEF7CBFF236897
:10BB80009B7803F03003102B02D0202B06D05BB93A
:10BB900029462046BDE83840F4F758BA29462046E1
:10BBA000BDE83840F4F74EB8002038BD7047704704
:10BBB0004FF08053D3F83021082A03BFD3F8340163
:10BBC000B0FA80F040090020704703460020184773
:10BBD00000F01BBC10B502461168B1B1BFF35B8F1A
:10BBE000B1FA81F3C3F11F000123834021EA03036B
:10BBF00052E8004F8C4204D142E8003CBCF1000FF7
:10BC0000F6D1BFF35B8FE7D110BD6FF00B00FBE700
:10BC100010B50368CB40DB0714D401238B400268C6
:10BC2000BFF35B8F43EA020150E8004F944204D116
:10BC300040E8001CBCF1000FF6D1BFF35B8FEED1E2
:10BC4000002010BD6FF01500FBE770B50C46002119
:10BC5000054608461646F4F70DFB48B93378DB0075
:10BC600003F1804303F5F833C3F81055C3F81445C6
:10BC700070BDCB0003F1804310F4807F03F5F833EF
:10BC800006D0D3F81025A2B9C3F8100500207047DC
:10BC9000D3F8142512B9C3F81405F7E7890001F1A8
:10BCA000804101F5F831D1F810392BB9C1F81009EC
:10BCB000ECE76FF0850070476FF00F007047F7B545
:10BCC000019001A8DDE9084716461D46F4F706FB7A
:10BCD000019BB6F1000C18BF4FF0010C00EB830084
:10BCE0000B1E18BF0123002D43EA4C030CBF4FF07D
:10BCF000000C4FF00C0C002C43EA0C030CBF4FF06F
:10BD0000000C4FF4E06C002F43EA0C03D0F800273E
:10BD10000CBF4FF0000C4FF4403C43EA0C0322EA06
:10BD2000030301B109780EB13678760019430DB1DD
:10BD30002D78AD0031430CB12478240229430FB192
:10BD40003F783F040C433C43C0F8004703B0F0BDCC
:10BD50001FB50DF10F03019300238DF80F10009311
:10BD60001A461946FFF7ABFF05B05DF804FB10B5A6
:10BD700004460846F4F7C2FA04EB4004207DC0F301
:10BD8000401010BD10B504460846F4F7B7FA04EBAE
:10BD90004004207DC0F3400010BD10B504460846A5
:10BDA000F4F7ACFA04EB4004A08A400B10BD70B568
:10BDB000044608461646F4F7A1FA08300D4634F852
:10BDC0001030DA0509D5C3F3432304EBC30231462F
:10BDD00054F83330526828469847A3682BB1E2687C
:10BDE00031462846BDE87040184770BD10B504467E
:10BDF0000846F4F783FA04EB4000838ADA051DD580
:10BE0000C3F3432123F4F853838204F1120204F1B3
:10BE1000720032F8023F13F4807F03D0C3F3432350
:10BE200099420BD08242F4D104EBC10300225A6044
:10BE300004F17800BDE81040FFF7EABE10BDF0B590
:10BE4000034600F58074002005460127844695428C
:10BE50000AD1D3F87C2132B10022C3F87C21D3F877
:10BE60007C3140F00040F0BD25F0404607FA06F670
:10BE7000314209D0D4F800E0BEF1000F04D0C4F87C
:10BE800000C0D4F800E0304301350434DFE738B5B2
:10BE900004460D46FFF76BFFA8B12046FFF772FF7F
:10BEA00088B92046FFF779FF226801238340C2F852
:10BEB0000833236803EB8000D0F8103523F0030328
:10BEC000C0F8103538BD28460021BDE83840FFF7DE
:10BED0003FBF2DE9F043174685B004460846F4F706
:10BEE0000DFAD7F800800E460546B8F1000F1ED0B7
:10BEF0002046FFF747FF18B12046FFF738FF20BB69
:10BF00000023CDE900338DF80E308DF80F300DF1A0
:10BF10000F0243460DF10E013046FFF7D0FE04EB51
:10BF20004502938A23F0020343F0010393827B6866
:10BF30009BB33146204693F80080D3F80490FFF776
:10BF400021FF28B1B9F1000F1FD06FF0150027E0D5
:10BF500004EB4500838A23F4604323F020038382AB
:10BF6000B9F1000F11D0B8F1030FEED87B6821684A
:10BF70005B6893F800C04FEA8C031944B8F1000FD6
:10BF800011D1C1F81085C1F8108504EB4502938AE0
:10BF900023F01C0343EA88039382BB6843BB002061
:10BFA00005B0BDE8F083D1F8102522F00302C1F8F6
:10BFB000102522681344D3F8102522F44F3222F4BE
:10BFC0004072C3F810253202D3F8101502F47C52E7
:10BFD00042EA08420A43C3F8102504EB4C03A3F8D5
:10BFE0007C60838A43EA4C3343F020038382CCE7AE
:10BFF000D3E9007831462046FFF7F8FE002FCED077
:10C0000063689F4206D004F17800FFF7E3FD002843
:10C0100004DAC5E7A3689845F5D1002004EBC00316
:10C02000C3E9017804EB4505C0B2AB8A43EA40237B
:10C0300043F48073AB82B2E72DE9F043054685B047
:10C04000084616461F46F4F759F90C46804626B3B3
:10C050002846FFF797FE18B92846FFF788FE18BB59
:10C0600005EB4809B9F8143003F01C0313B17378D9
:10C07000012B19D001238DF80F300023CDE9006387
:10C08000721CB31C0DF10F012046FFF718FEB9F822
:10C09000143043F00303A9F81430002F3FD0214699
:10C0A0002846FFF76FFE20B96FF0150005B0BDE818
:10C0B000F0833E782B6803EB86030022C3F810253B
:10C0C000C3F8102505EB48024FEA860C938A23F447
:10C0D000604323F020039382787800B32968BF7807
:10C0E00061440004D1F8103523F4991323F4F85374
:10C0F000C1F81035230200F4403003F47C530343AD
:10C100003805D1F8105500F4801003432B43C1F8D3
:10C110001035938A43EA463343F02003938200208C
:10C12000C4E7C0E90312704770B504461546FFF72F
:10C130001EFE48B10846F4F7E1F804EB4004002085
:10C14000A38A5B0B2B7070BD6FF01500FBE738B551
:10C1500090F88C4005469CB960222146143001F0CD
:10C16000E4F82868C0F87C41D0F87C3140F307300F
:10C17000EAF72AFD012385F88C30AB67204638BDED
:10C180006FF07700FBE790F88C00003818BF0120B3
:10C190007047F4F7EDB82DE9F34104461746FFF771
:10C1A000E6FD0D462668F0B12046FFF7EBFD804620
:10C1B000C8B92046FFF7F1FD820002F5807346F80A
:10C1C0000380F35823681344D3F8102542F001028A
:10C1D000C3F8102527B1226801238340C2F8043335
:10C1E00002B0BDE8F081D6F80433002BA4BF4FF0B5
:10C1F0000043C6F804332846F4F780F804EB400403
:10C20000A38AC3F38203042B12D0052B12D001A8FA
:10C210000195F4F763F8019BD0F81015D94001F0AF
:10C2200001010231284602B0BDE8F041FFF790BDA0
:10C230000321F7E70221F5E7FFF729BE00F180436C
:10C240001A68002A1FBF00221A601B68012008BF5D
:10C25000002070474FF080434FF46072C3F804230E
:10C2600070474FF080434FF46072C3F80823704763
:10C2700008B5F4F7F9F9BDE80840FEF71EBC91F8DF
:10C2800020200346032A29D8DFE802F021251902DD
:10C290008A68500304D5D3F84C250869904207D129
:10C2A0008A6852031AD4D3F84C258969914215D073
:10C2B00000200622C3F80005C3F800257047D3F814
:10C2C0004C2508699042F3D1D3F83C25EDE7D3F82B
:10C2D0004C250969EAE7D3F83C25FAE701207047C5
:10C2E00030B59508403D0124AC400C4208D081583F
:10C2F00031B100218150825813B11A6822431A606B
:10C3000030BD13B500230C4601934FF4A47201AB6A
:10C31000FFF7E6FF21464FF48272FFF7E1FF214667
:10C320004FF49272FFF7DCFF21464FF4A872FFF73B
:10C33000D7FF21464FF4A672FFF7D2FF21464FF4F4
:10C34000B072FFF7CDFF4FF4AE722146FFF7C8FF82
:10C35000019802B010BD10B44FF080528B68D2F833
:10C360003021CC7B082A04D1B3F1C86F08BF4FF04D
:10C37000C46302682CB9D1E90041C2F80845C2F88B
:10C380000C15C2F8243543682BB1006810BC40F38B
:10C390000730EAF719BC10BC704738B50D4690F865
:10C3A00026100446C9B9C160C0E9012380F82910EC
:10C3B00080F8281065B1AB7B80F82B302846F4F765
:10C3C000A3F96B7B84F82A3029462046FFF7C3FF88
:10C3D000012384F82630002038BD6FF07700FBE79A
:10C3E00003680622C3F80025022380F82630704730
:10C3F00007B5019001A8F4F7FFFB019A01239340D0
:10C40000C0F8083503B05DF804FB08B1EBF734BAA7
:10C41000704710B5436904463BB90020E268537881
:10C4200043F001035370404210BD98470028F4D0F8
:10C430000028B8BF4042E368FF28A8BFFF2018705B
:10C44000ECE7C3685B78DB0701D4FFF7E2BF6FF06E
:10C450007700704740B1C368587810F001001EBFE4
:10C460001878B0FA80F040097047EFF31183402349
:10C4700083F31288BFF36F8FFEE708B5FFF7F5FF70
:10C480002DE9F04F89B0DDE9126805924346054673
:10C49000324606A80F4600F016FCDDE90634CDE969
:10C4A0000234EFF311844FF0400989F31288BFF38F
:10C4B0006F8F05F10C0A05F1140B059A149B394690
:10C4C0002846984730B184F31188BFF36F8F09B0C5
:10C4D000BDE8F08F56EA0806F5D0DDE9022306A88C
:10C4E00000F016FCDDE906685246CDE900682146F9
:10C4F0005846F5F77BFCEFF3118489F31288BFF3FC
:10C500006F8FDAE710B400F10C04C0E9034410BCEB
:10C51000F9F7E7BD38B50446EFF31185402383F3FF
:10C520001288BFF36F8FF9F7E5FC04F10C0000F0FF
:10C53000D9FA30B1294604F11400BDE8384000F0C2
:10C54000B6BA85F31188BFF36F8F38BD10B5426955
:10C550006AB1836842EA0301890708D10169A2FB35
:10C56000011424B95B182CBF0121002102D36FF004
:10C57000150005E0C1609B1A02698A4201D80020BB
:10C5800010BDC2681A604269C36001319B1AF3E7AB
:10C5900010B5C0E904320023816083610446FFF7CF
:10C5A000D5FF08B9C4E9004410BD2DE9F0410546A6
:10C5B0000F46EFF31188402383F31288BFF36F8F88
:10C5C000C668FEB90468A0421CD0DCB1D4E90032D0
:10C5D00013605A60237CA66023F002032374C4E92D
:10C5E000006604F1180000F033FB2046C4F8B86080
:10C5F000676100F0E0F9414605F10800BDE8F0414F
:10C6000000F055BA3E60AB69EF60013BAB6188F367
:10C610001188BFF36F8FBDE8F08108B54024EFF3B8
:10C62000118384F31288BFF36F8FFBF740F9F6E7AD
:10C63000D0E9003213605A60027C002322F002022B
:10C64000C0E9003302748360704713B5012400947D
:10C65000F4F7FCFC02B010BD90F90E308B4201D013
:10C66000F5F7E6BB0020704703460020C3E902004F
:10C67000C3E900337047D0E9003213605A60027C8E
:10C68000002322F00202C0E9003302748360704785
:10C690002DE9F843914604469DF820200D46EFF31E
:10C6A0001186402181F31288BFF36F8F02B1456874
:10C6B000D4F8088004F10807474518D0B8F1000FF6
:10C6C00015D04046FFF7D7FF08F1180000F0C0FA78
:10C6D0000023C8F8B830C8F81490404600F06BF951
:10C6E0003846314600F0E3F90020BDE8F883A3B1F5
:10C6F0000820F6F70BF9002838D00122C0F8049082
:10C700000260016801F003015DB922680A4302601A
:10C71000626820606AB960600BE0C9F80030484682
:10C72000EFE72A68032A16D80160616869B9C4E98D
:10C730000000042104F1100000F05AFB0028CFD1C2
:10C7400086F31188BFF36F8FCFE70A6802F0030208
:10C7500002430A60DFE722F003020A4302602A680C
:10C7600002F0030240EA02032B60E2E76FF00B00E5
:10C77000E6E710B5044630B10268930703D0446879
:10C7800009B100F0C5FB204610BD0023C0E900330D
:10C7900000F10803C0E9023300F11003C0E90433DB
:10C7A000704707B50123009300230A461946FFF797
:10C7B0006FFF03B05DF804FB07B500230A46009342
:10C7C0001946FFF765FF03B05DF804FB0068002120
:10C7D000FFF7CFBF5AB18A4209D300F11003C0E975
:10C7E0000212C0E90000C0E90433002070476FF076
:10C7F00015007047026801238B4022EA030303609F
:10C8000022FA01F000F00100704710B50321044640
:10C810000C30FFF7EFFF30B104F1100000F018FA10
:10C82000B0FA80F0400910BD20B100221146CC3092
:10C8300000F0A0B9704773B50446EFF311854023AB
:10C8400083F31288BFF36F8F00230193D0E9042391
:10C85000B3F1004F08BF012A05D085F31188BFF35B
:10C860006F8F02B070BDA0F1100603210438FFF7EE
:10C87000C1FF0028F1D0A369019301A93046F4F764
:10C88000F7FEEAE738B504460D461022002100F015
:10C890004CFD656038BD13B501900846EFF3118477
:10C8A000402383F31288BFF36F8F01A9F4F7E0FEF2
:10C8B00084F31188BFF36F8F02B010BD10B5FFF77E
:10C8C000EAFF041E08DDEFF31180402383F3128892
:10C8D000BFF36F8FF5F718FB204610BD38B5302237
:10C8E00004460D46002100F020FD4FF48073656082
:10C8F000E36038BDD0E9003213605A60027C002347
:10C9000022F00202C0E90033027483607047EFF343
:10C910000580003818BF012070478030704710B57F
:10C9200000238B4202D11360002010BDC45CAA2CEE
:10C93000F9D10133F5E708B50A46D0E92801FFF738
:10C94000EEFF002008BDD0E9003213605A600023DA
:10C95000C0E90033704708B5FFF7F5FF037C23F00B
:10C96000020303740023836008BD38B504460D46F6
:10C97000F5F742F9237C43F002032374D5B1A56097
:10C980002B689D4209D16B68C4E900531C606C6040
:10C9900010E06A689A42F6D01B68002BF3D093F936
:10C9A0000E1094F90E209142F3DD5A68C4E900326A
:10C9B00014605C6038BD10B5EFF31184402383F33D
:10C9C0001288BFF36F8FF5F7D7F884F31188BFF3A0
:10C9D0006F8F10BD10B5EFF31184402282F31288DF
:10C9E000BFF36F8F027CD10604D484F31188BFF3A8
:10C9F0006F8F10BD22F010020274F5F7BDF82046CB
:10CA0000BDE81040F5F730B908B5EFF311814022C9
:10CA100082F31288BFF36F8F83680BB1FFF79BFF20
:10CA200081F31188BFF36F8F08BD08B5037C13F045
:10CA3000280F01460CD183680BB1FFF78CFF0B7CEC
:10CA400023F004030B740846BDE80840F5F794B8DA
:10CA500008BD10B5EFF31184402383F31288BFF3B0
:10CA60006F8F1838FFF7E1FF84F31188BFF36F8FE2
:10CA700010BD08B50346EFF31181402282F31288FE
:10CA8000BFF36F8F0068834207D008B1FFF763FFE1
:10CA900081F31188BFF36F8F08BD0020F8E710B550
:10CAA000FFF7B2FFBDE81040183000F0D1B80846DB
:10CAB000F5F7DAB838B504680546AC424FF0000027
:10CAC00000D138BD002CFCD02046FFF744FF04F114
:10CAD000180000F0BDF82046F5F74EF82C6801204C
:10CAE000A542EDE710B5EFF31184402383F31288DC
:10CAF000BFF36F8FFFF7DEFF84F31188BFF36F8FF3
:10CB000010BD38B50C460546F5F79AFAB4F1FF3F6B
:10CB100008BFB5F1FF3F1FBF47F6FF7300224FF478
:10CB20007A71E0FB01321ABFD80B40EA42404FF065
:10CB3000FF3038BD38B50446EFF31185402383F349
:10CB40001288BFF36F8F037C5B070ED5183000F09F
:10CB50007FF8237C23F0040320462374F5F70CF8B8
:10CB60002846BDE83840F5F77FB885F31188BFF354
:10CB70006F8F38BD38B5EFF31185402383F31288EA
:10CB8000BFF36F8F0468A04213D0A4B1C4F8B810EB
:10CB900062612046FFF7DFFE04F1180000F058F84C
:10CBA0002046F4F7E9FF012085F31188BFF36F8F6A
:10CBB00038BD0020F8E72046F6E72DE9F0470646A5
:10CBC0000F4691469A46EFF31188402383F312886B
:10CBD000BFF36F8F0068864206D028B17368984211
:10CBE00014BF0568002568B90024B9F1000F02D010
:10CBF00051462046C84788F31188BFF36F8F2046FF
:10CC0000BDE8F0875146B84704460028EDD135B15C
:10CC10007368AB4200D02C6828462546E3E72C46D3
:10CC2000FAE708B50246F5F7DDFB70B1D0E904314B
:10CC30009B1A61EBE272B3F1004F72F1000104DA6A
:10CC4000002AACBF1846002008BD6FF00040FBE78B
:10CC500038B50246EFF31185402383F31288BFF302
:10CC60006F8F0368D3B1F5F7BDFB04461046F5F7A7
:10CC7000CBFB00224FF000438442C0E9042305D0DF
:10CC8000002085F31188BFF36F8F38BDF5F7B2FB35
:10CC9000FFF7C7FF0021EEF7FFF9F1E7D0E9041332
:10CCA000B3F1004F08BF012904D100204FF000412B
:10CCB000C2E904016FF01500E3E708B5F5F7ACFC35
:10CCC00008BDF5F7A9BCB3F1FF3F08BFB2F1FF3FC4
:10CCD00070B506461D46144614D01A4316D0002BD4
:10CCE00008DBF5F799FC041941EB0501C6E90041A1
:10CCF000304670BD6FF001031C1B4FF0FF3363EB38
:10CD00000501F3E74FF0FF342146EFE70024FBE78E
:10CD1000B3F1FF3F08BFB2F1FF3FF8B50746164633
:10CD20001C4610D054EA020311D0F5F775FCB0424E
:10CD30000A46A14103460AD2F31A64EB0204C7E98A
:10CD400000343846F8BD4FF0FF331C46F7E70023A8
:10CD5000FBE70023C0E9081200F11802C0E906222F
:10CD6000C0E900330363436370472DE9F0418468F1
:10CD700005460E46D4B16378012B22D114F8503CFD
:10CD80009A0711D5A4F160073846FFF788FE082EF0
:10CD900014BF00236FF00303A36514F8503CDB06B7
:10CDA00002D13846FFF707FE002323700023AB6053
:10CDB000EB68C3F38632164366F39433EB60BDE849
:10CDC000F081022BF0D12378002BEDD054F8048CA5
:10CDD000B8F1000FE8D004F11400FFF739FFA4F117
:10CDE00014070023E36239464046FFF754FDDBE7B2
:10CDF00038B5EFF31185402383F31288BFF36F8FAB
:10CE00000468A04211D0D4E9003213605A600023B4
:10CE1000C4E900332046FFF7A8FF85F31188BFF36C
:10CE20006F8F201E18BF012038BD0024F5E72DE9C3
:10CE3000F3470446DDE90A9815460E4659B302F059
:10CE4000010AF5F739F90746EFF31181402383F31F
:10CE50001288BFF36F8FA80744BF0023A360A368A5
:10CE600003EA0600BAF1000F0CD086420CD16A0723
:10CE700044BF8343A36081F31188BFF36F8F02B077
:10CE8000BDE8F0870028F2D159EA080305D181F303
:10CE90001188BFF36F8F0020F1E7C7E919652246BB
:10CEA000CDE9009804F10C00F4F7A0FF0028F2D1BE
:10CEB000786EE4E710B50446D0E919020B6812F069
:10CEC000010F03EA000301D0984210D17BB16366E1
:10CED000520742BF4A681A434A6004F11800FFF73C
:10CEE000B7FE0023C4F8B8302046FFF79EFD0020AF
:10CEF00010BD0023C0E90000836070470A46F5F7C3
:10CF0000B7BC0A460021F5F7B3BC5200FFF78FBF4C
:10CF100020B1011F50F8040CFFF7FCBA70477047AE
:10CF200001325201801A61F10001704707B501908A
:10CF300001A8F5F709FD0199D0F8042501238B40DC
:10CF400023EA02011340C0F80815C0F80C3503B0FD
:10CF50005DF804FB13B50446F5F7A4FE68B1012C97
:10CF600015D80378019301A84CB9F5F7EDFC019AA7
:10CF700001239340C0F80C35012002B010BDF5F735
:10CF8000E3FC019A01239340C0F80835F4E7002040
:10CF9000F3E707B5F5F786FE68B10378019301A8BA
:10CFA000F5F7D2FC019BD0F81005D84000F0010045
:10CFB00003B05DF804FB0220FAE73F20704770479A
:10CFC00010B5BFF35F8FD0E84F3F0C78DBB29C42C7
:10CFD00004D00B70BFF32F8F002010BDC0E8432F8B
:10CFE000002BF0D1BFF35F8F0120F6E737B50023A8
:10CFF00004460D4601220DF1070148308DF8073037
:10D00000FFF7DEFF58B9022D0BD18DF8070004F1B0
:10D01000980004F15005FFF7D3FF10B12C462046CD
:10D0200000E0002003B030BD73B500F148060446AF
:10D030008DF8071003220DF107013046FFF7C0FFFE
:10D0400098B100254FF0FF332364204684F8385010
:10D0500084F84950F5F764FE03232A460DF10701D1
:10D0600030468DF80730FFF7ABFF02B070BD37B523
:10D07000846994F84930256C012B12D0042B14D00C
:10D08000012302220DF1070104F148008DF8073059
:10D09000FFF796FF58B1E36B284603B0BDE8304078
:10D0A0001847022384F84930EAE70523FAE703B07A
:10D0B00030BDE5F775BD38B50C46F5F721FE0546E0
:10D0C00010B90024204638BDF6F73AF90CB900280B
:10D0D000F7D1611CC9B22846FFF7A6FF0446F5F751
:10D0E00057FEF5F749FFEDE710B50C46F5F708FEDA
:10D0F000034628B190F8380010B183F83840012079
:10D1000010BDE5F75FBDF5F77BBF10B5D0E9044270
:10D11000D1E90403844272EB030105D3A042934199
:10D1200034BF0120002010BD4FF0FF30FBE710B5E9
:10D13000D0E90042D1E90003A04293412CBF012075
:10D14000002010BD08B5FDF702FDBDE80840FDF761
:10D1500002BDBFF35F8F00230372BFF35F8F704781
:10D1600008B5034608467BB11A7F92070CD5BFF37A
:10D170005F8F1B7ABFF35F8F43B9EEF713FB003865
:10D1800018BF0120400008BD0120FCE70220FAE79B
:10D190000120704708B5E5F75DFBBDE808400020B9
:10D1A000E5F764BB00230360037170472DE9F84F76
:10D1B00004460D4617469946BFF35F8F01EB020BFD
:10D1C00094F804A0A0465FFA8AFA58E8006F3EB1CE
:10D1D00031462846C847002802DB06EB0708F4E77B
:10D1E00023795345ECD1CBF8006048E80053002B7D
:10D1F000E6D1201DBDE8F84F00F065B8F8B5BFF3E3
:10D200005F8F06790546F6B255E8003FA3B18B4221
:10D2100003EB02040ED19B5801240779B742F0D1E9
:10D2200045E80036002EECD114B1043000F04BF884
:10D230002046F8BD2546E7E71C46EEE72DE9F84312
:10D2400006460F4690469946BFF35F8F56E8005F4B
:10D250002DB9BFF32F8F2C462046BDE8F8834946F1
:10D260002846C047044610B1EB592C461D4646E8F7
:10D270000053002BEAD1002CEED0301D00F023F833
:10D28000EAE70068704700230360704750E8003FFA
:10D290005A1C18BF013340E80032002AF6D1BFF310
:10D2A0005F8F013B584258417047BFF35F8F0023A7
:10D2B00050E8002F40E800310029F9D1012A94BF3D
:10D2C000002001207047D0E84F3F0133DBB2C0E8B7
:10D2D000423F002AF7D1BFF35F8F70470A44914263
:10D2E00000F1FF3300D1704710B511F8014B03F87E
:10D2F000014F9142F9D110BD884210B501EB0204F3
:10D3000002D98442234607D8431EA14207D011F810
:10D31000012B03F8012FF8E70244824200D110BD2F
:10D3200013F8011D02F8011DF7E70244034693427A
:10D3300000D1704703F8011BF9E70A220021F8F732
:10D340006BB910B501390244904201D1002005E0CB
:10D35000037811F8014FA34201D0181B10BD013012
:10D36000F2E7C9B20346184613F8012B12B18A42FC
:10D37000F9D17047002918BF0020704710B56AB175
:10D380000139841810F8012B11F8013F9A4203D19A
:10D39000A04201D0002AF5D1D01A10BD1046FCE7FA
:10D3A00010B50139034632B111F8014F03F8014BB2
:10D3B000013A002CF7D11A440021934200D110BD4C
:10D3C00003F8011BF9E710B5024601448A421346EF
:10D3D00003D01C780132002CF8D1181A10BD0A783D
:10D3E00070B56AB970BD9A4209D10C46054614F869
:10D3F000013F002BF6D015F8016F9E42F7D00130A7
:10D400000378002BEFD11846ECE7F0B5C3F13707EE
:10D410000446FFB203F01F031046082BE6B233D0D8
:10D42000102B3ED06508A40844EA817445EAC17512
:10D430002D194FEA910242EB5102290941EA02718A
:10D440006D1842EB1212290A41EA02616D1842EB93
:10D450001222290C41EA02416D1842EB1242AD182A
:10D4600042F10002EC0844EA4274D10804EB840261
:10D47000A6EB4205EDB2092D0CD90134A5F10A0540
:10D4800041F10001EDB212E0E40844EA417406F013
:10D490000705C908303554EA010200F8015BBCD128
:10D4A000F0BD240944EA017406F00F050909092DAD
:10D4B00084BFED19EDB2EDE7D1E9043293421EBF0E
:08D4C0005A1C0A611870704744
:08D4C8001A5CFE7F0100000068
:10D4D0009D78000000000000697800000000000056
:10D4E00000000000B0D501006D0F01000000000039
:10D4F000C90F01000000000000000000F0D501008D
:10D5000000000000D0D50100A9B10000000000001B
:10D510008BAA01000000000095AA01000000000095
:10D520000000000050D601000000000030D60100CD
:10D530000000000070D601000000000010D60100BD
:10D54000A9AE0000000000006D71000000000000A6
:10D5500011B200000000000099AA010000000000C4
:10D560001D2901000000000000000000B0D60100ED
:10D570000000000090D60100314C000000000000C7
:10D5800000000000D0D601000000000010D701000C
:10D5900000000000F0D601007984000000000000C7
:10D5A00081B30000000000000940000000000000FE
:10D5B0007DFB0100A8E00100ACD70100D8060020E7
:10D5C00088470020119C0000000000009CE0010042
:10D5D000C1FB0100E4E0010038D70100DE060020B5
:10D5E0003048002039A3000000000000D8E001000E
:10D5F000D5FB010004E1010038D70100E00600205E
:10D600003C48002039A3000000000000F8E00100C1
:10D6100047FB0100D8DF0100C8D70100D406002075
:10D62000700000208587000000000000CCDF0100B2
:10D6300092FB01000000000030D70100DA06002054
:10D64000DC47002085A0000000000000B8E00100D9
:10D65000A6FB010000000000D0E00100DC06002075
:10D6600000000000099C010000000000C4E001006F
:10D6700018FC0100C0E1010014D80100E8060020F8
:10D68000180400202BA8010000000000B4E10100F4
:10D6900063FB010078E0010034E00100D6060020C1
:10D6A00034030020458E00000000000024E001004B
:10D6B000E9FB0100E80300205CD70100E20600203E
:10D6C00048480020659D01000000000018E10100AD
:10D6D00003FC010084E101004CE10100E4060020AC
:10D6E000800B002079A600000000000040E101004E
:10D6F0000EFC01009CE1010074D70100E606002049
:10D70000B04800208BA101000000000094E101005E
:10D710004BFC01000000000090D70100EA06002049
:10D720000C490020BFAA01000000000004E2010033
:08D7300031A00000819F000000
:10D7380069A10000639C0100719C0100899C0100A3
:10D74800959C0100A19C010075A30000BB9C0100F1
:04D7580000000000CD
:10D75C00419F0100000000009D9D010000000000A1
:08D76C0000000000119F010004
:10D7740000000000000000000000000075A501008A
:10D7840091AA00000000000000000000000000005A
:10D794000000000000000000C3AA0100A5B20000C0
:08D7A40000000000000000007D
:10D7AC00699C00006F9B0100D59B010000000000EC
:0CD7BC000D9B01000000000000000000B8
:10D7C800AB8801001187000000000000D588010027
:10D7D80097880100A58D01005B8901000788010079
:10D7E800DB8D010051890100000000001F88010045
:10D7F8000000000000000000278801005F8D010084
:10D80800398801004F8A01004188010019A60100EA
:10D818000DAB00000BA60100FBA801003FA601000C
:10D8280067A601009DA60100B1A60100DFA60100C0
:10D83800F3A60100B1A60100CFA6010007A70100C9
:10D8480015A7010023A7010055A7010059A701004A
:08D858000000000000000000C8
:10D86000040000000F00000001000000080000009C
:10D87000200000006C0000007C0000001000000090
:10D880000C0000000E0000005000000080000000AE
:10D89000B4000000FFFFFFFFFFFFFFFFFFFFFFFFE0
:04D8A000FFFFFFFF88
:10D8A40010E70100E0010020283C0020D001002006
:10D8B4000200000060DC0100243C002000000000A5
:0CD8C400F5ED0100581C002040910020F0
:10D8D00030DB0100F0DC0100B8DB010058DB0100A7
:10D8E0000CDC01008CDC0100C8DC010044DB010021
:10D8F0001CDB010004DD0100B4DC0100A0DC010040
:08D90000DCDC010008DB010082
:10D90800000000000000000000000000000000000F
:10D9180000000000EAE40100F1E40100000000005A
:10D92800954000000000000057E4010020E50100D8
:10D9380000000000B1400000020000001BE60100EA
:10D9480022E6010080D9010000000000000000006C
:10D95800A6E50100ADE5010000000000A1330000CC
:10D968000101000003E601000BE6010000000000D1
:10D97800014100000000000000000000000000005D
:10D98800000000000000000000000000F4E80100B2
:10D99800F9E8010000000000D54300000200000083
:10D9A80011E7010016E701000000000039410000FE
:10D9B8000000000093E801009AE801000000000060
:10D9C8007143000002000000B7E70100BEE7010054
:10D9D80000000000414200000000000030E80100A3
:10D9E80038E80100000000000D43000002000000BC
:10D9F800000000000000000000000000000000001F
:04DA0800000000001A
:08DA0C003944000059440000F8
:10DA2000FFFFFFFFFFFFFF7FFFC99A3B00000000E1
:10DA3000FFFFFFFFFFFF0000CA529A3B00000000FB
:10DA4000D8ECF0F4F8FC0002030405060708000017
:10DA500000000000000000000000000000000000C6
:10DA60000000010101010202020203030303040496
:10DA70000404050505050606060809000000000067
:10DA80000000000000000000000000000000000195
:10DA9000010101020202020303030304040404055A
:10DAA00005050506060708090A0B0C0D0010020003
:10DAB000FA0000001B5B4A00001B5B4800001B5B78
:10DAC000324A00001B5B4A00001B3700001B380075
:10DAD000001B5B3F336C00001B5B4800001B5B328C
:10DAE0004A00001B3700001B380000000000000047
:10DAF0000338FDD87047000000000000000000005F
:10DB00000338FDD87047000057E401005DE40100D0
:10DB10000000000089370000010000006FE40100F0
:10DB200077E4010000000000613700000100000000
:10DB30009CE4010092E4010000000000E1370000D5
:10DB400001010000BDE40100C4E4010008D90100A6
:10DB5000000000000000000000EA0100D5E901001B
:10DB60006CDB0100000000000000000070DB010021
:10DB700011E70100ACDB01000CDA0100DD4400001C
:10DB800001010000E5E90100EAE9010010DA010005
:10DB900079440000020000000000000000000000C6
:10DBA000000000000000000000000000C40BD2864E
:10DBB00007EA010038EA0100F5EA0100FAEA01008B
:10DBC000CCDB01000000000000000000D0DB010001
:10DBD00046F5010008EB010000000000654600006A
:10DBE0000000000018EB01001CEB01000000000029
:10DBF0008D47000000000000000000000000000051
:10DC0000000000000000000000000000A3EC010084
:10DC1000AAEC010020DC0100D14700000202000054
:10DC200024DC01006CED010071ED0100000000003A
:10DC30008948000005020000A9ED0100AEED0100D9
:10DC400000000000694B000002010000000000001D
:10DC500000000000000000000000000000000000C4
:10DC60008E4F00201E00000053730100A4D8010055
:10DC7000C8010020614C00009D660100E9650100BB
:10DC800037660100FB6501000000000000F10100A3
:10DC9000C4F0010000000000455800000100000031
:10DCA000B5F10100BCF1010000000000956000002A
:10DCB00001000000E6F10100EDF1010018DD0100B6
:10DCC000356100000101000092F201009AF20100AA
:10DCD000000000005560000001000000ABF20100F0
:10DCE000B1F2010044DD010000000000000000006E
:10DCF000D7F20100DDF20100000000000161000028
:10DD000001000000EBF20100EFF201000000000052
:10DD10008D750100000000001CDD010012F3010000
:10DD20001AF3010000000000C15F000001000000C4
:10DD300000000000000000000000000000000000E3
:10DD40000000000048DD01005EF3010067F3010000
:10DD500000000000016000000100000084F30100E9
:10DD600093F30100E8DD0100000000000000000066
:10DD700043F401004AF4010028DF01000000000024
:10DD80000000000061F4010067F40100E8DE01001A
:10DD900000000000000000007EF4010085F4010096
:10DDA000A8DE0100000000000000000094F4010063
:10DDB00099F4010068DE0100B1600000010100007B
:10DDC000ACF40100B2F4010028DE01000000000004
:10DDD0000000000000000000000000000000000043
:10DDE0000000000000000000ECDD0100C4F40100B0
:10DDF000CEF4010000000000E17501000100000008
:10DE000006F501000DF50100000000006976010033
:10DE10000100000000000000000000000000000001
:10DE200000000000000000002CDE010044F50100AD
:10DE30004AF501000000000091750100010000009A
:10DE400078F501007DF5010000000000ED5F0000A5
:10DE500001000000000000000000000000000000C1
:10DE600000000000000000006CDE010048F101002D
:10DE7000A9F5010000000000477601000100000044
:10DE800008E60100E8F5010000000000BF75010090
:10DE90000100000000000000000000000000000081
:10DEA0000000000000000000ACDE010048F10100AD
:10DEB000FBF50100000000004560000001000000CB
:10DEC00008E601000BF6010000000000B375010038
:10DED0000100000000000000000000000000000041
:10DEE0000000000000000000ECDE010048F101002D
:10DEF0001AF6010000000000257601000100000074
:10DF000008E6010032F6010000000000AD760100D5
:10DF10000100000000000000000000000000000000
:10DF200000000000000000002CDF010048F10100AB
:10DF300049F6010000000000037601000100000026
:10DF400008E6010061F60100000000008B76010088
:10DF500001000000000000000000000000000000C0
:10DF600000000000000000000000000055780100E3
:10DF700000020020F8010020F00100200000000055
:10DF8000E8010020C9640000BD63000011640000C6
:10DF900071640000000000200000000000000B067B
:10DFA00002000000A8DF0100000000002AFB0100C1
:10DFB000260002060000002032FB010022000B11A7
:10DFC0000D770000000000003D790100D0DF010066
:10DFD0000100000047FB0100C0020020000000001B
:10DFE0000B050020D402002000000000C0DF01006B
:10DFF000FCDF0100800000000000000078BD002070
:10E00000C0DF010010E001008000000000000000FF
:10E0100038C7002084E00100400700200000000015
:10E020000000000028E001000200000042FB0100A7
:10E0300071FB010000000000A58F0000FD8D0000B5
:10E040002D8C0000D18F000000000000C58B000067
:10E05000F58F000085990000DD8D000000000000B4
:10E06000FD990000F5930000258D0000859A0100C0
:10E07000B79A0100AF9A0100000000000000000004
:10E08000718D0000DF9A010000000000C79A0100B6
:10E09000CD9B00009D9B000000000000A0E001005F
:10E0A000010000008CFB0100219D0000A19C0000EC
:10E0B000FF9B0100FB9B0100BCE001000100000090
:10E0C000A2FB0100C8E0010001000000B6FB010056
:10E0D0001F9C010000000000DCE0010001000000C6
:10E0E000CFFB0100FFFF00000003005008020020EA
:10E0F0000000000001000000FCE001000100000041
:10E10000E3FB0100FFFFFFFF0000005008020020BA
:10E1100000000000000000001CE101000100000000
:10E12000F6FB01000040004030E10100010000006A
:10E1300038E10100020000002600000C2400000B62
:10E1400044E101000100000003FC010057A00100B0
:10E1500099A40000D9A0010035A001009BA00100F6
:10E16000A5A4000089340000E9A4000023A0010058
:10E1700025A50000B5A400000FA0010009A0010022
:10E1800009A500000DA001000B001A0088E10100A4
:10E190000100000098E1010000000000B0D601007D
:10E1A00076000000A8E101007DA5010091A5010015
:10E1B000D5A50100B8E101000100000026FC010026
:10E1C000002000400100000000000000E0E101002C
:10E1D0000000D60100000000C74F0020C64F0020FD
:10E1E00000200040ECE1010001000000F4E101002A
:10E1F00002000000090000000A000001F0D5010043
:10E200000F00000008E201000100000059FC0100BD
:10E21000B5B10100A1CF000015F80000EDF200003B
:10E22000000000006C11004030110040001100405F
:10E230000100000044110040000000000000000048
:10E240000000000001090000000000000080004004
:10E250000000000028000000050000000000000091
:10E2600000000000008000400000000028000000C6
:10E270000500000000000000D1B60100DFB601007B
:10E28000F9EC0000CDEC00000BB701000FB7010066
:10E290009BB701006FB7010003BB010007BB010082
:10E2A0000DBB010009BB01000800000003000000D5
:10E2B000D0D40100D8D4010040D5010048D50100D8
:10E2C000A8D50100B0D501006AFC010001000500DD
:10E2D00094FC01000200070070FC0100040008002B
:10E2E00079FC0100080004007EFC01001000090018
:10E2F00088FC01002000080091FC010040000A0099
:10E300009CFC010080000600A3FC0100000100004D
:10E3100000000000FF8FFFFFFF8FFFFFFE8FFFFF5A
:10E32000FE8FFFFFFD8FFFFFFC8FFFFFFC8FFFFFC6
:10E330004661696C20746F20616371756972652034
:10E340006D757465780A00004661696C20746F20F1
:10E35000696E63726561736520504D20636F756EE1
:10E360007465720A000000006D757465785F6672EE
:10E3700065652063616C6C65642077697468204E04
:10E38000554C4C20706172616D65746572000000BF
:10E3900043616E277420696E697469616C697A657E
:10E3A000206D757465782C20776173204E554C4C28
:10E3B0000D0A0000466174616C206572726F720014
:10E3C000436F756C64206E6F74206C6F636B20708C
:10E3D0006F7765722073617665206D75746578005E
:10E3E000647261676F6F6E2F6C6962732F736368FD
:10E3F00065642F7372632F73636865645F68616C13
:10E400005F7274632E6300000904696E76616C6943
:10E4100064206E756D626572206F66207061726136
:10E420006D65746572733A2025640A0072656365D0
:10E43000697665643A20257320706F7765723A209B
:10E440002564206C71693A2025752074696D653AE0
:10E4500020256C6C750A00736C65657000446973E7
:10E4600061626C652074686520726164696F007216
:10E470006563656976650050757420726164696FC3
:10E4800020696E20726563656976652073746174B6
:10E49000650053657420726164696F206368616E02
:10E4A0006E656C006364635F61636D5F300063641D
:10E4B000635F61636D5F73657269616C006B657248
:10E4C0006E656C004B65726E656C20636F6D6D617F
:10E4D0006E6473006379636C65733A2025752068F8
:10E4E00077206379636C65730A006379636C657385
:10E4F000004B65726E656C206379636C65732E00EA
:10E50000556E61626C6520746F2070617273652056
:10E51000696E7075742028657272202564290A005E
:10E520006D7300557074696D653A20256C6C7520AB
:10E530006D730A002D70002D2D7072657474790052
:10E54000556E737570706F72746564206F70746946
:10E550006F6E3A2025730A00757074696D653A20F4
:10E56000256C6C7520646179732C20256C6C75208A
:10E57000686F7572732C20256C6C75206D696E75D3
:10E580007465732C20256C6C75207365636F6E64E5
:10E59000732C20256C6C75206D696C6C69736563D8
:10E5A0006F6E64730A00757074696D65004B6572F7
:10E5B0006E656C20757074696D652E2043616E20E8
:10E5C00062652063616C6C6564207769746820748F
:10E5D0006865202D70206F72202D2D707265747407
:10E5E00079206F7074696F6E7300342E342E300092
:10E5F0005A65706879722076657273696F6E20252E
:10E60000730A0076657273696F6E004B65726E6592
:10E610006C2076657273696F6E2E00746872656126
:10E6200064004B65726E656C20746872656164731A
:10E630002E005363686564756C65723A20257520F9
:10E6400073696E6365206C6173742063616C6C0A1E
:10E6500000546872656164733A0A004E4100257384
:10E66000257020252D3130730A00096F7074696F91
:10E670006E733A20307825782C207072696F726939
:10E6800074793A2025642074696D656F75743A2039
:10E69000256C6C640A000973746174653A202573F3
:10E6A0002C20656E7472793A2025700A00556E61CF
:10E6B000626C6520746F2064657465726D696E6547
:10E6C00020756E7573656420737461636B20736964
:10E6D0007A6520282564290A0A0009737461636B2E
:10E6E0002073697A6520257A752C20756E7573659F
:10E6F0006420257A752C20757361676520257A75ED
:10E70000202F20257A7520282575202525290A0AFD
:10E71000006C697374004C697374206B65726E656C
:10E720006C20746872656164732E002570204952F4
:10E73000512025303264202573287265616C207366
:10E74000697A652025347A75293A09756E7573657D
:10E75000642025347A750975736167652025347ADC
:10E7600075202F2025347A75202825327A752025AA
:10E7700025290A00257020252D3332732028726543
:10E78000616C2073697A652025347A75293A097598
:10E790006E757365642025347A75097573616765D4
:10E7A0002025347A75202F2025347A7520282532AB
:10E7B00075202525290A00737461636B73004C6909
:10E7C0007374207468726561647320737461636B21
:10E7D0002075736167652E00546872656164204915
:10E7E00044202570206973206E6F742076616C69F7
:10E7F000640A004572726F723A5368656C6C2074DB
:10E8000068726561642063616E6E6F74206265205A
:10E8100073757370656E6465640A0054687265612F
:10E82000642025702073757370656E6465640A00DA
:10E8300073757370656E64006B65726E656C2074C1
:10E8400068726561642073757370656E64203C74D2
:10E8500068726561645F69643E004572726F723A06
:10E860005368656C6C207468726561642063616EC6
:10E870006E6F7420626520726573756D65640A0041
:10E8800054687265616420257020726573756D65CA
:10E89000640A00726573756D65006B65726E656CF8
:10E8A0002074687265616420726573756D65203CC3
:10E8B0007468726561645F69643E004572726F726C
:10E8C0003A5368656C6C207468726561642063619A
:10E8D0006E6E6F74206265206B696C6C65640A00F3
:10E8E0000A20546872656164202570206B696C6C25
:10E8F00065640A006B696C6C006B65726E656C20F8
:10E90000746872656164206B696C6C203C74687219
:10E910006561645F69643E0044657669636520757E
:10E920006E6B6E6F776E20282573290A004465761A
:10E9300069636520257320697320616C7265616469
:10E940007920696E697469616C697A65640A00444A
:10E95000657669636520257320696E697469616CE9
:10E96000697A6174696F6E206661696C656420778D
:10E97000697468206572723D25640A004465766991
:10E98000636520257320696E697469616C697A65B5
:10E9900064207375636365737366756C6C790A00C4
:10E9A00052454144590044495341424C4544006456
:10E9B0006576696365733A0A005B25705D002D20FA
:10E9C00025730020204454206E6F6465206C6162C2
:10E9D000656C733A0044657669636520636F6D6D9D
:10E9E000616E647300696E6974004D616E75616C6F
:10E9F0006C7920696E697469616C697A652061203F
:10EA0000646576696365004C69737420636F6E6634
:10EA100069677572656420646576696365732C2027
:10EA20007769746820616E206F7074696F6E616CB5
:10EA30002066696C746572005B3C64657669636529
:10EA40002066696C7465723E5D00496E76616C6922
:10EA50006420686F75720A00496E76616C69642083
:10EA60006D696E7574650A00496E76616C69642023
:10EA70007365636F6E640A00496E76616C69642029
:10EA80006D6F6E74680A00496E76616C696420640B
:10EA900061790A004661696C656420746F20636166
:10EAA0006C63756C617465207365636F6E6473204D
:10EAB00073696E63652045706F63680A00436F7504
:10EAC0006C64206E6F7420736574206461746520BB
:10EAD00025640A0025642D253032752D25303275C8
:10EAE00020253032753A253032753A25303275207E
:10EAF0005554430A00646174650044617465206381
:10EB00006F6D6D616E6473005B592D6D2D645D20BA
:10EB10003C483A4D3A533E00676574005B6E6F6E39
:10EB2000655D005573696E67206461746120776963
:10EB30006474682025640A00496E636F72726563AD
:10EB40007420646174612077696474680A00526596
:10EB500061642076616C7565203078256C6C780A6C
:10EB60000057726974696E672076616C7565203034
:10EB700078256C6C780A00696E76616C6964206136
:10EB800064647220272573270A00696E76616C69B8
:10EB9000642073697A6520272573270A00696E76D9
:10EBA000616C696420776964746820272573270A7B
:10EBB00000613A733A773A00272D61203C61646422
:10EBC000726573733E27206973206D616E64617492
:10EBD0006F72790A00272D73203C73697A653E278E
:10EBE000206973206D616E6461746F72790A0049E7
:10EBF0006E636F72726563742064617461207769FB
:10EC00006474683A2025750A006465766D656D2028
:10EC10006C6F616420737570706F727473207365AC
:10EC20007474696E6720627970617373206F6E20EF
:10EC3000612073696E676C6520696E7374616E63C1
:10EC4000652E0A004C6F6164696E672E2E2E0A7065
:10EC500072657373206374726C2D78206374726CA8
:10EC60002D7120746F206573636170650A004E75A5
:10EC70006D626572206F66206279746573207265BB
:10EC800061643A2025640A002D2D002D6500556E23
:10EC90006B6E6F776E206F7074696F6E20222573B4
:10ECA000220A006465766D656D00526561642F7798
:10ECB0007269746520706879736963616C206D6531
:10ECC0006D6F72790A55736167653A0A52656164BE
:10ECD000206D656D6F727920617420616464726566
:10ECE00073732077697468206F7074696F6E616CDC
:10ECF0002077696474683A0A6465766D656D203CB6
:10ED0000616464726573733E205B3C776964746808
:10ED10003E5D0A5772697465206D656D6F7279206A
:10ED2000617420616464726573732077697468200C
:10ED30006D616E6461746F727920776964746820A4
:10ED4000616E642076616C75653A0A6465766D65FE
:10ED50006D203C616464726573733E203C77696426
:10ED600074683E203C76616C75653E0064756D701C
:10ED70000055736167653A0A6465766D656D206458
:10ED8000756D70202D61203C616464726573733E03
:10ED9000202D73203C73697A653E205B2D77203CE3
:10EDA00077696474683E5D0A006C6F616400557336
:10EDB0006167653A0A6465766D656D206C6F6164A4
:10EDC000205B6F7074696F6E735D205B6164647249
:10EDD0006573735D0A4F7074696F6E733A0A2D65BF
:10EDE000096C6974746C652D656E6469616E207060
:10EDF00061727365007368656C6C5F756172740035
:10EE0000537562636F6D6D616E64733A0A006E6F65
:10EE100074207465726D696E617465643A2025634F
:10EE20000A00506C6561736520737065636966796B
:10EE3000206120737562636F6D6D616E642E0A00D0
:10EE40004572726F723A207265717565737465648C
:10EE5000206D756C7469706C652066756E6374697D
:10EE60006F6E20657865637574696F6E730A003A1A
:10EE700020636F6D6D616E64206E6F7420666F75B8
:10EE80006E6400546F6F206D616E792061726775DA
:10EE90006D656E747320696E2074686520636F6D94
:10EEA0006D616E642E0A0025733A2077726F6E676B
:10EEB00020706172616D6574657220636F756E7428
:10EEC0000A005741524E494E473A2041207072691C
:10EED0006E74207265717565737420776173206438
:10EEE00065746563746564206F6E206E6F74206155
:10EEF0006374697665207368656C6C206261636B0E
:10EF0000656E642E0A000A2573257300506C6561D6
:10EF1000736520707265737320746865203C54615A
:10EF2000623E20627574746F6E20746F2073656525
:10EF300020616C6C20617661696C61626C65206334
:10EF40006F6D6D616E64732E0A00596F7520636179
:10EF50006E20616C736F2075736520746865203C4A
:10EF60005461623E20627574746F6E20746F2070FD
:10EF7000726F6D7074206F72206175746F2D636F86
:10EF80006D706C65746520616C6C20636F6D6D6174
:10EF90006E6473206F722069747320737562636F7F
:10EFA0006D6D616E64732E0A00596F752063616E1A
:10EFB0002074727920746F2063616C6C20636F6DB4
:10EFC0006D616E64732077697468203C2D683E2003
:10EFD0006F72203C2D2D68656C703E2070617261EF
:10EFE0006D6574657220666F72206D6F7265206941
:10EFF0006E666F726D6174696F6E2E0A000A5368D7
:10F00000656C6C20737570706F72747320666F6CB2
:10F010006C6F77696E67206D6574612D6B657973B0
:10F020003A0A20204374726C202B202861206B65E3
:10F03000792066726F6D3A206162636465666B6CFD
:10F040006E70747577290A2020416C7420202B2063
:10F050002861206B65792066726F6D3A206266299F
:10F060000A506C6561736520726566657220746F05
:10F07000207368656C6C20646F63756D656E746178
:10F0800074696F6E20666F72206D6F7265206465A3
:10F090007461696C732E0A000A417661696C616261
:10F0A0006C6520636F6D6D616E64733A0A00253084
:10F0B00038583A2000253032782000202020007C6B
:10F0C000007C0A005072696E747320746865206851
:10F0D000656C70206D6573736167652E001B5B2521
:10F0E0006425630055736167653A20257320002508
:10F0F00073252D2A730025733A20002D68002D2DCD
:10F1000068656C70004C6F7374206C6F67733A2085
:10F11000256C750A00416374697665207368656CB7
:10F120006C206261636B656E64733A0A002020256F
:10F1300032642E203A257320282573290A005B2586
:10F1400033645D2025730A006F66660020756E6B60
:10F150006E6F776E20706172616D657465723A20B2
:10F160000025733A257325730A004563686F207381
:10F1700074617475733A2025730A004E6F207265AE
:10F1800073706F6E73652066726F6D207468652092
:10F190007465726D696E616C2C20617373756D6539
:10F1A000642038307832342073637265656E207362
:10F1B000697A650A0072657476616C005072696ED6
:10F1C000742072657475726E2076616C7565206F3F
:10F1D00066206D6F737420726563656E7420636F53
:10F1E0006D6D616E6400726573697A6500436F6E60
:10F1F000736F6C652067657473207465726D696EDA
:10F20000616C2073637265656E2073697A65206F27
:10F210007220617373756D65732064656661756CCA
:10F220007420696E2063617365207468652072655F
:10F2300061646F7574206661696C732E2049742057
:10F240006D75737420626520657865637574656497
:10F250002061667465722065616368207465726DF3
:10F26000696E616C207769647468206368616E6799
:10F270006520746F20656E7375726520636F72729E
:10F28000656374207465787420646973706C617947
:10F290002E00686973746F727900436F6D6D616ED3
:10F2A0006420686973746F72792E007368656C6C82
:10F2B0000055736566756C2C206E6F7420556E69F1
:10F2C000782D6C696B65207368656C6C20636F6D5D
:10F2D0006D616E64732E00636C65617200436C65D2
:10F2E00061722073637265656E2E0072656D0049F0
:10F2F000676E6F7265206C696E6573206265676901
:10F300006E6E696E672077697468202772656D205C
:10F31000270064656661756C7400417373756D6573
:10F320002038302063686172732073637265656E84
:10F3300020776964746820616E642073656E642050
:10F34000746869732073657474696E6720746F20C4
:10F35000746865207465726D696E616C2E006261FF
:10F36000636B656E6473004C6973742061637469C8
:10F370007665207368656C6C206261636B656E6492
:10F38000732E0A006261636B73706163655F6D6FFA
:10F39000646500546F67676C65206261636B7370AE
:10F3A000616365206B6579206D6F64652E0A536F0C
:10F3B0006D65207465726D696E616C732061726534
:10F3C000206E6F742073656E64696E67207365705C
:10F3D00061726174652065736361706520636F6439
:10F3E0006520666F72206261636B73706163652074
:10F3F000616E642064656C65746520627574746FF9
:10F400006E2E205468697320636F6D6D616E642089
:10F41000666F72636573207368656C6C20746F200F
:10F42000696E746572707265742064656C6574656C
:10F43000206B6579206173206261636B7370616317
:10F44000652E00636F6C6F727300546F67676C6535
:10F4500020636F6C6F7265642073796E7461782EAF
:10F4600000767431303000546F67676C65207674B5
:10F4700031303020636F6D6D616E64732E00707279
:10F480006F6D707400546F67676C652070726F6D7C
:10F4900070742E006563686F00546F67676C652039
:10F4A0007368656C6C206563686F2E00737461749B
:10F4B00073005368656C6C2073746174697374694C
:10F4C00063732E006261636B7370616365005365E3
:10F4D0007420646966666572656E74206573636125
:10F4E000706520636F646520666F72206261636B74
:10F4F000737061636520616E642064656C6574651A
:10F50000206B65792E0064656C65746500536574C5
:10F51000207468652073616D652065736361706533
:10F5200020636F646520666F72206261636B737025
:10F5300061636520616E642064656C657465206B31
:10F5400065792E0072657365740052657365742069
:10F550007368656C6C207374617469737469637328
:10F5600020666F7220746865204C6F676765722033
:10F570006D6F64756C652E0073686F7700476574F6
:10F58000207368656C6C207374617469737469634B
:10F590007320666F7220746865204C6F67676572B0
:10F5A000206D6F64756C652E0044697361626C65D3
:10F5B000207368656C6C206563686F2E20456469F4
:10F5C00074696E67206B65797320616E64206D6568
:10F5D00074612D6B65797320617265206E6F742084
:10F5E00068616E646C656400456E61626C65207371
:10F5F00068656C6C206563686F2E00446973616296
:10F600006C652070726F6D70742E00456E61626C57
:10F61000652070726F6D70742E0044697361626C46
:10F620006520767431303020636F6D6D616E647368
:10F630002E00456E61626C65207674313030206337
:10F640006F6D6D616E64732E0044697361626C65E9
:10F6500020636F6C6F7265642073796E7461782EAD
:10F6600000456E61626C6520636F6C6F726564202B
:10F6700073796E7461782E00436F6D6D616E6420D6
:10F6800062756666657220697320746F6F20736897
:10F690006F727420746F20657870616E6420616C85
:10F6A0006C20636F6D6D616E6473206D617463684F
:10F6B000696E672077696C6463617264207061743D
:10F6C0007465726E3A2025730A006D757465785FF3
:10F6D000696E69742063616C6C6564207769746815
:10F6E000204E554C4C20706172616D6574657200DE
:10F6F000436F756C64206E6F7420616C6C6F636116
:10F700007465206D75746578206265666F7265201A
:10F71000696E697469616C697A696E670072302F0D
:10F7200061313A2020307825303878202072312F0E
:10F7300061323A2020307825303878202072322FFC
:10F7400061333A20203078253038780A0072332F20
:10F7500061343A2020307825303878207231322FC9
:10F7600069703A2020307825303878207231342F73
:10F770006C723A20203078253038780A0020787072
:10F7800073723A20203078253038780A0046617547
:10F790006C74696E6720696E737472756374696FD7
:10F7A0006E206164647265737320287231352F7026
:10F7B00063293A203078253038780A00556E686120
:10F7C0006E646C6564204952516E3A2025640A00CB
:10F7D0002A2A2A2A2A204D5055204641554C542089
:10F7E0002A2A2A2A2A0A002020537461636B696E30
:10F7F00067206572726F722028636F6E746578740B
:10F800002061726561206D69676874206265206E91
:10F810006F742076616C6964290A002020556E732C
:10F820007461636B696E67206572726F720A002083
:10F830002044617461204163636573732056696F6E
:10F840006C6174696F6E0A0020204D4D4641522054
:10F85000416464726573733A20307825780A002019
:10F8600020496E737472756374696F6E20416363AF
:10F870006573732056696F6C6174696F6E0A00203E
:10F8800020466C6F6174696E672D706F696E7420AD
:10F890006C617A7920737461746520707265736528
:10F8A00072766174696F6E206572726F720A002AD7
:10F8B0002A2A2A2A205553414745204641554C546F
:10F8C000202A2A2A2A2A0A00202044697669736994
:10F8D0006F6E206279207A65726F0A002020556E63
:10F8E000616C69676E6564206D656D6F727920610A
:10F8F00063636573730A0020204E6F20636F70721C
:10F900006F636573736F7220696E7374727563745D
:10F91000696F6E730A002020496C6C6567616C200A
:10F920006C6F6164206F66204558435F52455455A3
:10F93000524E20696E746F2050430A002020496C9B
:10F940006C6567616C20757365206F6620746865EF
:10F9500020455053520A002020417474656D707424
:10F9600020746F206578656375746520756E6465B5
:10F9700066696E656420696E737472756374696F0D
:10F980006E0A002A2A2A2A2A204255532046415527
:10F990004C54202A2A2A2A2A0A0020205374616300
:10F9A0006B696E67206572726F720A002020507258
:10F9B0006563697365206461746120627573206595
:10F9C00072726F720A0020204246415220416464E4
:10F9D000726573733A20307825780A002020496DCB
:10F9E0007072656369736520646174612062757308
:10F9F000206572726F720A002020496E73747275EE
:10FA00006374696F6E20627573206572726F720A1B
:10FA1000005265736572766564204578636570741D
:10FA2000696F6E20280053707572696F7573206955
:10FA30006E7465727275707420284952512000539B
:10FA40005053454C20696E20746872656164206D66
:10FA50006F646520646F6573206E6F7420696E64D7
:10FA60006963617465205053500A002A2A2A2A2AA1
:10FA70002048415244204641554C54202A2A2A2AE3
:10FA80002A0A002020427573206661756C74206F0D
:10FA90006E20766563746F72207461626C6520728B
:10FAA0006561640A0020204465627567206576659B
:10FAB0006E740A0020204661756C74206573636162
:10FAC0006C6174696F6E20287365652062656C6F68
:10FAD00077290A00415243485F4558434550542016
:10FAE0007769746820726561736F6E2025780A0AE1
:10FAF000002A2A2A2A2A204465627567206D6F6EC3
:10FB000069746F7220657863657074696F6E202AFE
:10FB10002A2A2A2A0A002A2A2A2A2A202573202564
:10FB20006429202A2A2A2A2A0A00464C4153485F7F
:10FB300030005352414D5F300061626F727428296A
:10FB40000A007573626400626F6172645F6364636C
:10FB50005F61636D5F75617274007564635F6E727F
:10FB6000667800757362644034303032373030303C
:10FB7000007A65706879725F7564633000636C6FDA
:10FB8000636B40343030303030303000636C6F6342
:10FB90006B0072616E646F6D4034303030643030B1
:10FBA0003000726E670063727970746F4035303068
:10FBB00032613030300063727970746F63656C6CE1
:10FBC000006770696F403530303030333030006757
:10FBD00070696F31006770696F4035303030303098
:10FBE0003030006770696F30006932634034303004
:10FBF00030343030300069326331006E7266355F08
:10FC00007278006965656538303231353400626D6F
:10FC100065323830403736007561727440343030A8
:10FC20003032303030007561727430004D50534CBA
:10FC3000204153534552543A2025732C2025640A01
:10FC4000004D50534C20576F726B0074656D7040BF
:10FC500034303030633030300074656D700069646A
:10FC60006C65006D61696E002B0064756D6D7900C7
:10FC7000736C656570696E670064656164007375B7
:10FC80007370656E6465640061626F7274696E673B
:10FC90000073757370656E64696E67007175657564
:10FCA000656400737973776F726B7100286E756C81
:10FCB0006C29002A666C6F61742A00465320436FDA
:10FCC0006E66696775726174696F6E006E52462068
:10FCD00038303231353420536E6966666572004EB5
:10FCE0006F726469632053656D69636F6E647563D9
:10FCF000746F722041534100202D20002020001BF2
:10FD00005B366E0030313233343536373839414264
:10FD100043444546000001020304050607000000B5
:10FD2000000000000000010000000000000000FFD3
:10FD3000FFFFFFFFFFFF02FFFFFF08002030303012
:10FD400030303030303030303030300001000000A2
:10FD5000A8010000FF00000078280000010000005A
:10FD600000000000B13700000000000000010000AA
:10FD70000000000000000000000000000000000083
:10FD80000000000000000000000000000000000073
:10FD90000000000079850000000000000001000064
:10FDA0000000000000000000000000000000000053
:10FDB0000000000000000000000000000000000043
:10FDC00010D6010000C20100000008000000000081
:10FDD0000000000000000000000000000000000023
:10FDE0000000000000000000000000000000000013
:10FDF00000000000AC02002000000000980200207B
:10FE000000000000000000000000000000000000F2
:10FE100000000000000000000000000000000000E2
:10FE200000000000000000000000000000000000D2
:10FE300000000000000000000000000000000000C2
:10FE4000000000000000000000000000FC00002096
:10FE5000FC00002000000000010000000C01002058
:10FE60000C01002000000000C5610100010000003D
:10FE70000100000000000000000000000000000081
:10FE800010E7010001000000010000000000000078
:10FE9000F0040020500100200000000000000000DD
:10FEA000000000000000000000040100000000004D
:10FEB000BBFC010022030000000000000000000065
:10FEC0000003030000000000000000000003000029
:10FED000000000000000000000020100000000001F
:10FEE000CCFC010026030000000000000000000020
:10FEF0000001010000000000DFFC010032030000EF
:10FF000000000000000000000000000000000000F1
:10FF100008E40100040300000000000001000000EC
:10FF200054070020D4010020D4010020000000006C
:10FF300074DC0100181D0020900700203A0000002A
:10FF4000A40700203A000000680700203A000000E3
:10FF5000B80700203A0000000060004000000000E8
:10FF60000000000000000000000000000000000091
:10FF70000000000000000000000000000000000081
:10FF80000000000000000000000000000000000071
:10FF90000000000000000000000000000000000061
:10FFA0000000000000000000000000000000000051
:10FFB0000000000000000000000000000000000041
:10FFC0000000000000000000000000000000000031
:10FFD0000000000000000000000000000000000021
:10FFE0000000000000000000B8D900200000000060
:10FFF000000000000000000000040000B8DD002048
:020000022000DC
:1000000000000000000000000000000000040000EC
:10001000A4E4010000000000000300200000000034
:1000200010D601000B050020130500201C05002040
:1000300021050020260500202A0500202F0500208C
:10004000360500203F050020460500204D05002014
:1000500000000000B18701006D860000CD86000021
:100060003D8B0100778801007D89010000000000C0
:10007000258E010065890100FF8801000000000055
:10008000B387010000000000000000000000000035
:100090000000000000000000000000000000000060
:1000A0000000000000000000000000000000000050
:1000B0000000000000000000000000000000000040
:1000C0000000000000000000000000000000000030
:1000D0000000000000000000000000000000000020
:1000E0000000000000000000000000000000000010
:1000F0000000000000000000000000000000000000
:100100000000000000000000B8030020B803002039
:1001100000000000000000000E00000000000000D1
:1001200000000000000000000000000000000000CF
:1001300000000000000000000000000000000000BF
:1001400000009801000001013B9D0100100000002B
:1001500079A4000024E10100B64F0020FFFF000059
:100160000000000000000000280400200000000043
:10017000000000000000000000000000000000007F
:10018000C84F0020200000000000000078E20100BD
:1001900098E20100D20000000090D003FF000000B0
:1001A0009002000054040020540400206407000062
:1001B0000000000001380100BC040020B40400204D
:1001C000AC04002000000000A4040020593D010000
:1001D000A53C0100D93C0100213D01009404002010
:1001E0009C040020804C00203A00003A844C0020FF
:1001F0003A00003A884C00203A00003A8C4C00202B
:100200003A00003A904C00203A00003A944C00200A
:100210003A00003A35030000CB0000005100000016
:10022000AC4C00208C04002090040020E40400204A
:1002300078040020700400206C0400206804002072
:1002400009020000000100807D12010002EF02019E
:100250004015194B15040400000000080B000202B1
:100260000200000904000001020200000524001041
:1002700001052401000104240202052406000107EF
:1002800005810310000A09040100020A00000007AA
:100290000582024000000705010240000000001432
:0102A000025B
:1002A40071C20100CBBB010000000000777801009F
:1002B40070D6010085A701000000000077780100D6
:1002C400484800208D0A01000000000077780100F2
:1002D400080200200F9D0100000000007778010053
:1002E400000000007778010000000000777801002A
:1002F400000000007778010000000000777801001A
:100304000000000077780100DC470020F5A0000021
:1003140000000000777801000000000077780100F9
:1003240000000000777801000000000065AF0000C5
:1003340000000000777801000000000077780100D9
:1003440000000000777801000000000077780100C9
:1003540000000000777801000000000077780100B9
:1003640000000000777801000000000001B20000E6
:100374000000000077780100000000007778010099
:100384000000000077780100000000007778010089
:100394000000000077780100000000007778010079
:1003A4000000000077780100000000007778010069
:1003B4000000000077780100000000007778010059
:1003C4000000000077780100000000007778010049
:1003D400000000007778010005950000CBBB010008
:1003E4000000000077780100000000007778010029
:1003F4000000000077780100000000007778010019
:100404000000000077780100000000007778010008
:1004140000000000777801000000000077780100F8
:1004240000000000000000000000000000000000C8
:080434000000000000000000C0
:10043C00EC060020EC06002038D200200000000062
:10044C00040000005000000000000000080700201D
:10045C0008070020F8D00020000000000400000075
:10046C00500000000000000024070020240700209A
:10047C00F8BC002000000000080000001000000084
:04048C00000000006C
:100490000000000078D300200004000000000000ED
:1004A000000000000000000080BA002000020000F0
:0804B000000000000000000044
:1004B8006807002068070020000000000000000016
:1004C8000E0000007C0700207C07002000000000D0
:1004D800000000000E000000900700209007002098
:1004E80000000000000000000E000000A40700202B
:1004F800A407002000000000000000000E0000001B
:10050800B8070020B8070020000000000000000025
:040518000E000000D1
:10051C00CC070020CC0700200C0000000A000000D3
:10052C0080BC0020F8BC002080BC002080BC0020D7
:10053C0000000000F0070020F00700200000000081
:10054C00FC070020FC070020010000000100000057
:08055C000C0800200C0800202F
:0C05640014080020140800200000000013
:080570002008002020080020F3
:1005780000000000000000003008002030080020C3
:10058800380800203808002010001000040000007F
:100598000000000000E0010038CF0020000000004B
:1005A800000000005C0800205C08002064080020AF
:1005B8006408002010001000040000000000000083
:1005C800ECDF010078C500200000000000000000FA
:1005D8008808002088080020900800209008002043
:1005E800100010000A0000005592010014E00100FC
:0405F80078D7002090
:1005FC00AEE401000000000000000000000000005C
:10060C00000000000000000090D601000000000077
:10061C0000000000000000000000000000000000CE
:10062C0000000000000000000000000000000000BE
:10063C0000000000000000000000000000000000AE
:10064C00000000000000000000000000000000009E
:10065C00000000000000000000000000000000008E
:0C066C00F9040020000000000000000065
:1006780000000000C0020020000000000000000090
:0806880000000000000000006A
:0406900015E015E07C
:0400000300006AB1DE
:00000001FF
